timestamp,ontario_demand_mw,renewables_mw,battery_mw,nuclear_mw,hydro_mw,biofuel_mw,gas_mw
2025-04-08 08:00:00,17618,3735.991423950207,-0.0,6764.008576049793,6687.0,0.0,431.0
2025-04-08 09:00:00,16940,3627.8230550166018,0.0,6449.176944983399,6621.0,0.0,242.0
2025-04-08 10:00:00,16612,3395.3648932455167,0.0,6467.635106754484,6578.0,0.0,171.0
2025-04-08 11:00:00,16377,2001.339172975961,0.0,7801.6608270240395,6569.0,0.0,5.0
2025-04-08 12:00:00,16194,1993.7144357995217,0.0,7611.285564200478,6584.0,0.0,5.0
2025-04-08 13:00:00,16134,2804.1451316013445,0.0,6556.8548683986555,6767.0,0.0,6.0
2025-04-08 14:00:00,16210,2581.0833276185176,0.0,6855.9166723814815,6767.0,0.0,6.0
2025-04-08 15:00:00,16607,2431.34830136486,0.0,7425.65169863514,6745.0,0.0,5.0
2025-04-08 16:00:00,17210,1918.4013583550036,0.0,8171.598641644996,7115.0,0.0,5.0
2025-04-08 17:00:00,17445,1947.5216987808549,0.0,8667.478301219146,6825.0,0.0,5.0
2025-04-08 18:00:00,17923,1882.78600562214,87.21399437786022,9092.0,6856.0,0.0,5.0
2025-04-08 19:00:00,18478,1387.0674226670676,1108.793486422049,9046.139090910883,6931.0,0.0,5.0
2025-04-08 20:00:00,18087,1039.7249417978585,1129.0,8872.275058202142,7041.0,0.0,5.0
2025-04-08 21:00:00,17020,1003.977978177347,0.0,8872.022021822653,7139.0,0.0,5.0
2025-04-08 22:00:00,16118,747.7486955305592,0.0,8226.25130446944,7139.0,0.0,5.0
2025-04-08 23:00:00,15524,525.7918856482911,0.0,7854.208114351709,7139.0,0.0,5.0
2025-04-09 00:00:00,15095,-0.0,0.0,7924.0,7166.0,0.0,5.0
2025-04-09 01:00:00,14962,-0.0,0.0,7791.0,7166.0,0.0,5.0
2025-04-09 02:00:00,14854,-0.0,0.0,7683.0,7166.0,0.0,5.0
2025-04-09 03:00:00,14957,331.49837881609733,0.0,7454.501621183903,7166.0,0.0,5.0
2025-04-09 04:00:00,15588,340.1249482683482,0.0,8076.875051731652,7166.0,0.0,5.0
2025-04-09 05:00:00,16823,313.1290058781633,245.8709941218367,9092.0,7166.0,0.0,6.0
2025-04-09 06:00:00,17827,313.6485372319385,1129.0,9092.0,7108.0,0.0,184.35146276806336
2025-04-09 07:00:00,17742,340.18994590520435,1129.0,9092.0,6999.0,0.0,181.81005409479621
2025-04-09 08:00:00,16979,509.3739515886028,385.62604841139546,9092.0,6986.0,0.0,6.0
2025-04-09 09:00:00,16549,737.3906640849439,0.0,8813.609335915056,6992.0,0.0,6.0
2025-04-09 10:00:00,16346,987.4402609332274,0.0,8418.559739066772,6935.0,0.0,5.0
2025-04-09 11:00:00,16071,1095.5023803084546,0.0,8004.497619691545,6966.0,0.0,5.0
2025-04-09 12:00:00,15883,90.40787733017169,0.0,8819.592122669828,6968.0,0.0,5.0
2025-04-09 13:00:00,15637,145.96653200559876,0.0,8467.0334679944,7019.0,0.0,5.0
2025-04-09 14:00:00,15730,1216.5584778453504,0.0,7431.44152215465,7076.0,0.0,6.0
2025-04-09 15:00:00,16248,1081.6678398108684,0.0,8117.332160189131,7043.0,0.0,6.0
2025-04-09 16:00:00,16653,802.8771902313918,0.0,8729.122809768607,7116.0,0.0,5.0
2025-04-09 17:00:00,16753,510.0154803540343,13.98451964596461,9092.0,7132.0,0.0,5.0
2025-04-09 18:00:00,17096,449.0218111034073,541.9646389711387,8967.013549925454,7132.0,0.0,6.0
2025-04-09 19:00:00,17515,493.9000291240182,1129.0,8754.099970875981,7132.0,0.0,6.0
2025-04-09 20:00:00,17022,655.2428045633346,78.75719543666492,9092.0,7190.0,0.0,6.0
2025-04-09 21:00:00,16422,700.2711416316558,0.0,8525.728858368344,7190.0,0.0,6.0
2025-04-09 22:00:00,15516,684.3017041181727,0.0,7635.698295881827,7190.0,0.0,6.0
2025-04-09 23:00:00,14843,666.3374525831534,0.0,6981.662547416847,7190.0,0.0,5.0
2025-04-10 00:00:00,14463,844.9911736447367,0.0,6423.008826355263,7190.0,0.0,5.0
2025-04-10 01:00:00,14299,-0.0,0.0,7104.0,7190.0,0.0,5.0
2025-04-10 02:00:00,14221,47.80939160276762,0.0,6978.190608397233,7190.0,0.0,5.0
2025-04-10 03:00:00,14379,300.65210478473364,0.0,6883.347895215266,7190.0,0.0,5.0
2025-04-10 04:00:00,15002,463.28692291221546,0.0,7400.713077087785,7132.0,0.0,6.0
2025-04-10 05:00:00,16123,1746.2961594489905,0.0,7238.70384055101,7132.0,0.0,6.0
2025-04-10 06:00:00,17118,1915.1807375082467,0.0,8064.819262491754,7132.0,0.0,6.0
2025-04-10 07:00:00,17200,2050.652207430944,0.0,8084.347792569057,7059.0,0.0,6.0
2025-04-10 08:00:00,16953,2091.390394688373,0.0,7883.609605311627,6972.0,0.0,6.0
2025-04-10 09:00:00,16770,2112.4901384013165,0.0,7664.509861598683,6987.0,0.0,6.0
2025-04-10 10:00:00,16689,1993.727458531368,0.0,7580.272541468632,7109.0,0.0,6.0
2025-04-10 11:00:00,16626,1935.901929204865,0.0,7575.098070795135,7109.0,0.0,6.0
2025-04-10 12:00:00,16663,1639.104810861009,0.0,7908.895189138992,7109.0,0.0,6.0
2025-04-10 13:00:00,16676,1309.8382073552789,0.0,8251.161792644722,7109.0,0.0,6.0
2025-04-10 14:00:00,16935,1166.6923911254548,0.0,8711.307608874546,7052.0,0.0,5.0
2025-04-10 15:00:00,17452,1131.6384540711606,158.36154592884122,9092.0,7065.0,0.0,5.0
2025-04-10 16:00:00,17703,1057.646935045,685.5877427349129,8816.765322220086,7138.0,0.0,5.0
2025-04-10 17:00:00,17773,1207.5788988615366,1129.0,8293.421101138463,7138.0,0.0,5.0
2025-04-10 18:00:00,17985,1212.4038291197585,1129.0,8500.596170880242,7138.0,0.0,5.0
2025-04-10 19:00:00,18157,1177.1014020722962,1129.0,8706.898597927704,7138.0,0.0,6.0
2025-04-10 20:00:00,17588,1181.6955146676328,53.30448533236631,9092.0,7255.0,0.0,6.0
2025-04-10 21:00:00,16655,1103.0555343228193,0.0,8291.944465677181,7255.0,0.0,5.0
2025-04-10 22:00:00,15685,1092.490597241822,0.0,7332.509402758178,7255.0,0.0,5.0
2025-04-10 23:00:00,15091,925.1475681686354,0.0,6905.852431831365,7255.0,0.0,5.0
2025-04-11 00:00:00,14639,-0.0,0.0,7380.0,7255.0,0.0,4.0
2025-04-11 01:00:00,14500,-0.0,0.0,7240.0,7255.0,0.0,5.0
2025-04-11 02:00:00,14460,-0.0,0.0,7200.0,7255.0,0.0,5.0
2025-04-11 03:00:00,14367,0.0,0.0,7108.0,7255.0,0.0,4.0
2025-04-11 04:00:00,14887,23.631616866887157,0.0,7604.368383133113,7255.0,0.0,4.0
2025-04-11 05:00:00,15992,875.2832415183651,0.0,7857.716758481635,7255.0,0.0,4.0
2025-04-11 06:00:00,17268,880.630643177376,643.7274864357001,8484.641870386924,7255.0,0.0,4.0
2025-04-11 07:00:00,17622,820.0125327377069,1129.0,8486.987467262294,7182.0,0.0,4.0
2025-04-11 08:00:00,17482,836.7402880842319,1129.0,8330.259711915769,7182.0,0.0,4.0
2025-04-11 09:00:00,16992,964.4737124395792,253.52628756042031,9092.0,6678.0,0.0,4.0
2025-04-11 10:00:00,16602,1211.9324788428005,0.0,8147.0675211572,7239.0,0.0,4.0
2025-04-11 11:00:00,16616,1370.027288700951,0.0,8081.9727112990495,7160.0,0.0,4.0
2025-04-11 12:00:00,16593,1409.2110012729352,0.0,7923.788998727065,7256.0,0.0,4.0
2025-04-11 13:00:00,16478,1730.985455112798,0.0,7487.014544887203,7256.0,0.0,4.0
2025-04-11 14:00:00,16402,1879.791748585966,0.0,7262.208251414035,7256.0,0.0,4.0
2025-04-11 15:00:00,16569,2008.9172405470747,0.0,7300.0827594529255,7256.0,0.0,4.0
2025-04-11 16:00:00,16740,1870.977933733909,0.0,7609.02206626609,7256.0,0.0,4.0
2025-04-11 17:00:00,16885,1585.6415457345736,0.0,8039.358454265426,7256.0,0.0,4.0
2025-04-11 18:00:00,17244,1325.0930226740625,0.0,8657.906977325938,7256.0,0.0,5.0
2025-04-11 19:00:00,17599,1058.611433468937,1129.0,8150.388566531063,7256.0,0.0,5.0
2025-04-11 20:00:00,17023,934.507375753535,0.0,8638.492624246464,7445.0,0.0,5.0
2025-04-11 21:00:00,16259,761.1742420357572,0.0,8047.825757964243,7445.0,0.0,5.0
2025-04-11 22:00:00,15450,583.4980584794386,0.0,7417.501941520562,7445.0,0.0,4.0
2025-04-11 23:00:00,14695,449.26457963043714,0.0,6796.735420369563,7445.0,0.0,4.0
2025-04-12 00:00:00,14217,434.0912202951319,0.0,6333.908779704868,7445.0,0.0,4.0
2025-04-12 01:00:00,13919,-0.0,0.0,6470.0,7445.0,0.0,4.0
2025-04-12 02:00:00,13698,-0.0,0.0,6248.0,7445.0,0.0,5.0
2025-04-12 03:00:00,13746,-0.0,0.0,6296.0,7445.0,0.0,5.0
2025-04-12 04:00:00,14052,-0.0,0.0,6602.0,7445.0,0.0,5.0
2025-04-12 05:00:00,14491,455.5469672832309,0.0,6585.4530327167695,7445.0,0.0,5.0
2025-04-12 06:00:00,15019,480.1412715115685,0.0,7089.858728488432,7445.0,0.0,4.0
2025-04-12 07:00:00,15618,364.939050854426,0.0,7804.060949145574,7445.0,0.0,4.0
2025-04-12 08:00:00,16031,281.6190517782335,1129.0,7170.380948221766,7445.0,0.0,5.0
2025-04-12 09:00:00,15805,339.57566847482667,247.1316143013706,7768.292717223802,7445.0,0.0,5.0
2025-04-12 10:00:00,15581,424.58347226457056,0.0,7895.41652773543,7257.0,0.0,4.0
2025-04-12 11:00:00,15194,565.8412257670147,0.0,7521.158774232985,7103.0,0.0,4.0
2025-04-12 12:00:00,14774,738.8320952805846,0.0,6769.167904719416,7261.0,0.0,5.0
2025-04-12 13:00:00,14267,-0.0,0.0,6846.0,7416.0,0.0,5.0
2025-04-12 14:00:00,14158,-0.0,0.0,6737.0,7416.0,0.0,5.0
2025-04-12 15:00:00,14313,-0.0,0.0,6892.0,7416.0,0.0,5.0
2025-04-12 16:00:00,14823,866.9014661068765,0.0,6653.098533893123,7298.0,0.0,5.0
2025-04-12 17:00:00,15340,661.0025991027584,0.0,7374.997400897241,7298.0,0.0,6.0
2025-04-12 18:00:00,15798,401.16129542525175,159.14888111500335,7909.689823459746,7323.0,0.0,5.0
2025-04-12 19:00:00,15915,365.7379327580595,1129.0,7092.26206724194,7323.0,0.0,5.0
2025-04-12 20:00:00,15860,395.8290412921097,1129.0,7007.170958707891,7323.0,0.0,5.0
2025-04-12 21:00:00,15287,392.0904079283284,0.0,7565.909592071672,7323.0,0.0,6.0
2025-04-12 22:00:00,14618,366.27244130233896,0.0,6922.727558697661,7323.0,0.0,6.0
2025-04-12 23:00:00,13879,353.34356348701453,0.0,6197.656436512985,7323.0,0.0,5.0
2025-04-13 00:00:00,13453,327.0550248693041,0.0,5797.944975130696,7323.0,0.0,5.0
2025-04-13 01:00:00,13249,324.727753041779,0.0,5596.272246958221,7323.0,0.0,5.0
2025-04-13 02:00:00,13239,391.491210194485,0.0,5518.508789805515,7323.0,0.0,6.0
2025-04-13 03:00:00,13235,420.08824720532175,0.0,5485.911752794678,7323.0,0.0,6.0
2025-04-13 04:00:00,13426,600.735228126963,0.0,5496.264771873037,7323.0,0.0,6.0
2025-04-13 05:00:00,13873,700.6633942888582,0.0,5843.336605711142,7323.0,0.0,6.0
2025-04-13 06:00:00,14220,597.7459247801115,0.0,6294.254075219888,7323.0,0.0,5.0
2025-04-13 07:00:00,14332,602.2937383144624,0.0,6401.706261685537,7323.0,0.0,5.0
2025-04-13 08:00:00,14089,505.4885993646027,0.0,6255.511400635397,7323.0,0.0,5.0
2025-04-13 09:00:00,13715,582.7599610925118,0.0,5804.240038907488,7323.0,0.0,5.0
2025-04-13 10:00:00,13508,753.9908756882335,0.0,5426.009124311767,7323.0,0.0,5.0
2025-04-13 11:00:00,13492,824.9088764524956,0.0,5339.091123547504,7323.0,0.0,5.0
2025-04-13 12:00:00,13366,873.798989016411,0.0,5163.201010983588,7323.0,0.0,6.0
2025-04-13 13:00:00,13193,-0.0,0.0,5771.0,7416.0,0.0,6.0
2025-04-13 14:00:00,13289,80.57750134488379,0.0,5787.422498655116,7416.0,0.0,5.0
2025-04-13 15:00:00,13736,1209.8115556166267,0.0,5105.188444383373,7416.0,0.0,5.0
2025-04-13 16:00:00,14504,1311.242708985575,0.0,5771.7572910144245,7416.0,0.0,5.0
2025-04-13 17:00:00,15143,1126.6614138617986,0.0,6595.338586138201,7416.0,0.0,5.0
2025-04-13 18:00:00,15527,1138.8994555445197,820.2690015069089,6145.83154294857,7416.0,0.0,6.0
2025-04-13 19:00:00,16034,1317.674112512385,1129.0,6165.325887487616,7416.0,0.0,6.0
2025-04-13 20:00:00,15448,1657.8707202228436,0.0,6369.129279777157,7416.0,0.0,5.0
2025-04-13 21:00:00,14746,1558.9660333507995,0.0,6394.0339666492,6788.0,0.0,5.0
2025-04-13 22:00:00,14112,1500.0235030055487,0.0,5190.976496994452,7416.0,0.0,5.0
2025-04-13 23:00:00,13404,1602.2575104930977,0.0,4380.742489506902,7416.0,0.0,5.0
2025-04-14 00:00:00,12891,939.5979476695576,0.0,4530.4020523304425,7416.0,0.0,5.0
2025-04-14 01:00:00,12642,1464.9603574372911,0.0,3778.0396425627087,7394.0,0.0,5.0
2025-04-14 02:00:00,12740,1312.0567091379255,0.0,4005.9432908620743,7416.0,0.0,6.0
2025-04-14 03:00:00,13011,1208.6860293975433,0.0,4380.313970602457,7416.0,0.0,6.0
2025-04-14 04:00:00,13621,2347.4202831883076,0.0,3873.5797168116915,7395.0,0.0,5.0
2025-04-14 05:00:00,14805,2501.2933864091247,0.0,4963.706613590875,7335.0,0.0,5.0
2025-04-14 06:00:00,15939,2490.5033651812123,1129.0,4979.496634818788,7335.0,0.0,5.0
2025-04-14 07:00:00,16023,2641.1005094667826,1129.0,4924.899490533218,7323.0,0.0,5.0
2025-04-14 08:00:00,15721,2552.2965971182125,1129.0,4800.703402881787,7234.0,0.0,5.0
2025-04-14 09:00:00,15227,2606.3548210916465,0.0,5523.645178908353,7092.0,0.0,5.0
2025-04-14 10:00:00,14906,2454.666232952174,0.0,5134.333767047825,7311.0,0.0,6.0
2025-04-14 11:00:00,15077,2163.825749973905,677.3999999999994,4918.774250026096,7311.0,0.0,6.0
2025-04-14 12:00:00,14873,2469.5189819936086,0.0,5102.4810180063905,7295.0,0.0,6.0
2025-04-14 13:00:00,14842,2994.242696583377,0.0,4561.7573034166235,7280.0,0.0,6.0
2025-04-14 14:00:00,14970,2964.406816542665,0.0,4632.593183457335,7367.0,0.0,6.0
2025-04-14 15:00:00,15332,3432.7261884657582,0.0,4510.273811534242,7383.0,0.0,6.0
2025-04-14 16:00:00,15555,3632.0895894225305,0.0,4533.9104105774695,7383.0,0.0,6.0
2025-04-14 17:00:00,15731,3554.968260065418,0.0,4788.031739934582,7383.0,0.0,5.0
2025-04-14 18:00:00,15979,3808.524662052263,0.0,4782.475337947737,7383.0,0.0,5.0
2025-04-14 19:00:00,16376,3775.5270071936848,0.0,5349.472992806315,7246.0,0.0,5.0
2025-04-14 20:00:00,16097,3579.47764935037,0.0,5607.5223506496295,6905.0,0.0,5.0
2025-04-14 21:00:00,15072,3236.840084235619,0.0,5212.159915764381,6618.0,0.0,5.0
2025-04-14 22:00:00,14204,2895.419968100661,0.0,4057.580031899339,7246.0,0.0,5.0
2025-04-14 23:00:00,13445,2852.9466903446846,0.0,3340.0533096553154,7246.0,0.0,6.0
2025-04-15 00:00:00,13086,1869.8477335575856,0.0,3827.152266442414,7383.0,0.0,6.0
2025-04-15 01:00:00,12797,1941.0741838048352,0.0,3466.9258161951648,7383.0,0.0,6.0
2025-04-15 02:00:00,12736,1965.8637446244104,0.0,3381.13625537559,7383.0,0.0,6.0
2025-04-15 03:00:00,12955,2943.5883717956576,0.0,2623.4116282043433,7383.0,0.0,5.0
2025-04-15 04:00:00,13417,3036.7176365013433,0.0,2992.282363498656,7383.0,0.0,5.0
2025-04-15 05:00:00,14511,3060.581437637115,0.0,4062.4185623628855,7383.0,0.0,5.0
2025-04-15 06:00:00,15641,3066.528270329487,1129.0,4087.471729670513,7353.0,0.0,5.0
2025-04-15 07:00:00,15842,3422.477622824361,0.0,5167.522377175639,7247.0,0.0,5.0
2025-04-15 08:00:00,15641,3824.475325091461,-0.0,4449.524674908538,7363.0,0.0,4.0
2025-04-15 09:00:00,15721,4002.009104039304,0.0,4351.990895960696,7363.0,0.0,4.0
2025-04-15 10:00:00,15651,3964.7391865525433,0.0,4350.260813447458,7332.0,0.0,4.0
2025-04-15 11:00:00,15276,4018.7758838519662,0.0,3867.224116148034,7386.0,0.0,4.0
2025-04-15 12:00:00,14917,2944.7123943846973,0.0,4582.287605615303,7386.0,0.0,4.0
2025-04-15 13:00:00,15169,2736.1818330132824,0.0,5044.818166986717,7384.0,0.0,4.0
2025-04-15 14:00:00,15565,3931.2647020813015,0.0,4210.735297918698,7419.0,0.0,4.0
2025-04-15 15:00:00,16298,3888.217363699741,0.0,4986.7826363002605,7419.0,0.0,4.0
2025-04-15 16:00:00,16913,3870.329111247711,567.4731130019383,5036.197775750351,7435.0,0.0,4.0
2025-04-15 17:00:00,16922,3955.486090766509,0.0,5527.513909233492,7435.0,0.0,4.0
2025-04-15 18:00:00,17142,3914.587979601371,1129.0,4659.4120203986295,7435.0,0.0,4.0
2025-04-15 19:00:00,17432,3914.403205093083,1129.0,4949.596794906916,7435.0,0.0,4.0
2025-04-15 20:00:00,16970,3721.819290784973,1129.0,4680.180709215027,7435.0,0.0,4.0
2025-04-15 21:00:00,16087,3642.0173549565825,0.0,5005.9826450434175,7435.0,0.0,4.0
2025-04-15 22:00:00,15174,3383.944624398216,0.0,4783.055375601783,7003.0,0.0,4.0
2025-04-15 23:00:00,14382,2350.1507078054815,0.0,5311.849292194518,6716.0,0.0,4.0
2025-04-16 00:00:00,13926,2527.2434645250305,0.0,4050.7565354749695,7344.0,0.0,4.0
2025-04-16 01:00:00,13822,2455.294431767219,0.0,3973.705568232781,7389.0,0.0,4.0
2025-04-16 02:00:00,13810,2405.424702371551,0.0,4011.575297628449,7389.0,0.0,4.0
2025-04-16 03:00:00,13918,3490.3852944705113,0.0,3034.6147055294896,7389.0,0.0,4.0
2025-04-16 04:00:00,14483,3452.0542874983084,0.0,3637.9457125016925,7389.0,0.0,4.0
2025-04-16 05:00:00,15626,3369.357039594877,0.0,4863.642960405123,7389.0,0.0,4.0
2025-04-16 06:00:00,16921,3236.576606025355,0.0,6323.423393974645,7357.0,0.0,4.0
2025-04-16 07:00:00,17101,3329.431491590703,0.0,6556.568508409297,7211.0,0.0,4.0
2025-04-16 08:00:00,17022,3364.3306685156617,0.0,6385.669331484338,7268.0,0.0,4.0
2025-04-16 09:00:00,16684,3312.906013334195,0.0,6204.093986665805,7163.0,0.0,4.0
2025-04-16 10:00:00,16539,3255.3355400176365,0.0,6206.664459982363,7073.0,0.0,4.0
2025-04-16 11:00:00,16327,3232.136887212225,0.0,5962.863112787774,7128.0,0.0,4.0
2025-04-16 12:00:00,16215,3153.783128680251,0.0,5865.21687131975,7192.0,0.0,4.0
2025-04-16 13:00:00,15810,3044.98473571958,0.0,5569.0152642804205,7192.0,0.0,4.0
2025-04-16 14:00:00,15635,2909.225028014182,0.0,5369.774971985818,7352.0,0.0,4.0
2025-04-16 15:00:00,15883,2868.037901838101,0.0,5736.962098161899,7274.0,0.0,4.0
2025-04-16 16:00:00,16292,2607.041544157125,0.0,6232.958455842876,7448.0,0.0,4.0
2025-04-16 17:00:00,16739,1981.5632989390672,0.0,7305.436701060933,7448.0,0.0,4.0
2025-04-16 18:00:00,17277,1302.1436855044358,1129.0,7393.856314495564,7448.0,0.0,4.0
2025-04-16 19:00:00,17651,916.2695251867984,1129.0,8153.730474813201,7448.0,0.0,4.0
2025-04-16 20:00:00,17286,726.8535307898115,1129.0,7978.146469210189,7448.0,0.0,4.0
2025-04-16 21:00:00,16486,654.3703944460937,897.2537739961201,7482.375831557786,7448.0,0.0,4.0
2025-04-16 22:00:00,15517,541.6930578179199,0.0,7523.30694218208,7448.0,0.0,4.0
2025-04-16 23:00:00,14717,-0.0,0.0,7265.0,7448.0,0.0,4.0
2025-04-17 00:00:00,14322,-0.0,0.0,6870.0,7448.0,0.0,4.0
2025-04-17 01:00:00,14248,-0.0,0.0,6796.0,7448.0,0.0,4.0
2025-04-17 02:00:00,14196,-0.0,0.0,6744.0,7448.0,0.0,4.0
2025-04-17 03:00:00,14248,-0.0,0.0,6796.0,7448.0,0.0,4.0
2025-04-17 04:00:00,14968,530.6216933090167,0.0,6985.378306690984,7448.0,0.0,4.0
2025-04-17 05:00:00,16180,513.0789838680238,27.51953274977135,8187.401483382204,7448.0,0.0,4.0
2025-04-17 06:00:00,17008,537.2772411862683,1129.0,7889.722758813732,7448.0,0.0,4.0
2025-04-17 07:00:00,16604,586.1709928791552,1129.0,7529.829007120845,7355.0,0.0,4.0
2025-04-17 08:00:00,15778,626.6143426056584,0.0,7735.385657394341,7412.0,0.0,4.0
2025-04-17 09:00:00,15061,694.0470810145183,0.0,6950.952918985482,7412.0,0.0,4.0
2025-04-17 10:00:00,14906,785.050967697078,0.0,6704.949032302922,7412.0,0.0,4.0
2025-04-17 11:00:00,14607,1045.822281062836,0.0,6145.177718937164,7412.0,0.0,4.0
2025-04-17 12:00:00,14541,1273.7565027217715,0.0,5698.2434972782285,7565.0,0.0,4.0
2025-04-17 13:00:00,14385,222.9568719943652,0.0,6573.043128005635,7585.0,0.0,4.0
2025-04-17 14:00:00,14276,266.54592434406845,0.0,6477.454075655932,7528.0,0.0,4.0
2025-04-17 15:00:00,14438,1434.1718939708137,0.0,5375.8281060291865,7624.0,0.0,4.0
2025-04-17 16:00:00,14996,1288.9310643890603,0.0,6079.06893561094,7624.0,0.0,4.0
2025-04-17 17:00:00,15561,1194.2935293118617,0.0,6738.706470688139,7624.0,0.0,4.0
2025-04-17 18:00:00,16088,1216.1744731182994,1129.0,6114.825526881701,7624.0,0.0,4.0
2025-04-17 19:00:00,16325,1569.8581260548824,903.1999999999996,6223.9418739451185,7624.0,0.0,4.0
2025-04-17 20:00:00,15909,2206.195270134026,0.0,6074.804729865973,7624.0,0.0,4.0
2025-04-17 21:00:00,15214,2579.845171388981,0.0,5006.154828611019,7624.0,0.0,4.0
2025-04-17 22:00:00,14353,2783.791233945355,0.0,3941.208766054646,7624.0,0.0,4.0
2025-04-17 23:00:00,13661,3012.278802141313,0.0,3020.7211978586874,7624.0,0.0,4.0
2025-04-18 00:00:00,13080,3035.71445247638,0.0,2416.285547523621,7624.0,0.0,4.0
2025-04-18 01:00:00,12810,2106.0480587003212,0.0,3075.9519412996788,7624.0,0.0,4.0
2025-04-18 02:00:00,12740,2245.7499484752543,0.0,2866.2500515247457,7624.0,0.0,4.0
2025-04-18 03:00:00,12786,2027.7960128886969,0.0,3130.2039871113034,7624.0,0.0,4.0
2025-04-18 04:00:00,12963,2208.9743363230555,0.0,3126.0256636769445,7624.0,0.0,4.0
2025-04-18 05:00:00,13238,3480.498878253946,0.0,2129.501121746054,7624.0,0.0,4.0
2025-04-18 06:00:00,13496,3539.2790175093696,0.0,2328.7209824906313,7624.0,0.0,4.0
2025-04-18 07:00:00,13916,3478.928175984054,0.0,2809.071824015946,7624.0,0.0,4.0
2025-04-18 08:00:00,14218,3799.3955332140326,0.0,2790.604466785968,7624.0,0.0,4.0
2025-04-18 09:00:00,14457,3821.6052819116817,0.0,3007.3947180883188,7624.0,0.0,4.0
2025-04-18 10:00:00,14880,3810.28110812901,0.0,3441.718891870991,7624.0,0.0,4.0
2025-04-18 11:00:00,15372,3343.9541087423236,0.0,4400.045891257676,7624.0,0.0,4.0
2025-04-18 12:00:00,14825,2964.04337914786,0.0,4220.956620852139,7636.0,0.0,4.0
2025-04-18 13:00:00,14480,2874.9428196897093,0.0,3965.0571803102903,7636.0,0.0,4.0
2025-04-18 14:00:00,14410,2484.1269594557634,0.0,4285.873040544237,7636.0,0.0,4.0
2025-04-18 15:00:00,14267,2647.1461056719168,0.0,3979.8538943280837,7636.0,0.0,4.0
2025-04-18 16:00:00,14577,1985.295382594267,457.5462260038783,4494.158391401854,7636.0,0.0,4.0
2025-04-18 17:00:00,14881,1341.250334041432,1129.0,4770.749665958567,7636.0,0.0,4.0
2025-04-18 18:00:00,14845,1477.5153243909808,1129.0,4598.484675609019,7636.0,0.0,4.0
2025-04-18 19:00:00,15047,1738.911449090168,1129.0,4539.088550909832,7636.0,0.0,4.0
2025-04-18 20:00:00,14393,2279.663342508369,0.0,4473.336657491631,7636.0,0.0,4.0
2025-04-18 21:00:00,13875,2244.5094125639325,0.0,3990.4905874360666,7636.0,0.0,4.0
2025-04-18 22:00:00,13216,2516.3677356843,0.0,3059.6322643157,7636.0,0.0,4.0
2025-04-18 23:00:00,12579,3006.181352402893,0.0,1932.818647597107,7636.0,0.0,4.0
2025-04-19 00:00:00,12045,3041.5388842142306,0.0,1363.461115785769,7636.0,0.0,4.0
2025-04-19 01:00:00,11930,1596.7704842771532,0.0,2693.229515722847,7636.0,0.0,4.0
2025-04-19 02:00:00,11786,1720.4266527261202,0.0,2432.57334727388,7629.0,0.0,4.0
2025-04-19 03:00:00,11758,1781.0400451815517,0.0,2336.9599548184483,7636.0,0.0,4.0
2025-04-19 04:00:00,12011,1573.9672008254106,0.0,2797.0327991745894,7636.0,0.0,4.0
2025-04-19 05:00:00,12443,3117.969328051007,0.0,1685.0306719489927,7636.0,0.0,4.0
2025-04-19 06:00:00,12978,3247.0197505071,0.0,2090.980249492899,7636.0,0.0,4.0
2025-04-19 07:00:00,13692,3198.6385985400693,0.0,2853.3614014599298,7636.0,0.0,4.0
2025-04-19 08:00:00,14204,3195.4254330621184,0.0,3368.574566937881,7636.0,0.0,4.0
2025-04-19 09:00:00,14841,2962.721737201566,0.0,4238.278262798434,7636.0,0.0,4.0
2025-04-19 10:00:00,14845,2853.2939192141903,0.0,4351.706080785811,7636.0,0.0,4.0
2025-04-19 11:00:00,14811,2652.2743643958147,0.0,4518.725635604185,7636.0,0.0,4.0
2025-04-19 12:00:00,14836,2375.335846168599,0.0,4820.664153831402,7636.0,0.0,4.0
2025-04-19 13:00:00,14654,1949.471249515684,0.0,5064.528750484316,7636.0,0.0,4.0
2025-04-19 14:00:00,14413,1899.6613913235155,0.0,4873.338608676484,7636.0,0.0,4.0
2025-04-19 15:00:00,14663,1622.876909225742,790.2999999999989,4527.823090774258,7718.0,0.0,4.0
2025-04-19 16:00:00,14791,1638.0043703106217,1129.0,4301.995629689378,7718.0,0.0,4.0
2025-04-19 17:00:00,14628,1587.4340263188938,1129.0,4189.565973681107,7718.0,0.0,4.0
2025-04-19 18:00:00,14505,1698.3692765953615,0.0,5085.630723404638,7717.0,0.0,4.0
2025-04-19 19:00:00,14721,2152.5151317611526,0.0,4847.484868238847,7717.0,0.0,4.0
2025-04-19 20:00:00,14359,2166.665039484272,0.0,4471.334960515727,7717.0,0.0,4.0
2025-04-19 21:00:00,13864,2070.721832544964,0.0,4072.278167455035,7717.0,0.0,4.0
2025-04-19 22:00:00,13441,1830.063841371507,0.0,3889.936158628494,7717.0,0.0,4.0
2025-04-19 23:00:00,13063,1568.7357973807111,0.0,3773.264202619288,7717.0,0.0,4.0
2025-04-20 00:00:00,12648,112.31548516955218,0.0,4814.684514830447,7717.0,0.0,4.0
2025-04-20 01:00:00,12446,266.7646514360165,0.0,4458.235348563983,7717.0,0.0,4.0
2025-04-20 02:00:00,12249,278.8428659344586,0.0,4249.157134065541,7717.0,0.0,4.0
2025-04-20 03:00:00,12228,1288.317065302418,0.0,3218.682934697583,7717.0,0.0,4.0
2025-04-20 04:00:00,12570,1122.3678336129044,0.0,3726.632166387095,7717.0,0.0,4.0
2025-04-20 05:00:00,12951,953.9798329502768,0.0,4276.020167049723,7717.0,0.0,4.0
2025-04-20 06:00:00,13357,773.7086254077616,0.0,4862.291374592238,7717.0,0.0,4.0
2025-04-20 07:00:00,13703,687.8097922213842,0.0,5294.190207778616,7717.0,0.0,4.0
2025-04-20 08:00:00,13417,761.4932157764481,0.0,4934.506784223551,7717.0,0.0,4.0
2025-04-20 09:00:00,13165,797.714149982518,0.0,4646.2858500174825,7717.0,0.0,4.0
2025-04-20 10:00:00,13118,721.7699986264163,0.0,4675.230001373584,7717.0,0.0,4.0
2025-04-20 11:00:00,13102,818.9884108062861,0.0,4562.011589193713,7717.0,0.0,4.0
2025-04-20 12:00:00,12928,994.446890636825,0.0,4212.553109363174,7717.0,0.0,4.0
2025-04-20 13:00:00,12786,1049.2577868984197,0.0,4015.742213101581,7717.0,0.0,4.0
2025-04-20 14:00:00,12805,928.5031197254424,0.0,4155.496880274557,7717.0,0.0,4.0
2025-04-20 15:00:00,13102,909.3630741875093,0.0,4471.6369258124905,7717.0,0.0,4.0
2025-04-20 16:00:00,13500,910.9486891062404,0.0,4868.051310893759,7717.0,0.0,4.0
2025-04-20 17:00:00,13970,940.652480140161,897.2537739961201,4411.093745863719,7717.0,0.0,4.0
2025-04-20 18:00:00,14313,1038.6745153992642,1129.0,4424.325484600737,7717.0,0.0,4.0
2025-04-20 19:00:00,14842,1227.2537073929357,1129.0,4764.746292607064,7717.0,0.0,4.0
2025-04-20 20:00:00,14747,1719.2452852590736,1129.0,4177.754714740926,7717.0,0.0,4.0
2025-04-20 21:00:00,14137,2281.414004958641,0.0,4134.58599504136,7717.0,0.0,4.0
2025-04-20 22:00:00,13442,2630.589315173854,0.0,3090.4106848261454,7717.0,0.0,4.0
2025-04-20 23:00:00,12937,2957.132528242474,0.0,2258.867471757527,7717.0,0.0,4.0
2025-04-21 00:00:00,12464,2128.408067669125,0.0,2614.591932330875,7717.0,0.0,4.0
2025-04-21 01:00:00,12287,3097.2178858238835,0.0,1468.782114176116,7717.0,0.0,4.0
2025-04-21 02:00:00,12230,1356.3429417730797,0.0,3152.6570582269205,7717.0,0.0,4.0
2025-04-21 03:00:00,12380,3038.7433171097823,0.0,1637.2566828902181,7700.0,0.0,4.0
2025-04-21 04:00:00,12823,2960.1816137342253,0.0,2158.818386265775,7700.0,0.0,4.0
2025-04-21 05:00:00,13714,3199.1715162902324,0.0,2810.828483709767,7700.0,0.0,4.0
2025-04-21 06:00:00,14566,3414.0733922596005,0.0,3447.926607740399,7700.0,0.0,4.0
2025-04-21 07:00:00,15269,3321.6126223711326,0.0,4246.387377628867,7697.0,0.0,4.0
2025-04-21 08:00:00,15706,3381.379009491398,0.0,4623.620990508602,7697.0,0.0,4.0
2025-04-21 09:00:00,15818,3710.344252744742,0.0,4406.655747255258,7697.0,0.0,4.0
2025-04-21 10:00:00,15849,3772.6977833525857,0.0,4375.302216647415,7697.0,0.0,4.0
2025-04-21 11:00:00,15985,3844.43880950216,0.0,4439.56119049784,7697.0,0.0,4.0
2025-04-21 12:00:00,15945,3926.0272411403703,0.0,4317.972758859629,7697.0,0.0,4.0
2025-04-21 13:00:00,15964,3989.327624548168,0.0,4273.672375451832,7697.0,0.0,4.0
2025-04-21 14:00:00,15779,4059.9434958589686,0.0,4018.056504141032,7697.0,0.0,4.0
2025-04-21 15:00:00,15930,3950.703225694522,0.0,4278.296774305478,7697.0,0.0,4.0
2025-04-21 16:00:00,16154,3798.3115990711426,796.2462260038787,3858.442174924978,7697.0,0.0,4.0
2025-04-21 17:00:00,15870,3822.134840681152,0.0,4346.865159318848,7697.0,0.0,4.0
2025-04-21 18:00:00,15952,3926.646929055435,0.0,4330.353070944566,7691.0,0.0,4.0
2025-04-21 19:00:00,16250,4026.6687287264376,0.0,4528.331271273562,7691.0,0.0,4.0
2025-04-21 20:00:00,15798,4129.183681282757,0.0,3973.816318717243,7691.0,0.0,4.0
2025-04-21 21:00:00,14843,4018.8471234435456,0.0,3129.1528765564544,7691.0,0.0,4.0
2025-04-21 22:00:00,13991,3848.014694976183,0.0,2447.985305023816,7691.0,0.0,4.0
2025-04-21 23:00:00,13271,2534.428844218805,0.0,3041.571155781195,7691.0,0.0,4.0
2025-04-22 00:00:00,12905,2352.99611394417,0.0,2857.00388605583,7691.0,0.0,4.0
2025-04-22 01:00:00,12576,2229.7229609244164,0.0,2651.2770390755836,7691.0,0.0,4.0
2025-04-22 02:00:00,12600,2808.614967240419,0.0,2096.385032759581,7691.0,0.0,4.0
2025-04-22 03:00:00,12777,2823.3185845963103,0.0,2258.6814154036892,7691.0,0.0,4.0
2025-04-22 04:00:00,13406,2786.4238083788928,0.0,2924.576191621107,7691.0,0.0,4.0
2025-04-22 05:00:00,14460,2869.72391135593,0.0,3895.27608864407,7691.0,0.0,4.0
2025-04-22 06:00:00,15578,2896.4023353306684,1013.12688699806,4038.4707776712708,7626.0,0.0,4.0
2025-04-22 07:00:00,15815,3054.0608543532303,1129.0,4001.9391456467692,7626.0,0.0,4.0
2025-04-22 08:00:00,15425,3038.9801713378297,0.0,4756.019828662171,7626.0,0.0,4.0
2025-04-22 09:00:00,15039,2929.4938828693457,-0.0,4414.506117130655,7691.0,0.0,4.0
2025-04-22 10:00:00,14922,2488.028911477863,0.0,4738.9710885221375,7691.0,0.0,4.0
2025-04-22 11:00:00,14757,2388.2895790049847,0.0,4746.710420995016,7618.0,0.0,4.0
2025-04-22 12:00:00,14655,1072.6057968042778,0.0,5960.394203195722,7618.0,0.0,4.0
2025-04-22 13:00:00,14459,1179.11880221538,0.0,5599.88119778462,7676.0,0.0,4.0
2025-04-22 14:00:00,14466,2209.2963413357984,0.0,4573.7036586642025,7679.0,0.0,4.0
2025-04-22 15:00:00,14684,1788.8318574539885,0.0,5212.168142546012,7679.0,0.0,4.0
2025-04-22 16:00:00,15092,1713.8728156933173,0.0,5662.1271843066825,7712.0,0.0,4.0
2025-04-22 17:00:00,15532,1324.222175467588,0.0,6506.777824532412,7697.0,0.0,4.0
2025-04-22 18:00:00,16093,933.8548222014518,1129.0,6329.145177798548,7697.0,0.0,4.0
2025-04-22 19:00:00,16409,784.1530586492796,1129.0,6794.846941350721,7697.0,0.0,4.0
2025-04-22 20:00:00,16227,686.9616499709622,1129.0,6710.038350029037,7697.0,0.0,4.0
2025-04-22 21:00:00,15316,726.7328358155486,787.3268869980594,6100.940277186392,7697.0,0.0,4.0
2025-04-22 22:00:00,14357,639.3696331643993,0.0,6016.630366835601,7697.0,0.0,4.0
2025-04-22 23:00:00,13602,667.8235141986754,0.0,5233.176485801325,7697.0,0.0,4.0
2025-04-23 00:00:00,13134,0.0,0.0,5433.0,7697.0,0.0,4.0
2025-04-23 01:00:00,12831,-0.0,0.0,5130.0,7697.0,0.0,4.0
2025-04-23 02:00:00,12888,-0.0,0.0,5187.0,7697.0,0.0,4.0
2025-04-23 03:00:00,13005,0.0,0.0,5304.0,7697.0,0.0,4.0
2025-04-23 04:00:00,13586,316.73172048187405,0.0,5568.268279518126,7697.0,0.0,4.0
2025-04-23 05:00:00,14615,1271.9403147107575,0.0,5642.059685289243,7697.0,0.0,4.0
2025-04-23 06:00:00,15528,1328.282648106581,0.0,6501.71735189342,7694.0,0.0,4.0
2025-04-23 07:00:00,15502,1111.5920490311048,0.0,6765.4079509688945,7621.0,0.0,4.0
2025-04-23 08:00:00,15009,780.3116734980069,0.0,6736.688326501993,7488.0,0.0,4.0
2025-04-23 09:00:00,14480,715.8756375670373,0.0,6218.124362432962,7542.0,0.0,4.0
2025-04-23 10:00:00,14321,729.3795145716978,0.0,5988.620485428302,7599.0,0.0,4.0
2025-04-23 11:00:00,14282,680.825992275904,0.0,5998.174007724096,7599.0,0.0,4.0
2025-04-23 12:00:00,14286,718.1116378462334,0.0,6021.888362153766,7542.0,0.0,4.0
2025-04-23 13:00:00,14244,765.3780756004822,0.0,5893.621924399518,7581.0,0.0,4.0
2025-04-23 14:00:00,14362,764.2655710094693,0.0,5997.73442899053,7596.0,0.0,4.0
2025-04-23 15:00:00,14867,782.9596183362557,0.0,6484.0403816637445,7596.0,0.0,4.0
2025-04-23 16:00:00,15441,679.3644313547962,0.0,7161.635568645204,7596.0,0.0,4.0
2025-04-23 17:00:00,15788,569.3476167686526,670.9959798618966,6931.65640336945,7612.0,0.0,4.0
2025-04-23 18:00:00,16015,556.6654841027572,1129.0,6725.334515897242,7600.0,0.0,4.0
2025-04-23 19:00:00,16385,566.612058079683,1129.0,7085.387941920317,7600.0,0.0,4.0
2025-04-23 20:00:00,16108,603.0722452085693,1129.0,6759.927754791432,7612.0,0.0,4.0
2025-04-23 21:00:00,15215,707.4973425195172,0.0,6891.502657480483,7612.0,0.0,4.0
2025-04-23 22:00:00,14345,807.3153541892093,0.0,5921.68464581079,7612.0,0.0,4.0
2025-04-23 23:00:00,13562,985.6800315209492,0.0,4960.319968479051,7612.0,0.0,4.0
2025-04-24 00:00:00,12986,-0.0,0.0,5370.0,7612.0,0.0,4.0
2025-04-24 01:00:00,12544,193.3284648054182,0.0,4734.671535194582,7612.0,0.0,4.0
2025-04-24 02:00:00,12468,309.7564915350472,0.0,4542.243508464953,7612.0,0.0,4.0
2025-04-24 03:00:00,12734,172.8496384197531,0.0,4945.150361580247,7612.0,0.0,4.0
2025-04-24 04:00:00,13359,943.9955245774156,0.0,4799.004475422584,7612.0,0.0,4.0
2025-04-24 05:00:00,14378,785.5048846102952,0.0,5976.4951153897055,7612.0,0.0,4.0
2025-04-24 06:00:00,15246,923.6746270039004,0.0,6706.3253729961,7612.0,0.0,4.0
2025-04-24 07:00:00,15326,1011.0492984579712,0.0,6823.9507015420295,7487.0,0.0,4.0
2025-04-24 08:00:00,15194,818.9988103804735,0.0,6947.0011896195265,7424.0,0.0,4.0
2025-04-24 09:00:00,15373,645.5879166182311,0.0,7242.412083381769,7481.0,0.0,4.0
2025-04-24 10:00:00,15154,840.9025705137866,0.0,6828.0974294862135,7481.0,0.0,4.0
2025-04-24 11:00:00,14936,756.2032340323897,0.0,6633.796765967611,7542.0,0.0,4.0
2025-04-24 12:00:00,15029,671.5112336369725,0.0,6802.488766363027,7551.0,0.0,4.0
2025-04-24 13:00:00,14962,563.7458555751318,0.0,6764.254144424867,7630.0,0.0,4.0
2025-04-24 14:00:00,15049,615.07039842208,0.0,6779.92960157792,7650.0,0.0,4.0
2025-04-24 15:00:00,15468,570.0061479287403,0.0,7243.99385207126,7650.0,0.0,4.0
2025-04-24 16:00:00,16038,437.8993751996386,1129.0,6744.100624800361,7723.0,0.0,4.0
2025-04-24 17:00:00,16137,327.5109593787339,1129.0,6937.489040621265,7739.0,0.0,4.0
2025-04-24 18:00:00,16268,521.314082130918,1129.0,6874.685917869083,7739.0,0.0,4.0
2025-04-24 19:00:00,16312,892.492461526118,897.2537739961201,6779.253764477761,7739.0,0.0,4.0
2025-04-24 20:00:00,16069,1203.879858399741,0.0,7059.120141600259,7802.0,0.0,4.0
2025-04-24 21:00:00,15128,1171.5713411511988,0.0,6150.428658848801,7802.0,0.0,4.0
2025-04-24 22:00:00,14195,1409.911700668203,0.0,4979.088299331797,7802.0,0.0,4.0
2025-04-24 23:00:00,13513,1659.9065866507551,0.0,4049.0934133492447,7800.0,0.0,4.0
2025-04-25 00:00:00,13031,430.6746591216438,0.0,4796.325340878357,7800.0,0.0,4.0
2025-04-25 01:00:00,12557,627.8706296356063,0.0,4125.129370364393,7800.0,0.0,4.0
2025-04-25 02:00:00,12451,694.7355528638909,0.0,3952.264447136109,7800.0,0.0,4.0
2025-04-25 03:00:00,12485,891.1222031461257,0.0,3789.8777968538743,7800.0,0.0,4.0
2025-04-25 04:00:00,12987,1276.0491631147895,0.0,3906.9508368852103,7800.0,0.0,4.0
2025-04-25 05:00:00,13875,1421.8344622757086,0.0,4649.165537724291,7800.0,0.0,4.0
2025-04-25 06:00:00,14905,1666.820840076207,0.0,5434.179159923793,7800.0,0.0,4.0
2025-04-25 07:00:00,15285,1758.999181942551,0.0,5869.000818057448,7653.0,0.0,4.0
2025-04-25 08:00:00,15282,1772.025432258184,0.0,5861.974567741816,7644.0,0.0,4.0
2025-04-25 09:00:00,15260,1680.8258241157123,0.0,5817.174175884287,7758.0,0.0,4.0
2025-04-25 10:00:00,15247,1689.0144800353985,0.0,5795.985519964601,7758.0,0.0,4.0
2025-04-25 11:00:00,15191,1687.2437273077162,0.0,5795.756272692284,7704.0,0.0,4.0
2025-04-25 12:00:00,15075,1736.8128621925684,0.0,5614.187137807432,7720.0,0.0,4.0
2025-04-25 13:00:00,14926,1670.961136694562,0.0,5531.038863305439,7720.0,0.0,4.0
2025-04-25 14:00:00,14845,1562.6995338708848,0.0,5558.300466129116,7720.0,0.0,4.0
2025-04-25 15:00:00,14908,1790.2379723780434,0.0,5395.762027621957,7718.0,0.0,4.0
2025-04-25 16:00:00,15430,1719.759100731963,0.0,5927.2408992680375,7779.0,0.0,4.0
2025-04-25 17:00:00,15812,1431.4209688203691,897.2537739961201,5700.32525718351,7779.0,0.0,4.0
2025-04-25 18:00:00,15886,1292.0239466225312,1129.0,5681.976053377468,7779.0,0.0,4.0
2025-04-25 19:00:00,16237,1046.757601561816,1129.0,6309.242398438184,7748.0,0.0,4.0
2025-04-25 20:00:00,15934,777.6661498275483,1129.0,6235.333850172452,7788.0,0.0,4.0
2025-04-25 21:00:00,14986,651.6980420405968,0.0,6542.301957959404,7788.0,0.0,4.0
2025-04-25 22:00:00,14001,728.6329436773501,0.0,5562.36705632265,7706.0,0.0,4.0
2025-04-25 23:00:00,13305,785.0198854908753,0.0,4727.980114509124,7788.0,0.0,4.0
2025-04-26 00:00:00,12572,1224.3234601791069,0.0,3556.6765398208936,7788.0,0.0,3.0
2025-04-26 01:00:00,12255,2108.081823508586,0.0,2355.9181764914138,7788.0,0.0,3.0
2025-04-26 02:00:00,12113,881.3216020886352,0.0,3440.6783979113648,7788.0,0.0,3.0
2025-04-26 03:00:00,12024,1232.7200484693917,0.0,3000.2799515306083,7788.0,0.0,3.0
2025-04-26 04:00:00,12085,1282.0893242115403,0.0,3011.9106757884597,7788.0,0.0,3.0
2025-04-26 05:00:00,12378,2483.0322939216185,0.0,2103.9677060783815,7788.0,0.0,3.0
2025-04-26 06:00:00,13107,2432.823914538703,0.0,2883.1760854612967,7788.0,0.0,3.0
2025-04-26 07:00:00,14065,1926.483107360651,0.0,4347.516892639349,7788.0,0.0,3.0
2025-04-26 08:00:00,14487,3669.239196356905,0.0,3026.7608036430956,7788.0,0.0,3.0
2025-04-26 09:00:00,14879,3522.7576776364003,0.0,3639.2423223635997,7714.0,0.0,3.0
2025-04-26 10:00:00,14921,3693.9470732845384,0.0,3510.0529267154616,7714.0,0.0,3.0
2025-04-26 11:00:00,14921,3765.395444531905,0.0,3438.604555468095,7714.0,0.0,3.0
2025-04-26 12:00:00,14824,3743.9554202809377,0.0,3363.0445797190623,7714.0,0.0,3.0
2025-04-26 13:00:00,14667,3739.197710569621,0.0,3210.8022894303795,7714.0,0.0,3.0
2025-04-26 14:00:00,14614,3801.99263433319,0.0,3095.00736566681,7714.0,0.0,3.0
2025-04-26 15:00:00,14932,3661.830761930179,0.0,3553.1692380698205,7714.0,0.0,3.0
2025-04-26 16:00:00,15388,3661.7150821444234,0.0,4009.284917855577,7714.0,0.0,3.0
2025-04-26 17:00:00,15416,3625.399466285713,0.0,4007.600533714287,7780.0,0.0,3.0
2025-04-26 18:00:00,15467,3004.1666326647623,0.0,4679.833367335237,7780.0,0.0,3.0
2025-04-26 19:00:00,15742,2167.268567445136,1129.0,4662.731432554865,7780.0,0.0,3.0
2025-04-26 20:00:00,15395,1858.1855489871296,1129.0,4624.8144510128695,7780.0,0.0,3.0
2025-04-26 21:00:00,14724,1708.637863497564,1129.0,4103.3621365024355,7780.0,0.0,3.0
2025-04-26 22:00:00,14070,1669.6733246182805,0.0,4617.326675381719,7780.0,0.0,3.0
2025-04-26 23:00:00,13338,1693.0739201059832,0.0,3861.926079894016,7780.0,0.0,3.0
2025-04-27 00:00:00,12883,1160.4322960510854,0.0,3939.5677039489146,7780.0,0.0,3.0
2025-04-27 01:00:00,12528,856.6641375255708,0.0,3888.335862474429,7780.0,0.0,3.0
2025-04-27 02:00:00,12347,1076.1434913674425,0.0,3487.8565086325575,7780.0,0.0,3.0
2025-04-27 03:00:00,12389,1224.826492125096,0.0,3381.173507874904,7780.0,0.0,3.0
2025-04-27 04:00:00,12579,2097.714144423737,0.0,2698.285855576263,7780.0,0.0,3.0
2025-04-27 05:00:00,12878,1816.0861977493175,0.0,3278.9138022506813,7780.0,0.0,3.0
2025-04-27 06:00:00,13078,1748.0353352291097,0.0,3683.9646647708905,7643.0,0.0,3.0
2025-04-27 07:00:00,13528,1084.091951977649,0.0,5059.908048022351,7381.0,0.0,3.0
2025-04-27 08:00:00,13399,899.9731064969654,0.0,5115.026893503034,7381.0,0.0,3.0
2025-04-27 09:00:00,13026,1043.4339645772093,0.0,4598.566035422791,7381.0,0.0,3.0
2025-04-27 10:00:00,13028,1133.5481173920232,0.0,4510.451882607977,7381.0,0.0,3.0
2025-04-27 11:00:00,12948,1122.9724948056733,0.0,4441.027505194326,7381.0,0.0,3.0
2025-04-27 12:00:00,12731,981.7120498913034,0.0,4228.287950108697,7518.0,0.0,3.0
2025-04-27 13:00:00,12683,956.600238802528,0.0,4292.399761197472,7431.0,0.0,3.0
2025-04-27 14:00:00,12710,749.2326072955836,0.0,4526.767392704416,7431.0,0.0,3.0
2025-04-27 15:00:00,13087,945.3570835730234,0.0,4717.642916426976,7421.0,0.0,3.0
2025-04-27 16:00:00,13819,963.5423581423934,0.0,5431.457641857607,7421.0,0.0,3.0
2025-04-27 17:00:00,14506,803.9039154972037,0.0,6108.096084502797,7591.0,0.0,3.0
2025-04-27 18:00:00,14872,608.7420797211408,1129.0,5539.257920278858,7591.0,0.0,4.0
2025-04-27 19:00:00,15295,470.2567753838235,1129.0,6100.743224616177,7591.0,0.0,4.0
2025-04-27 20:00:00,15185,536.6403842765309,1129.0,5924.35961572347,7591.0,0.0,4.0
2025-04-27 21:00:00,14580,539.0768090206874,686.229954460672,5759.69323651864,7591.0,0.0,4.0
2025-04-27 22:00:00,13693,512.7955771273116,0.0,5585.204422872688,7591.0,0.0,4.0
2025-04-27 23:00:00,13167,492.3314392526772,0.0,5079.668560747323,7591.0,0.0,4.0
2025-04-28 00:00:00,12776,-0.0,0.0,5181.0,7591.0,0.0,4.0
2025-04-28 01:00:00,12615,-0.0,0.0,5020.0,7591.0,0.0,4.0
2025-04-28 02:00:00,12580,-0.0,0.0,4985.0,7591.0,0.0,4.0
2025-04-28 03:00:00,12703,0.0,0.0,5108.0,7591.0,0.0,4.0
2025-04-28 04:00:00,13264,933.8184747698378,0.0,4735.181525230162,7591.0,0.0,4.0
2025-04-28 05:00:00,14288,1075.857421802977,0.0,5617.142578197023,7591.0,0.0,4.0
2025-04-28 06:00:00,15316,1250.3528771874162,1129.0,5358.647122812585,7574.0,0.0,4.0
2025-04-28 07:00:00,15387,1165.3671927980038,1129.0,5560.632807201997,7528.0,0.0,4.0
2025-04-28 08:00:00,14886,1270.929354558132,0.0,6238.070645441869,7373.0,0.0,4.0
2025-04-28 09:00:00,14430,1768.1533498488711,0.0,5266.846650151128,7391.0,0.0,4.0
2025-04-28 10:00:00,14330,1885.8022322494792,0.0,5049.19776775052,7391.0,0.0,4.0
2025-04-28 11:00:00,14309,1671.0312938076495,0.0,5224.9687061923505,7409.0,0.0,4.0
2025-04-28 12:00:00,14335,1617.7285352428078,0.0,5377.271464757192,7336.0,0.0,4.0
2025-04-28 13:00:00,14353,1939.8857255888877,0.0,5016.114274411113,7393.0,0.0,4.0
2025-04-28 14:00:00,14386,2114.8094152331655,0.0,4874.190584766835,7393.0,0.0,4.0
2025-04-28 15:00:00,14770,2047.4263671215344,0.0,5325.573632878466,7393.0,0.0,4.0
2025-04-28 16:00:00,15192,2144.930584821811,0.0,5650.06941517819,7393.0,0.0,4.0
2025-04-28 17:00:00,15517,2097.671212360801,0.0,6006.328787639199,7409.0,0.0,4.0
2025-04-28 18:00:00,15705,2362.5883320323846,0.0,5931.411667967615,7407.0,0.0,4.0
2025-04-28 19:00:00,15860,2610.7208640358126,0.0,5838.279135964187,7407.0,0.0,4.0
2025-04-28 20:00:00,15500,3078.6969353946356,0.0,5010.303064605365,7407.0,0.0,4.0
2025-04-28 21:00:00,14484,3102.9913767205435,0.0,3970.0086232794565,7407.0,0.0,4.0
2025-04-28 22:00:00,13356,2714.1384197977927,0.0,3230.861580202207,7407.0,0.0,4.0
2025-04-28 23:00:00,12540,2056.0436363100685,0.0,3081.956363689931,7398.0,0.0,4.0
2025-04-29 00:00:00,12077,1395.8264459689951,0.0,3279.1735540310056,7398.0,0.0,4.0
2025-04-29 01:00:00,11826,1356.828578706744,0.0,3082.1714212932566,7383.0,0.0,4.0
2025-04-29 02:00:00,11772,244.1425707907688,0.0,4140.857429209231,7383.0,0.0,4.0
2025-04-29 03:00:00,11883,1498.8248357705625,0.0,2982.1751642294366,7398.0,0.0,4.0
2025-04-29 04:00:00,12398,693.4760337265404,0.0,4331.523966273459,7369.0,0.0,4.0
2025-04-29 05:00:00,13418,2693.384548496935,0.0,3351.615451503065,7369.0,0.0,4.0
2025-04-29 06:00:00,14535,3391.6371292350123,0.0,3770.3628707649877,7369.0,0.0,4.0
2025-04-29 07:00:00,14926,3663.5480137472177,-0.0,3889.451986252783,7369.0,0.0,4.0
2025-04-29 08:00:00,14746,3870.0990496165623,0.0,3590.9009503834386,7281.0,0.0,4.0
2025-04-29 09:00:00,15058,3642.8566917245657,0.0,4082.143308275434,7329.0,0.0,4.0
2025-04-29 10:00:00,15093,3513.067413231864,0.0,4246.932586768136,7329.0,0.0,4.0
2025-04-29 11:00:00,14906,3653.724405880378,0.0,3881.275594119623,7367.0,0.0,4.0
2025-04-29 12:00:00,15217,3698.137776886987,0.0,4147.862223113012,7367.0,0.0,4.0
2025-04-29 13:00:00,15285,4144.664090292361,0.0,3758.335909707639,7378.0,0.0,4.0
2025-04-29 14:00:00,15630,4256.925603996149,0.0,3991.074396003851,7378.0,0.0,4.0
2025-04-29 15:00:00,16041,3991.7691257140737,0.0,4537.230874285926,7508.0,0.0,4.0
2025-04-29 16:00:00,16481,4074.4373262626345,-0.0,4891.562673737366,7511.0,0.0,4.0
2025-04-29 17:00:00,16296,4142.823333990572,0.0,4622.176666009429,7527.0,0.0,4.0
2025-04-29 18:00:00,15928,4025.4669680584298,0.0,4371.53303194157,7527.0,0.0,4.0
2025-04-29 19:00:00,15806,4008.862235585789,0.0,4211.13776441421,7582.0,0.0,4.0
2025-04-29 20:00:00,15524,3899.1379425338328,0.0,4038.8620574661672,7582.0,0.0,4.0
2025-04-29 21:00:00,14701,3676.1948790128336,0.0,3438.8051209871664,7582.0,0.0,4.0
2025-04-29 22:00:00,13780,2837.599778593907,0.0,3356.400221406093,7582.0,0.0,4.0
2025-04-29 23:00:00,13106,1079.0073745160255,0.0,4440.992625483974,7582.0,0.0,4.0
2025-04-30 00:00:00,12721,749.3187726164613,0.0,4513.6812273835385,7454.0,0.0,4.0
2025-04-30 01:00:00,12550,1575.4119830137377,0.0,3516.588016986263,7454.0,0.0,4.0
2025-04-30 02:00:00,12561,1360.99805284428,0.0,3742.0019471557207,7454.0,0.0,4.0
2025-04-30 03:00:00,12713,1194.346610959645,0.0,4060.6533890403553,7454.0,0.0,4.0
2025-04-30 04:00:00,13483,845.8942391758258,0.0,5179.105760824174,7454.0,0.0,4.0
2025-04-30 05:00:00,14570,659.7849538674244,0.0,6452.2150461325755,7454.0,0.0,4.0
2025-04-30 06:00:00,15661,564.4220474056341,0.0,7712.577952594366,7380.0,0.0,4.0
2025-04-30 07:00:00,15914,518.0525186095111,1070.6837039684765,7109.263777422013,7212.0,0.0,4.0
2025-04-30 08:00:00,15425,506.9545494297618,0.0,7702.045450570238,7212.0,0.0,4.0
2025-04-30 09:00:00,14668,504.3859343213997,0.0,6832.6140656786,7327.0,0.0,4.0
2025-04-30 10:00:00,14432,480.68356937564954,0.0,6620.316430624351,7327.0,0.0,4.0
2025-04-30 11:00:00,14256,-0.0,0.0,6895.0,7357.0,0.0,4.0
2025-04-30 12:00:00,14285,657.0841845249854,0.0,6257.915815475015,7366.0,0.0,4.0
2025-04-30 13:00:00,14194,-0.0,0.0,6824.0,7366.0,0.0,4.0
2025-04-30 14:00:00,14198,717.5795558841007,0.0,6009.420444115899,7467.0,0.0,4.0
2025-04-30 15:00:00,14720,581.3121936322316,0.0,6667.687806367769,7467.0,0.0,4.0
2025-04-30 16:00:00,15579,436.4382545083166,0.0,7650.561745491684,7488.0,0.0,4.0
2025-04-30 17:00:00,15910,312.10171949964035,897.2537739961201,7208.64450650424,7488.0,0.0,4.0
2025-04-30 18:00:00,15826,222.76860544532136,1129.0,6966.231394554679,7504.0,0.0,4.0
2025-04-30 19:00:00,16264,224.7974639227694,1129.0,7402.202536077231,7504.0,0.0,4.0
2025-04-30 20:00:00,16183,270.0042424614145,1129.0,7275.995757538585,7504.0,0.0,4.0
2025-04-30 21:00:00,15351,269.8441812634322,0.0,7573.155818736568,7504.0,0.0,4.0
2025-04-30 22:00:00,14459,298.2384925780224,0.0,6652.7615074219775,7504.0,0.0,4.0
2025-04-30 23:00:00,13795,331.51577142083306,0.0,6025.484228579167,7434.0,0.0,4.0
2025-05-01 01:00:00,12352,-0.0,0.0,5026.0,7322.0,0.0,4.0
2025-05-01 02:00:00,12249,-0.0,0.0,4923.0,7322.0,0.0,4.0
2025-05-01 03:00:00,12354,-0.0,0.0,5028.0,7322.0,0.0,4.0
2025-05-01 04:00:00,13195,-0.0,0.0,5869.0,7322.0,0.0,4.0
2025-05-01 05:00:00,14021,1265.6927916781508,0.0,5429.3072083218485,7322.0,0.0,4.0
2025-05-01 06:00:00,14965,1037.1150034859534,0.0,6601.884996514047,7322.0,0.0,4.0
2025-05-01 07:00:00,15359,1206.985756696648,433.6876157805974,6465.326627522755,7249.0,0.0,4.0
2025-05-01 08:00:00,15317,1510.1197720726373,0.0,6496.880227927362,7306.0,0.0,4.0
2025-05-01 09:00:00,15132,1971.0055968588565,0.0,5845.994403141143,7311.0,0.0,4.0
2025-05-01 10:00:00,15043,2565.0040177567093,0.0,4996.99598224329,7477.0,0.0,4.0
2025-05-01 11:00:00,15227,2277.873222707132,0.0,5472.126777292868,7473.0,0.0,4.0
2025-05-01 12:00:00,15651,2237.613206492938,0.0,5936.386793507063,7473.0,0.0,4.0
2025-05-01 13:00:00,15806,2218.2152515311245,0.0,6110.7847484688755,7473.0,0.0,4.0
2025-05-01 14:00:00,16010,1910.237499095354,1129.0,5540.762500904646,7426.0,0.0,4.0
2025-05-01 15:00:00,16291,2267.404439620313,0.0,6615.5955603796865,7404.0,0.0,4.0
2025-05-01 16:00:00,16202,2564.881221316218,0.0,6229.118778683782,7404.0,0.0,4.0
2025-05-01 17:00:00,16221,2943.8206427773844,0.0,5869.179357222616,7404.0,0.0,4.0
2025-05-01 18:00:00,16051,3112.1083360123257,0.0,5530.891663987673,7404.0,0.0,4.0
2025-05-01 19:00:00,16172,3228.5781213430314,0.0,5519.421878656969,7420.0,0.0,4.0
2025-05-01 20:00:00,15812,3361.302928672568,0.0,5026.697071327431,7420.0,0.0,4.0
2025-05-01 21:00:00,14845,3215.492167708673,0.0,4205.507832291327,7420.0,0.0,4.0
2025-05-01 22:00:00,14051,2761.017762259586,0.0,3865.9822377404143,7420.0,0.0,4.0
2025-05-01 23:00:00,13399,2093.8737198423505,0.0,3859.1262801576486,7442.0,0.0,4.0
2025-05-02 00:00:00,13037,1957.309760929223,0.0,3633.6902390707764,7442.0,0.0,4.0
2025-05-02 01:00:00,12706,825.6469615617716,0.0,4434.353038438228,7442.0,0.0,4.0
2025-05-02 02:00:00,12522,810.634534584553,0.0,4265.365465415447,7442.0,0.0,4.0
2025-05-02 03:00:00,12550,1124.9683182237532,0.0,3979.031681776247,7442.0,0.0,4.0
2025-05-02 04:00:00,12988,881.0223745011817,0.0,4660.977625498818,7442.0,0.0,4.0
2025-05-02 05:00:00,13921,2391.0791666955733,0.0,4083.920833304426,7442.0,0.0,4.0
2025-05-02 06:00:00,14996,2431.4993107022324,0.0,5118.500689297767,7442.0,0.0,4.0
2025-05-02 07:00:00,15445,2537.6289624603055,0.0,5534.371037539695,7369.0,0.0,4.0
2025-05-02 08:00:00,15455,2547.400296045285,0.0,5477.599703954715,7426.0,0.0,4.0
2025-05-02 09:00:00,15323,2549.660649396861,0.0,5343.339350603139,7426.0,0.0,4.0
2025-05-02 10:00:00,15344,2388.445229351735,0.0,5568.554770648265,7383.0,0.0,4.0
2025-05-02 11:00:00,15353,2188.9180338321944,0.0,5863.081966167805,7297.0,0.0,4.0
2025-05-02 12:00:00,14981,2139.077330677097,0.0,5556.922669322903,7281.0,0.0,4.0
2025-05-02 13:00:00,14640,1951.540141624706,0.0,5339.459858375294,7345.0,0.0,4.0
2025-05-02 14:00:00,14780,1697.4699096874417,0.0,5700.530090312559,7378.0,0.0,4.0
2025-05-02 15:00:00,14973,1514.4867161777988,0.0,6076.513283822202,7378.0,0.0,4.0
2025-05-02 16:00:00,15524,1320.8584920661349,1129.0,5675.141507933866,7395.0,0.0,4.0
2025-05-02 17:00:00,15614,1221.321728046539,1129.0,5847.67827195346,7412.0,0.0,4.0
2025-05-02 18:00:00,15308,1423.1704009075825,393.31464725875173,5813.514951833667,7674.0,0.0,4.0
2025-05-02 19:00:00,15399,1586.7067779371882,0.0,6134.293222062812,7674.0,0.0,4.0
2025-05-02 20:00:00,15670,1424.8041651885565,1129.0,5438.195834811444,7674.0,0.0,4.0
2025-05-02 21:00:00,14756,1462.629627933096,0.0,5615.370372066904,7674.0,0.0,4.0
2025-05-02 22:00:00,13877,1225.4787213618797,0.0,4973.52127863812,7674.0,0.0,4.0
2025-05-02 23:00:00,13290,1090.17736443496,0.0,4521.82263556504,7674.0,0.0,4.0
2025-05-03 00:00:00,12389,59.094065377396646,0.0,4651.905934622603,7674.0,0.0,4.0
2025-05-03 01:00:00,12256,-0.0,0.0,4578.0,7674.0,0.0,4.0
2025-05-03 02:00:00,12251,-0.0,0.0,4573.0,7674.0,0.0,4.0
2025-05-03 03:00:00,12156,-0.0,0.0,4478.0,7674.0,0.0,4.0
2025-05-03 04:00:00,12492,-0.0,0.0,4814.0,7674.0,0.0,4.0
2025-05-03 05:00:00,12853,871.6214505156385,0.0,4332.378549484361,7645.0,0.0,4.0
2025-05-03 06:00:00,13462,958.2366346554523,0.0,4854.763365344548,7645.0,0.0,4.0
2025-05-03 07:00:00,14105,952.041505470752,0.0,5503.958494529248,7645.0,0.0,4.0
2025-05-03 08:00:00,14655,950.1694228416844,0.0,6055.830577158316,7645.0,0.0,4.0
2025-05-03 09:00:00,14819,858.3570896317545,1129.0,5182.642910368246,7645.0,0.0,4.0
2025-05-03 10:00:00,14912,824.0104368544663,0.0,6438.989563145533,7645.0,0.0,4.0
2025-05-03 11:00:00,14534,896.5025688328806,0.0,5959.497431167119,7674.0,0.0,4.0
2025-05-03 12:00:00,14134,1070.770579376463,0.0,5385.2294206235365,7674.0,0.0,4.0
2025-05-03 13:00:00,13783,1265.9136299880154,0.0,4839.086370011984,7674.0,0.0,4.0
2025-05-03 14:00:00,13809,1316.883106331052,0.0,4814.116893668948,7674.0,0.0,4.0
2025-05-03 15:00:00,14132,1248.984955673421,0.0,5205.015044326579,7674.0,0.0,4.0
2025-05-03 16:00:00,14635,1013.5197904207296,0.0,5943.480209579271,7674.0,0.0,4.0
2025-05-03 17:00:00,14838,947.4569269089596,1129.0,5083.543073091041,7674.0,0.0,4.0
2025-05-03 18:00:00,14933,870.7095481929479,1129.0,5255.290451807052,7674.0,0.0,4.0
2025-05-03 19:00:00,15138,1112.583203149485,897.2537739961201,5459.163022854395,7665.0,0.0,4.0
2025-05-03 20:00:00,14934,1186.4500224756116,0.0,6078.549977524388,7665.0,0.0,4.0
2025-05-03 21:00:00,14282,1241.9009623677314,0.0,5371.099037632268,7665.0,0.0,4.0
2025-05-03 22:00:00,13538,1329.4575453485515,0.0,4530.542454651448,7674.0,0.0,4.0
2025-05-03 23:00:00,13025,1341.04327810575,0.0,4252.95672189425,7427.0,0.0,4.0
2025-05-04 00:00:00,12318,1390.705073843185,0.0,3810.2949261568156,7113.0,0.0,4.0
2025-05-04 01:00:00,12096,171.4684222428973,0.0,4246.531577757103,7674.0,0.0,4.0
2025-05-04 02:00:00,12026,1299.3554469692372,0.0,3048.644553030763,7674.0,0.0,4.0
2025-05-04 03:00:00,11874,1554.1527453595752,0.0,2641.8472546404246,7674.0,0.0,4.0
2025-05-04 04:00:00,11782,1611.5624809194103,0.0,2492.4375190805895,7674.0,0.0,4.0
2025-05-04 05:00:00,12110,1589.6311303420036,0.0,2842.3688696579957,7674.0,0.0,4.0
2025-05-04 06:00:00,12444,1562.2741106847882,0.0,3203.725889315212,7674.0,0.0,4.0
2025-05-04 07:00:00,12829,1655.1035660584523,0.0,3495.896433941547,7674.0,0.0,4.0
2025-05-04 08:00:00,13047,2205.9939799522713,0.0,3163.006020047729,7674.0,0.0,4.0
2025-05-04 09:00:00,13108,2384.619930419413,0.0,3045.3800695805876,7674.0,0.0,4.0
2025-05-04 10:00:00,13181,2529.307676288391,0.0,2973.69232371161,7674.0,0.0,4.0
2025-05-04 11:00:00,13094,1808.118202253572,0.0,3607.881797746428,7674.0,0.0,4.0
2025-05-04 12:00:00,13105,1919.1093831402409,0.0,3507.890616859759,7674.0,0.0,4.0
2025-05-04 13:00:00,13118,1779.5960965429026,0.0,3657.4039034570974,7677.0,0.0,4.0
2025-05-04 14:00:00,13242,2815.8311264604854,0.0,2743.1688735395146,7679.0,0.0,4.0
2025-05-04 15:00:00,13826,2661.0582693766364,0.0,3481.9417306233627,7679.0,0.0,4.0
2025-05-04 16:00:00,14622,2547.017048794082,0.0,4391.982951205919,7679.0,0.0,4.0
2025-05-04 17:00:00,15147,2565.804741060811,677.3999999999991,4220.795258939191,7679.0,0.0,4.0
2025-05-04 18:00:00,15218,2331.5661877242264,1129.0,4074.4338122757727,7679.0,0.0,4.0
2025-05-04 19:00:00,15502,2269.1030830747495,1129.0,4420.8969169252505,7679.0,0.0,4.0
2025-05-04 20:00:00,15367,2273.7751825378523,1129.0,4281.224817462147,7679.0,0.0,4.0
2025-05-04 21:00:00,14623,2311.7356634989937,0.0,4875.264336501006,7432.0,0.0,4.0
2025-05-04 22:00:00,13705,2407.162094605253,0.0,4175.8379053947465,7118.0,0.0,4.0
2025-05-04 23:00:00,12955,2014.2184469720437,0.0,3257.7815530279568,7679.0,0.0,4.0
2025-05-05 00:00:00,12278,1207.8394815492834,0.0,3387.1605184507166,7679.0,0.0,4.0
2025-05-05 01:00:00,12012,1259.5112823070026,0.0,3069.4887176929974,7679.0,0.0,4.0
2025-05-05 02:00:00,12062,926.6154959880428,0.0,3452.3845040119572,7679.0,0.0,4.0
2025-05-05 03:00:00,12003,1236.6183880894157,0.0,3103.3816119105845,7659.0,0.0,4.0
2025-05-05 04:00:00,12572,2008.4302637681544,0.0,2900.569736231846,7659.0,0.0,4.0
2025-05-05 05:00:00,13907,2021.5318046872028,0.0,4222.4681953127965,7659.0,0.0,4.0
2025-05-05 06:00:00,15007,2229.26367689229,0.0,5117.736323107711,7656.0,0.0,4.0
2025-05-05 07:00:00,15343,1951.8124960440828,0.0,5868.187503955916,7519.0,0.0,4.0
2025-05-05 08:00:00,15241,1792.88391201021,0.0,6001.116087989791,7443.0,0.0,4.0
2025-05-05 09:00:00,15238,1781.9259093432522,0.0,6173.074090656748,7279.0,0.0,4.0
2025-05-05 10:00:00,15322,1502.1840903401387,0.0,6536.815909659861,7279.0,0.0,4.0
2025-05-05 11:00:00,14965,1273.896622401818,0.0,6428.103377598181,7259.0,0.0,4.0
2025-05-05 12:00:00,14986,1304.453084742804,0.0,6418.546915257197,7259.0,0.0,4.0
2025-05-05 13:00:00,14805,1196.846581966152,0.0,6403.153418033848,7201.0,0.0,4.0
2025-05-05 14:00:00,15288,964.774599341514,0.0,7063.225400658486,7256.0,0.0,4.0
2025-05-05 15:00:00,15384,1098.1040501331368,0.0,6961.895949866863,7320.0,0.0,4.0
2025-05-05 16:00:00,15882,1226.704298324732,1129.0,5995.295701675268,7527.0,0.0,4.0
2025-05-05 17:00:00,15902,1124.314346719594,1129.0,6112.685653280405,7532.0,0.0,4.0
2025-05-05 18:00:00,15959,1048.4587403392168,1129.0,6245.541259660782,7532.0,0.0,4.0
2025-05-05 19:00:00,16084,1539.4392575078366,897.2537739961201,6111.306968496044,7532.0,0.0,4.0
2025-05-05 20:00:00,15711,1434.332674355781,0.0,6740.667325644219,7532.0,0.0,4.0
2025-05-05 21:00:00,14894,1211.4096272610875,0.0,6146.590372738912,7532.0,0.0,4.0
2025-05-05 22:00:00,13918,1262.647069814571,0.0,5119.352930185429,7532.0,0.0,4.0
2025-05-05 23:00:00,13261,-0.0,0.0,5727.0,7530.0,0.0,4.0
2025-05-06 00:00:00,12749,-0.0,0.0,5215.0,7530.0,0.0,4.0
2025-05-06 01:00:00,12717,-0.0,0.0,5183.0,7530.0,0.0,4.0
2025-05-06 02:00:00,12402,-0.0,0.0,4868.0,7530.0,0.0,4.0
2025-05-06 03:00:00,12523,-0.0,0.0,4989.0,7530.0,0.0,4.0
2025-05-06 04:00:00,13085,-0.0,0.0,5553.0,7528.0,0.0,4.0
2025-05-06 05:00:00,14003,842.7792058411875,0.0,5628.220794158813,7528.0,0.0,4.0
2025-05-06 06:00:00,15031,747.9726831514921,1129.0,5622.027316848507,7528.0,0.0,4.0
2025-05-06 07:00:00,15260,1112.6094433942158,890.5610518284149,5724.829504777369,7528.0,0.0,4.0
2025-05-06 08:00:00,15117,1368.4675189965474,0.0,6699.532481003453,7045.0,0.0,4.0
2025-05-06 09:00:00,15048,156.10507886053188,0.0,7911.894921139468,6976.0,0.0,4.0
2025-05-06 10:00:00,15145,194.8424561588404,0.0,7970.15754384116,6976.0,0.0,4.0
2025-05-06 11:00:00,15096,1304.7447292726356,0.0,6605.255270727364,7182.0,0.0,4.0
2025-05-06 12:00:00,15198,1236.6089269992185,0.0,6775.391073000781,7182.0,0.0,4.0
2025-05-06 13:00:00,15238,1101.571879381144,0.0,6950.428120618855,7182.0,0.0,4.0
2025-05-06 14:00:00,15270,882.2128449964855,0.0,6718.787155003514,7665.0,0.0,4.0
2025-05-06 15:00:00,15368,748.0754761156411,0.0,6950.92452388436,7665.0,0.0,4.0
2025-05-06 16:00:00,15871,511.1142101981493,0.0,7612.8857898018505,7743.0,0.0,4.0
2025-05-06 17:00:00,16063,332.21443042636895,1129.0,6856.785569573631,7741.0,0.0,4.0
2025-05-06 18:00:00,16122,298.44444224431385,1129.0,6949.555557755686,7741.0,0.0,4.0
2025-05-06 19:00:00,16262,286.250277482023,1129.0,7101.749722517978,7741.0,0.0,4.0
2025-05-06 20:00:00,16055,412.1841142011914,787.3268869980594,7110.488998800749,7741.0,0.0,4.0
2025-05-06 21:00:00,15090,529.200163659673,0.0,6815.799836340328,7741.0,0.0,4.0
2025-05-06 22:00:00,14125,579.6015279140877,0.0,5800.398472085912,7741.0,0.0,4.0
2025-05-06 23:00:00,13307,-0.0,0.0,5562.0,7741.0,0.0,4.0
2025-05-07 00:00:00,12729,-0.0,0.0,4984.0,7741.0,0.0,4.0
2025-05-07 01:00:00,12315,-0.0,0.0,4570.0,7741.0,0.0,4.0
2025-05-07 02:00:00,12273,-0.0,0.0,4528.0,7741.0,0.0,4.0
2025-05-07 03:00:00,12348,-0.0,0.0,4603.0,7741.0,0.0,4.0
2025-05-07 04:00:00,12868,-0.0,0.0,5144.0,7720.0,0.0,4.0
2025-05-07 05:00:00,13740,799.6982110046648,0.0,5216.301788995335,7720.0,0.0,4.0
2025-05-07 06:00:00,14943,677.855475920129,0.0,6541.144524079871,7720.0,0.0,4.0
2025-05-07 07:00:00,15353,563.8927534640239,1129.0,6009.107246535976,7647.0,0.0,4.0
2025-05-07 08:00:00,15269,664.8153458298832,629.4904683939326,6508.694185776185,7462.0,0.0,4.0
2025-05-07 09:00:00,15095,852.6280682253027,0.0,6776.371931774698,7462.0,0.0,4.0
2025-05-07 10:00:00,15075,1029.5184079306764,0.0,6579.481592069324,7462.0,0.0,4.0
2025-05-07 11:00:00,15090,1220.1395362434564,0.0,6403.860463756544,7462.0,0.0,4.0
2025-05-07 12:00:00,15053,1380.6584844743493,0.0,6206.341515525652,7462.0,0.0,4.0
2025-05-07 13:00:00,15119,1446.1695336088023,0.0,6206.830466391199,7462.0,0.0,4.0
2025-05-07 14:00:00,15190,1512.0064926679936,0.0,6211.993507332007,7462.0,0.0,4.0
2025-05-07 15:00:00,15474,1820.8831703117728,0.0,5945.116829688228,7704.0,0.0,4.0
2025-05-07 16:00:00,15837,2218.454840538727,0.0,5889.545159461273,7725.0,0.0,4.0
2025-05-07 17:00:00,15990,1978.928963796828,0.0,6266.071036203171,7741.0,0.0,4.0
2025-05-07 18:00:00,16279,1716.8249109308997,1129.0,5688.1750890691,7741.0,0.0,4.0
2025-05-07 19:00:00,16311,1702.8600740963852,1129.0,5734.139925903615,7741.0,0.0,4.0
2025-05-07 20:00:00,16092,1768.6557398382115,0.0,6578.344260161788,7741.0,0.0,4.0
2025-05-07 21:00:00,15017,2076.7902147281748,0.0,5195.209785271825,7741.0,0.0,4.0
2025-05-07 22:00:00,13810,2253.969379207089,0.0,3948.0306207929116,7604.0,0.0,4.0
2025-05-07 23:00:00,13034,864.07171852905,0.0,4561.9282814709495,7604.0,0.0,4.0
2025-05-08 00:00:00,12685,985.9543672416077,0.0,3954.0456327583925,7741.0,0.0,4.0
2025-05-08 01:00:00,12616,827.7627679519089,0.0,4043.237232048091,7741.0,0.0,4.0
2025-05-08 02:00:00,12339,840.0432256393944,0.0,3753.956774360606,7741.0,0.0,4.0
2025-05-08 03:00:00,12573,1563.624045544795,0.0,3265.375954455205,7741.0,0.0,3.0
2025-05-08 04:00:00,13107,1593.9543303213209,0.0,3769.0456696786787,7741.0,0.0,3.0
2025-05-08 05:00:00,14120,1548.2635322407668,0.0,4827.736467759234,7741.0,0.0,3.0
2025-05-08 06:00:00,15284,1644.448833478909,0.0,5895.551166521091,7741.0,0.0,3.0
2025-05-08 07:00:00,15535,1807.636805414458,0.0,6056.363194585541,7668.0,0.0,3.0
2025-05-08 08:00:00,15467,1622.6321233881554,0.0,6734.367876611845,7107.0,0.0,3.0
2025-05-08 09:00:00,15503,1428.1830725569769,0.0,6907.816927443024,7164.0,0.0,3.0
2025-05-08 10:00:00,15470,1476.634723413753,0.0,6826.365276586246,7164.0,0.0,3.0
2025-05-08 11:00:00,14820,1720.3079775890408,0.0,5932.69202241096,7164.0,0.0,3.0
2025-05-08 12:00:00,14649,2006.6124565395817,0.0,5475.387543460418,7164.0,0.0,3.0
2025-05-08 13:00:00,14322,1788.887648725094,0.0,5366.112351274905,7164.0,0.0,3.0
2025-05-08 14:00:00,14578,1811.9239775742017,0.0,5599.076022425799,7164.0,0.0,3.0
2025-05-08 15:00:00,14809,1801.8117447815905,0.0,5266.188255218409,7737.0,0.0,4.0
2025-05-08 16:00:00,15298,1848.3787726805128,0.0,5708.621227319487,7737.0,0.0,4.0
2025-05-08 17:00:00,15528,1871.9122177412992,0.0,5845.087782258701,7807.0,0.0,4.0
2025-05-08 18:00:00,15686,1531.0868766797676,201.56117653578377,6142.351946784448,7807.0,0.0,4.0
2025-05-08 19:00:00,16107,1212.2708111061056,1129.0,5954.729188893894,7807.0,0.0,4.0
2025-05-08 20:00:00,16028,1020.4702721676216,1129.0,6067.529727832378,7807.0,0.0,4.0
2025-05-08 21:00:00,15227,1035.231608829453,1129.0,5251.768391170546,7807.0,0.0,4.0
2025-05-08 22:00:00,14230,1114.579988576603,0.0,5304.420011423397,7807.0,0.0,4.0
2025-05-08 23:00:00,13586,1116.0236914897562,0.0,4658.976308510244,7807.0,0.0,4.0
2025-05-09 00:00:00,13233,-0.0,0.0,5664.0,7565.0,0.0,4.0
2025-05-09 01:00:00,13041,-0.0,0.0,5230.0,7807.0,0.0,4.0
2025-05-09 02:00:00,13043,-0.0,0.0,5232.0,7807.0,0.0,4.0
2025-05-09 03:00:00,13169,-0.0,0.0,5358.0,7807.0,0.0,4.0
2025-05-09 04:00:00,13578,1026.8740462721653,0.0,4740.125953727835,7807.0,0.0,4.0
2025-05-09 05:00:00,14471,987.833186813733,0.0,5672.166813186266,7807.0,0.0,4.0
2025-05-09 06:00:00,15451,895.260313363486,1129.0,5615.739686636514,7807.0,0.0,4.0
2025-05-09 07:00:00,15508,494.2141375196095,1129.0,6146.78586248039,7734.0,0.0,4.0
2025-05-09 08:00:00,15131,496.1874638540143,1129.0,5831.812536145986,7670.0,0.0,4.0
2025-05-09 09:00:00,14706,721.6648411017165,0.0,6364.335158898284,7616.0,0.0,4.0
2025-05-09 10:00:00,14469,1091.4764055062726,0.0,5842.523594493727,7531.0,0.0,4.0
2025-05-09 11:00:00,14225,1465.511028289863,0.0,5224.488971710138,7531.0,0.0,4.0
2025-05-09 12:00:00,14038,593.0156804978642,0.0,5909.984319502136,7531.0,0.0,4.0
2025-05-09 13:00:00,14025,560.1835009998906,0.0,5829.81649900011,7631.0,0.0,4.0
2025-05-09 14:00:00,14098,492.3178018108465,0.0,5954.6821981891535,7647.0,0.0,4.0
2025-05-09 15:00:00,14461,1509.9332708776892,0.0,5300.066729122311,7647.0,0.0,4.0
2025-05-09 16:00:00,14942,1230.2539731584989,0.0,6057.746026841502,7650.0,0.0,4.0
2025-05-09 17:00:00,15116,1057.5992767934688,0.0,6336.4007232065305,7718.0,0.0,4.0
2025-05-09 18:00:00,15465,760.975690773686,1129.0,5843.024309226314,7728.0,0.0,4.0
2025-05-09 19:00:00,15901,708.9902000228825,1129.0,6331.009799977117,7728.0,0.0,4.0
2025-05-09 20:00:00,15793,709.6234046862793,1129.0,6222.376595313721,7728.0,0.0,4.0
2025-05-09 21:00:00,14941,626.663893412076,558.55377399612,6160.782332591803,7591.0,0.0,4.0
2025-05-09 22:00:00,14023,640.4363424834553,0.0,5650.5636575165445,7728.0,0.0,4.0
2025-05-09 23:00:00,13207,734.865650402866,0.0,4740.134349597134,7728.0,0.0,4.0
2025-05-10 00:00:00,12658,961.8004925053898,0.0,3977.19950749461,7715.0,0.0,4.0
2025-05-10 01:00:00,12435,1106.215110046298,0.0,3617.784889953702,7707.0,0.0,4.0
2025-05-10 02:00:00,12460,1281.8050379926258,0.0,3465.1949620073738,7709.0,0.0,4.0
2025-05-10 03:00:00,12366,1340.3468595851648,0.0,3312.6531404148354,7709.0,0.0,4.0
2025-05-10 04:00:00,12556,1210.710992483837,0.0,3631.289007516163,7710.0,0.0,4.0
2025-05-10 05:00:00,12936,1140.684906624622,0.0,4081.3150933753786,7710.0,0.0,4.0
2025-05-10 06:00:00,13390,1168.3212437508462,0.0,4507.678756249154,7710.0,0.0,4.0
2025-05-10 07:00:00,13601,865.897981977328,0.0,5021.1020180226715,7710.0,0.0,4.0
2025-05-10 08:00:00,13646,832.3474652641374,0.0,5099.652534735862,7710.0,0.0,4.0
2025-05-10 09:00:00,13418,858.7771909719861,0.0,4836.222809028013,7719.0,0.0,4.0
2025-05-10 10:00:00,13368,1077.6642571247278,0.0,4567.3357428752715,7719.0,0.0,4.0
2025-05-10 11:00:00,13308,1302.2498502659607,0.0,4282.75014973404,7719.0,0.0,4.0
2025-05-10 12:00:00,13270,1501.090114342283,0.0,4045.9098856577166,7719.0,0.0,4.0
2025-05-10 13:00:00,13120,1798.0425729292713,0.0,3598.957427070729,7719.0,0.0,4.0
2025-05-10 14:00:00,13080,1853.8227811474153,0.0,3503.1772188525847,7719.0,0.0,4.0
2025-05-10 15:00:00,13484,1964.2776703509076,0.0,3796.722329649092,7719.0,0.0,4.0
2025-05-10 16:00:00,14021,2474.487168678361,0.0,3823.512831321639,7719.0,0.0,4.0
2025-05-10 17:00:00,14282,2756.584273418405,0.0,3802.4157265815957,7719.0,0.0,4.0
2025-05-10 18:00:00,14391,2477.2906754995056,0.0,4190.709324500494,7719.0,0.0,4.0
2025-05-10 19:00:00,14622,2322.443505044728,0.0,4576.556494955272,7719.0,0.0,4.0
2025-05-10 20:00:00,14623,2208.95838067738,0.0,4691.041619322619,7719.0,0.0,4.0
2025-05-10 21:00:00,13985,2273.0739708329656,0.0,3988.9260291670344,7719.0,0.0,4.0
2025-05-10 22:00:00,13280,2304.938842863496,0.0,3252.0611571365043,7719.0,0.0,4.0
2025-05-10 23:00:00,12501,1905.2691067258008,0.0,2872.7308932742,7719.0,0.0,4.0
2025-05-11 00:00:00,12127,1611.9447669825213,0.0,2792.0552330174796,7719.0,0.0,4.0
2025-05-11 01:00:00,11827,1512.3370333939754,0.0,2591.6629666060253,7719.0,0.0,4.0
2025-05-11 02:00:00,11699,125.51906717674046,0.0,3850.4809328232595,7719.0,0.0,4.0
2025-05-11 03:00:00,11772,311.4435686766549,0.0,3738.5564313233454,7718.0,0.0,4.0
2025-05-11 04:00:00,12011,538.8090273157902,0.0,3750.1909726842096,7718.0,0.0,4.0
2025-05-11 05:00:00,12175,533.2441118956856,0.0,3919.755888104314,7718.0,0.0,4.0
2025-05-11 06:00:00,12590,1465.6384413107962,0.0,3402.3615586892047,7718.0,0.0,4.0
2025-05-11 07:00:00,12905,1242.878453501413,0.0,3940.121546498587,7718.0,0.0,4.0
2025-05-11 08:00:00,12826,1214.4928216804285,0.0,3889.507178319571,7718.0,0.0,4.0
2025-05-11 09:00:00,12794,1105.0976881801455,0.0,3966.9023118198547,7718.0,0.0,4.0
2025-05-11 10:00:00,12897,1084.0891183829576,0.0,4090.910881617043,7718.0,0.0,4.0
2025-05-11 11:00:00,12845,992.2457254270116,0.0,4130.754274572988,7718.0,0.0,4.0
2025-05-11 12:00:00,12775,945.3856125559868,0.0,4107.614387444013,7718.0,0.0,4.0
2025-05-11 13:00:00,12677,745.0375795949375,0.0,4208.962420405063,7719.0,0.0,4.0
2025-05-11 14:00:00,12924,672.316201444851,0.0,4528.683798555148,7719.0,0.0,4.0
2025-05-11 15:00:00,13277,521.0122001476401,0.0,5032.987799852361,7719.0,0.0,4.0
2025-05-11 16:00:00,13943,687.8992041006024,0.0,5532.100795899398,7719.0,0.0,4.0
2025-05-11 17:00:00,14392,895.6807202268988,0.0,5773.319279773101,7719.0,0.0,4.0
2025-05-11 18:00:00,14648,851.5197083821515,1129.0,4944.480291617849,7719.0,0.0,4.0
2025-05-11 19:00:00,15042,880.3841004816774,1129.0,5309.615899518323,7719.0,0.0,4.0
2025-05-11 20:00:00,15090,1262.449879024158,1015.4105992141992,5089.139521761643,7719.0,0.0,4.0
2025-05-11 21:00:00,14284,1642.5916775984992,0.0,4976.408322401501,7661.0,0.0,4.0
2025-05-11 22:00:00,13388,1788.2806372660225,0.0,3934.7193627339766,7661.0,0.0,4.0
2025-05-11 23:00:00,12576,52.50291939253361,0.0,4990.497080607466,7529.0,0.0,4.0
2025-05-12 00:00:00,12152,-0.0,0.0,4619.0,7529.0,0.0,4.0
2025-05-12 01:00:00,12026,-0.0,0.0,4361.0,7661.0,0.0,4.0
2025-05-12 02:00:00,12031,-0.0,0.0,4366.0,7661.0,0.0,4.0
2025-05-12 03:00:00,12251,701.9392794492522,0.0,3884.0607205507476,7661.0,0.0,4.0
2025-05-12 04:00:00,12813,646.977592835785,0.0,4501.022407164215,7661.0,0.0,4.0
2025-05-12 05:00:00,13817,706.6065274194777,0.0,5445.393472580523,7661.0,0.0,4.0
2025-05-12 06:00:00,14895,755.4101212101289,0.0,6474.589878789871,7661.0,0.0,4.0
2025-05-12 07:00:00,15074,437.1771735864452,0.0,7072.822826413555,7560.0,0.0,4.0
2025-05-12 08:00:00,14808,432.3245538185837,0.0,6808.675446181416,7563.0,0.0,4.0
2025-05-12 09:00:00,14626,521.2469050110725,0.0,6537.753094988928,7563.0,0.0,4.0
2025-05-12 10:00:00,14786,591.661653925405,0.0,6627.338346074595,7563.0,0.0,4.0
2025-05-12 11:00:00,14973,654.833520813318,0.0,6818.166479186682,7496.0,0.0,4.0
2025-05-12 12:00:00,15028,621.6432483450334,0.0,6912.3567516549665,7490.0,0.0,4.0
2025-05-12 13:00:00,14957,682.3979484123564,0.0,6766.6020515876435,7504.0,0.0,4.0
2025-05-12 14:00:00,15182,743.183144934907,0.0,6930.8168550650935,7504.0,0.0,4.0
2025-05-12 15:00:00,15672,745.4083030142915,0.0,7399.591696985708,7523.0,0.0,4.0
2025-05-12 16:00:00,16377,586.189831374945,897.2537739961201,7343.556394628936,7546.0,0.0,4.0
2025-05-12 17:00:00,16740,540.2696936482879,1129.0,7557.730306351712,7509.0,0.0,4.0
2025-05-12 18:00:00,16866,633.9582852511095,1129.0,7590.0417147488915,7509.0,0.0,4.0
2025-05-12 19:00:00,16688,956.9271588391356,0.0,8218.072841160865,7509.0,0.0,4.0
2025-05-12 20:00:00,16571,905.916868744868,1129.0,6950.083131255131,7582.0,0.0,4.0
2025-05-12 21:00:00,15405,914.328896826075,0.0,6904.671103173925,7582.0,0.0,4.0
2025-05-12 22:00:00,14368,1154.5549409306982,0.0,5627.445059069301,7582.0,0.0,4.0
2025-05-12 23:00:00,13350,1354.9467866384723,0.0,4409.053213361527,7582.0,0.0,4.0
2025-05-13 00:00:00,12817,227.8286568516976,0.0,5003.171343148302,7582.0,0.0,4.0
2025-05-13 01:00:00,12446,387.8396564981604,0.0,4472.16034350184,7582.0,0.0,4.0
2025-05-13 02:00:00,12311,313.55466276829793,0.0,4440.445337231702,7553.0,0.0,4.0
2025-05-13 03:00:00,12404,-0.0,0.0,4847.0,7553.0,0.0,4.0
2025-05-13 04:00:00,12657,1072.8902655218276,0.0,3998.109734478172,7582.0,0.0,4.0
2025-05-13 05:00:00,13812,1107.4823320221888,0.0,5118.517667977811,7582.0,0.0,4.0
2025-05-13 06:00:00,14722,1125.5096058777294,0.0,6051.490394122271,7541.0,0.0,4.0
2025-05-13 07:00:00,15163,1036.2185584543347,644.5956941968175,6067.185747348847,7411.0,0.0,4.0
2025-05-13 08:00:00,15147,1016.700374942315,1129.0,5635.299625057685,7362.0,0.0,4.0
2025-05-13 09:00:00,15330,998.973766827145,1129.0,5836.026233172855,7362.0,0.0,4.0
2025-05-13 10:00:00,15441,1172.9161950812454,0.0,7023.083804918755,7241.0,0.0,4.0
2025-05-13 11:00:00,15433,1396.2085236723792,0.0,6813.79147632762,7219.0,0.0,4.0
2025-05-13 12:00:00,15523,1563.3325196104652,0.0,6736.667480389535,7219.0,0.0,4.0
2025-05-13 13:00:00,15432,1873.6478140955255,0.0,6215.352185904474,7339.0,0.0,4.0
2025-05-13 14:00:00,15642,1873.7816103925168,0.0,6402.218389607484,7362.0,0.0,4.0
2025-05-13 15:00:00,15993,2154.9639284615005,0.0,6442.0360715384995,7392.0,0.0,4.0
2025-05-13 16:00:00,16401,2484.535751857133,0.0,6480.464248142867,7432.0,0.0,4.0
2025-05-13 17:00:00,16574,2615.5399737474995,0.0,6436.4600262525,7518.0,0.0,4.0
2025-05-13 18:00:00,16736,2487.502293166362,1013.12688699806,5713.370819835577,7518.0,0.0,4.0
2025-05-13 19:00:00,16839,2631.469920130622,0.0,6685.530079869379,7518.0,0.0,4.0
2025-05-13 20:00:00,16515,2877.2235029776934,0.0,6115.776497022307,7518.0,0.0,4.0
2025-05-13 21:00:00,15168,2731.4660275193473,0.0,4914.533972480653,7518.0,0.0,4.0
2025-05-13 22:00:00,14270,2034.709898681773,0.0,4713.290101318227,7518.0,0.0,4.0
2025-05-13 23:00:00,13305,1400.0498303628976,0.0,4382.950169637103,7518.0,0.0,4.0
2025-05-14 00:00:00,12848,415.32051465808513,0.0,4980.679485341915,7448.0,0.0,4.0
2025-05-14 01:00:00,12590,644.3392231670587,0.0,4493.660776832941,7448.0,0.0,4.0
2025-05-14 02:00:00,12580,353.85964600123,0.0,4774.14035399877,7448.0,0.0,4.0
2025-05-14 03:00:00,12634,323.7995921361453,0.0,4858.200407863855,7448.0,0.0,4.0
2025-05-14 04:00:00,12989,1278.512806963391,0.0,4258.487193036609,7448.0,0.0,4.0
2025-05-14 05:00:00,13844,1475.4014331394392,0.0,4916.598566860561,7448.0,0.0,4.0
2025-05-14 06:00:00,14905,1593.3801835488644,0.0,5957.619816451135,7350.0,0.0,4.0
2025-05-14 07:00:00,15209,1711.010367949925,0.0,6247.989632050076,7246.0,0.0,4.0
2025-05-14 08:00:00,15358,1714.0855267337506,0.0,6456.91447326625,7183.0,0.0,4.0
2025-05-14 09:00:00,15669,1760.9232868757113,0.0,6964.076713124288,6940.0,0.0,4.0
2025-05-14 10:00:00,15835,1606.516448920326,0.0,7040.483551079675,7184.0,0.0,4.0
2025-05-14 11:00:00,15912,1427.2370317090797,0.0,7095.762968290921,7385.0,0.0,4.0
2025-05-14 12:00:00,15994,1270.5010976410322,0.0,7258.498902358968,7461.0,0.0,4.0
2025-05-14 13:00:00,16123,1146.7688536437297,0.0,7511.231146356271,7461.0,0.0,4.0
2025-05-14 14:00:00,16251,1029.5421118164747,858.3611468954102,6876.0967412881155,7483.0,0.0,4.0
2025-05-14 15:00:00,16574,967.2164508356756,1129.0,6990.783549164324,7483.0,0.0,4.0
2025-05-14 16:00:00,16902,1074.9756171717795,1129.0,7175.02438282822,7519.0,0.0,4.0
2025-05-14 17:00:00,16676,1196.6751505860298,1129.0,6769.32484941397,7577.0,0.0,4.0
2025-05-14 18:00:00,16641,1503.7369110892678,0.0,7556.263088910731,7577.0,0.0,4.0
2025-05-14 19:00:00,16808,1567.0958356707845,0.0,7659.904164329215,7577.0,0.0,4.0
2025-05-14 20:00:00,16619,1386.874060996577,0.0,7651.125939003423,7577.0,0.0,4.0
2025-05-14 21:00:00,15582,1346.205958977412,0.0,6654.794041022587,7577.0,0.0,4.0
2025-05-14 22:00:00,14397,1393.1057508992576,0.0,5422.894249100742,7577.0,0.0,4.0
2025-05-14 23:00:00,13517,1111.3568519720557,0.0,4824.643148027944,7577.0,0.0,4.0
2025-05-15 00:00:00,12965,-0.0,0.0,5384.0,7577.0,0.0,4.0
2025-05-15 01:00:00,12742,-0.0,0.0,5161.0,7577.0,0.0,4.0
2025-05-15 02:00:00,12747,-0.0,0.0,5166.0,7577.0,0.0,4.0
2025-05-15 03:00:00,12679,-0.0,0.0,5098.0,7577.0,0.0,4.0
2025-05-15 04:00:00,13054,-0.0,0.0,5473.0,7577.0,0.0,4.0
2025-05-15 05:00:00,13973,988.346105228919,0.0,5403.6538947710815,7577.0,0.0,4.0
2025-05-15 06:00:00,15268,711.5791978054168,0.0,6975.420802194583,7577.0,0.0,4.0
2025-05-15 07:00:00,15692,476.25091188986875,0.0,8182.749088110131,7029.0,0.0,4.0
2025-05-15 08:00:00,15738,442.4571909866,0.0,8262.542809013401,7029.0,0.0,4.0
2025-05-15 09:00:00,15893,497.44109819711457,0.0,8295.558901802886,7096.0,0.0,4.0
2025-05-15 10:00:00,15984,698.7099836484377,0.0,7740.290016351562,7541.0,0.0,4.0
2025-05-15 11:00:00,16018,880.2238476233565,0.0,7592.776152376644,7541.0,0.0,4.0
2025-05-15 12:00:00,16389,1050.4006109076238,0.0,7793.599389092376,7541.0,0.0,4.0
2025-05-15 13:00:00,16511,1077.698011530557,0.0,7943.301988469442,7486.0,0.0,4.0
2025-05-15 14:00:00,16743,1069.994447989412,0.0,8183.005552010589,7486.0,0.0,4.0
2025-05-15 15:00:00,16827,1026.8579393813966,897.2537739961201,7412.888286622484,7486.0,0.0,4.0
2025-05-15 16:00:00,17437,866.6836470760875,1129.0,7995.316352923912,7442.0,0.0,4.0
2025-05-15 17:00:00,17630,777.0240181684431,1129.0,8277.975981831558,7442.0,0.0,4.0
2025-05-15 18:00:00,17674,961.0676210881946,1129.0,8137.932378911806,7442.0,0.0,4.0
2025-05-15 19:00:00,17511,1465.453419199357,0.0,8621.546580800643,7420.0,0.0,4.0
2025-05-15 20:00:00,17129,2069.203707928506,0.0,7635.7962920714945,7420.0,0.0,4.0
2025-05-15 21:00:00,15998,2567.6387638589244,0.0,6006.361236141076,7420.0,0.0,4.0
2025-05-15 22:00:00,14901,2435.1882783361357,0.0,5041.811721663864,7420.0,0.0,4.0
2025-05-15 23:00:00,13973,2492.5861559461932,0.0,4056.4138440538063,7420.0,0.0,4.0
2025-05-16 00:00:00,13286,1448.0261129423452,0.0,4413.973887057655,7420.0,0.0,4.0
2025-05-16 01:00:00,13045,1790.9937360891267,0.0,3830.0062639108733,7420.0,0.0,4.0
2025-05-16 02:00:00,12896,1125.011173992093,0.0,4346.988826007907,7420.0,0.0,4.0
2025-05-16 03:00:00,13009,402.3336947957514,0.0,5182.666305204249,7420.0,0.0,4.0
2025-05-16 04:00:00,13369,892.5885744751541,0.0,5051.411425524846,7421.0,0.0,4.0
2025-05-16 05:00:00,14167,1237.4593240774425,0.0,5504.540675922557,7421.0,0.0,4.0
2025-05-16 06:00:00,14890,1366.6059855661083,0.0,6199.394014433892,7320.0,0.0,4.0
2025-05-16 07:00:00,15710,1223.5350748005617,0.0,7266.464925199438,7216.0,0.0,4.0
2025-05-16 08:00:00,15975,1083.3506166555912,0.0,7671.649383344409,7216.0,0.0,4.0
2025-05-16 09:00:00,16169,1630.1848441639968,0.0,7318.815155836004,7216.0,0.0,4.0
2025-05-16 10:00:00,16534,1075.7960042684444,0.0,8037.203995731556,7417.0,0.0,4.0
2025-05-16 11:00:00,16525,1149.8373690443814,0.0,7954.1626309556195,7417.0,0.0,4.0
2025-05-16 12:00:00,16723,1216.0709070643145,0.0,8070.929092935687,7432.0,0.0,4.0
2025-05-16 13:00:00,16779,1585.7373272773768,0.0,7676.262672722623,7513.0,0.0,4.0
2025-05-16 14:00:00,16868,1771.8863325204045,0.0,7579.113667479596,7513.0,0.0,4.0
2025-05-16 15:00:00,17397,1514.6710677549536,0.0,8365.328932245047,7513.0,0.0,4.0
2025-05-16 16:00:00,17948,1289.082185626939,1129.0,7923.9178143730605,7602.0,0.0,4.0
2025-05-16 17:00:00,18091,929.0443727475744,1129.0,8426.955627252426,7602.0,0.0,4.0
2025-05-16 18:00:00,18153,856.1159896433172,1129.0,8688.884010356684,7475.0,0.0,4.0
2025-05-16 19:00:00,17897,1153.5684539502972,677.3999999999994,8587.031546049702,7475.0,0.0,4.0
2025-05-16 20:00:00,17518,1912.8591399343088,0.0,8126.1408600656905,7475.0,0.0,4.0
2025-05-16 21:00:00,16464,2415.914405233969,0.0,6569.085594766031,7475.0,0.0,4.0
2025-05-16 22:00:00,15189,2564.4078336808416,0.0,5145.592166319158,7475.0,0.0,4.0
2025-05-16 23:00:00,14102,3059.4175437578065,0.0,3564.582456242193,7475.0,0.0,3.0
2025-05-17 00:00:00,13360,3250.9707744742364,0.0,2433.0292255257627,7673.0,0.0,3.0
2025-05-17 01:00:00,12811,2569.789830389425,0.0,2583.2101696105747,7655.0,0.0,3.0
2025-05-17 02:00:00,12532,2508.906765118899,0.0,2365.0932348811,7655.0,0.0,3.0
2025-05-17 03:00:00,12423,2064.9215213513685,0.0,2700.078478648631,7655.0,0.0,3.0
2025-05-17 04:00:00,12432,1878.7171928641517,0.0,2895.282807135849,7655.0,0.0,3.0
2025-05-17 05:00:00,12637,1731.688117627864,0.0,3247.311882372136,7655.0,0.0,3.0
2025-05-17 06:00:00,13145,1674.569843050897,0.0,4054.4301569491035,7413.0,0.0,3.0
2025-05-17 07:00:00,13822,1840.0390661774609,0.0,4565.960933822538,7413.0,0.0,3.0
2025-05-17 08:00:00,14378,2435.8010601790697,0.0,4526.19893982093,7413.0,0.0,3.0
2025-05-17 09:00:00,14838,2670.1525109888325,0.0,4751.847489011168,7413.0,0.0,3.0
2025-05-17 10:00:00,15065,3153.5456865286637,0.0,4495.454313471337,7413.0,0.0,3.0
2025-05-17 11:00:00,15230,2747.8001796738763,0.0,5066.199820326125,7413.0,0.0,3.0
2025-05-17 12:00:00,15085,3369.661669471504,0.0,4299.338330528495,7413.0,0.0,3.0
2025-05-17 13:00:00,14748,3359.874698774344,0.0,3972.1253012256566,7413.0,0.0,3.0
2025-05-17 14:00:00,14653,3336.4435796311377,0.0,3900.5564203688627,7413.0,0.0,3.0
2025-05-17 15:00:00,14944,3501.788500641967,0.0,3784.2114993580326,7655.0,0.0,3.0
2025-05-17 16:00:00,15272,3343.140812963912,0.0,4252.859187036087,7673.0,0.0,3.0
2025-05-17 17:00:00,15215,3407.645974408032,0.0,4131.354025591969,7673.0,0.0,3.0
2025-05-17 18:00:00,15032,3383.1945533113217,0.0,3972.805446688679,7673.0,0.0,3.0
2025-05-17 19:00:00,14965,3318.9736665508885,0.0,3970.026333449112,7673.0,0.0,3.0
2025-05-17 20:00:00,14858,3115.7527879828713,0.0,4066.2472120171296,7673.0,0.0,3.0
2025-05-17 21:00:00,14178,3190.917340725159,0.0,3311.0826592748417,7673.0,0.0,3.0
2025-05-17 22:00:00,13388,2927.564815350956,0.0,2784.4351846490445,7673.0,0.0,3.0
2025-05-17 23:00:00,12660,2884.39428894668,0.0,2099.60571105332,7673.0,0.0,3.0
2025-05-18 00:00:00,12103,2195.4614942821613,0.0,2231.538505717839,7673.0,0.0,3.0
2025-05-18 01:00:00,12075,773.5737069344464,0.0,3625.4262930655536,7673.0,0.0,3.0
2025-05-18 02:00:00,11743,1088.3464676268582,0.0,2978.653532373142,7673.0,0.0,3.0
2025-05-18 03:00:00,11635,863.6150542186349,0.0,3095.384945781365,7673.0,0.0,3.0
2025-05-18 04:00:00,11664,1040.1831067539788,0.0,2947.816893246021,7673.0,0.0,3.0
2025-05-18 05:00:00,11836,1809.1581874229112,0.0,2350.8418125770895,7673.0,0.0,3.0
2025-05-18 06:00:00,12495,1832.3875925855589,0.0,2986.612407414441,7673.0,0.0,3.0
2025-05-18 07:00:00,13261,1915.6242341795528,0.0,3669.3757658204468,7673.0,0.0,3.0
2025-05-18 08:00:00,13774,2223.085333963063,0.0,3874.914666036937,7673.0,0.0,3.0
2025-05-18 09:00:00,14068,2214.241280519932,0.0,4177.758719480069,7673.0,0.0,3.0
2025-05-18 10:00:00,14193,2155.490806847579,0.0,4361.509193152422,7673.0,0.0,3.0
2025-05-18 11:00:00,14082,1978.6439438298376,0.0,4427.3560561701615,7673.0,0.0,3.0
2025-05-18 12:00:00,13836,1925.79492261721,0.0,4234.2050773827905,7673.0,0.0,3.0
2025-05-18 13:00:00,13853,1877.9391867334368,0.0,4543.060813266564,7429.0,0.0,3.0
2025-05-18 14:00:00,13808,1837.0647002833507,0.0,4538.93529971665,7429.0,0.0,3.0
2025-05-18 15:00:00,14124,1841.3779929172647,0.0,4850.622007082735,7429.0,0.0,3.0
2025-05-18 16:00:00,14433,1836.2583196464493,0.0,5164.741680353551,7429.0,0.0,3.0
2025-05-18 17:00:00,14668,1724.4188922538456,0.0,5267.581107746155,7673.0,0.0,3.0
2025-05-18 18:00:00,14717,1447.208409876466,1129.0,4464.791590123534,7673.0,0.0,3.0
2025-05-18 19:00:00,14654,1305.4823442010747,1129.0,4543.517655798925,7673.0,0.0,3.0
2025-05-18 20:00:00,14557,1252.1851021936277,1129.0,4498.814897806373,7673.0,0.0,4.0
2025-05-18 21:00:00,13818,1063.7727202556284,0.0,5077.227279744371,7673.0,0.0,4.0
2025-05-18 22:00:00,13344,1048.9794313385323,0.0,4618.020568661468,7673.0,0.0,4.0
2025-05-18 23:00:00,12659,1124.790048920685,0.0,3857.209951079316,7673.0,0.0,4.0
2025-05-19 00:00:00,12243,1081.3984554370688,0.0,3484.601544562931,7673.0,0.0,4.0
2025-05-19 01:00:00,11941,237.2149018196044,0.0,4092.785098180396,7607.0,0.0,4.0
2025-05-19 02:00:00,11856,0.0,0.0,4245.0,7607.0,0.0,4.0
2025-05-19 03:00:00,11839,10.930010466627207,0.0,4217.069989533373,7607.0,0.0,4.0
2025-05-19 04:00:00,11917,89.61146506438854,0.0,4216.3885349356115,7607.0,0.0,4.0
2025-05-19 05:00:00,12243,1251.8587251720623,0.0,3380.141274827938,7607.0,0.0,4.0
2025-05-19 06:00:00,12636,1206.0098996794695,0.0,3818.9901003205305,7607.0,0.0,4.0
2025-05-19 07:00:00,12881,1275.135063534717,0.0,4061.864936465283,7540.0,0.0,4.0
2025-05-19 08:00:00,13077,1083.6137162972236,0.0,4449.386283702777,7540.0,0.0,4.0
2025-05-19 09:00:00,13058,1258.3756693943385,0.0,4188.624330605662,7607.0,0.0,4.0
2025-05-19 10:00:00,13001,1454.3509267122906,0.0,3935.64907328771,7607.0,0.0,4.0
2025-05-19 11:00:00,12972,1798.2432790547707,0.0,3562.75672094523,7607.0,0.0,4.0
2025-05-19 12:00:00,13132,1949.018681290368,0.0,3571.9813187096315,7607.0,0.0,4.0
2025-05-19 13:00:00,12805,2145.007894105758,0.0,3048.992105894242,7607.0,0.0,4.0
2025-05-19 14:00:00,12895,1711.1025127272765,0.0,3572.897487272723,7607.0,0.0,4.0
2025-05-19 15:00:00,13469,1779.5228017135546,0.0,4078.477198286446,7607.0,0.0,4.0
2025-05-19 16:00:00,14145,1931.1555088415923,0.0,4602.844491158408,7607.0,0.0,4.0
2025-05-19 17:00:00,14476,1730.515361610975,0.0,5134.484638389025,7607.0,0.0,4.0
2025-05-19 18:00:00,15002,1688.4187455402505,1129.0,4573.58125445975,7607.0,0.0,4.0
2025-05-19 19:00:00,15236,1586.7975494840646,1129.0,4909.202450515935,7607.0,0.0,4.0
2025-05-19 20:00:00,15267,1620.704962159349,1129.0,4906.295037840651,7607.0,0.0,4.0
2025-05-19 21:00:00,14045,1704.0140634093889,0.0,4729.98593659061,7607.0,0.0,4.0
2025-05-19 22:00:00,13338,1612.367967740044,0.0,4114.632032259957,7607.0,0.0,4.0
2025-05-19 23:00:00,12652,694.1540313443404,0.0,4346.84596865566,7607.0,0.0,4.0
2025-05-20 00:00:00,12262,1702.486368491558,0.0,2948.513631508442,7607.0,0.0,4.0
2025-05-20 01:00:00,12197,1015.915166340685,0.0,3570.084833659315,7607.0,0.0,4.0
2025-05-20 02:00:00,11900,309.8841050344322,0.0,3979.115894965568,7607.0,0.0,4.0
2025-05-20 03:00:00,12086,24.704789615353775,0.0,4449.295210384646,7608.0,0.0,4.0
2025-05-20 04:00:00,12626,1664.874896913897,0.0,3349.125103086102,7608.0,0.0,4.0
2025-05-20 05:00:00,13642,2005.980390817955,0.0,4024.0196091820453,7608.0,0.0,4.0
2025-05-20 06:00:00,14997,1770.743541637677,1129.0,4543.2564583623225,7550.0,0.0,4.0
2025-05-20 07:00:00,14855,1903.300382471191,1013.12688699806,4326.572730530749,7608.0,0.0,4.0
2025-05-20 08:00:00,14379,1950.4685118209857,0.0,5377.531488179015,7047.0,0.0,4.0
2025-05-20 09:00:00,14460,1755.4165107785077,0.0,5653.583489221492,7047.0,0.0,4.0
2025-05-20 10:00:00,14551,1625.784706714002,0.0,5874.215293285997,7047.0,0.0,4.0
2025-05-20 11:00:00,14388,1465.1480579066988,0.0,5945.851942093301,6974.0,0.0,3.0
2025-05-20 12:00:00,14425,1572.9385165787278,0.0,5809.061483421272,7040.0,0.0,3.0
2025-05-20 13:00:00,14432,1775.6016672636763,0.0,5576.398332736324,7077.0,0.0,3.0
2025-05-20 14:00:00,14415,1945.573852079585,0.0,5389.426147920414,7077.0,0.0,3.0
2025-05-20 15:00:00,14732,1853.9300239343152,1013.12688699806,4222.943089067624,7638.0,0.0,4.0
2025-05-20 16:00:00,15277,2031.2671695073832,1129.0,4474.732830492616,7638.0,0.0,4.0
2025-05-20 17:00:00,15377,2325.797046726395,0.0,5373.202953273605,7674.0,0.0,4.0
2025-05-20 18:00:00,15610,2341.396186041221,0.0,5590.60381395878,7674.0,0.0,4.0
2025-05-20 19:00:00,15683,2670.1712498585366,0.0,5471.828750141463,7537.0,0.0,4.0
2025-05-20 20:00:00,15707,2681.539491720472,0.0,5484.460508279528,7537.0,0.0,4.0
2025-05-20 21:00:00,14909,2793.1256179922457,0.0,4574.874382007754,7537.0,0.0,4.0
2025-05-20 22:00:00,13934,2616.3842234322524,0.0,3776.615776567747,7537.0,0.0,4.0
2025-05-20 23:00:00,13038,2330.5500838839084,0.0,3166.449916116091,7537.0,0.0,4.0
2025-05-21 00:00:00,12505,2273.9722884707703,0.0,2553.0277115292297,7674.0,0.0,4.0
2025-05-21 01:00:00,12192,1162.6145236270213,0.0,3351.3854763729787,7674.0,0.0,4.0
2025-05-21 02:00:00,12062,1175.746332397321,0.0,3208.253667602679,7674.0,0.0,4.0
2025-05-21 03:00:00,12116,867.1723645993497,0.0,3570.8276354006503,7674.0,0.0,4.0
2025-05-21 04:00:00,12565,1248.224252822411,0.0,3638.775747177589,7674.0,0.0,4.0
2025-05-21 05:00:00,13649,2445.780786076328,0.0,3525.219213923672,7674.0,0.0,4.0
2025-05-21 06:00:00,14952,2711.598561617069,0.0,4562.401438382931,7674.0,0.0,4.0
2025-05-21 07:00:00,15427,2720.4575499363864,0.0,5189.5424500636145,7513.0,0.0,4.0
2025-05-21 08:00:00,15470,2515.5371656382617,0.0,5681.462834361739,7269.0,0.0,4.0
2025-05-21 09:00:00,15489,2298.0476686974184,0.0,5895.952331302582,7291.0,0.0,4.0
2025-05-21 10:00:00,15662,1891.6181963763909,0.0,6474.38180362361,7292.0,0.0,4.0
2025-05-21 11:00:00,15779,1654.769486255201,0.0,6825.230513744798,7295.0,0.0,4.0
2025-05-21 12:00:00,15902,1549.403423618226,0.0,7053.596576381773,7295.0,0.0,4.0
2025-05-21 13:00:00,15843,1503.26592965265,0.0,7040.734070347349,7295.0,0.0,4.0
2025-05-21 14:00:00,15943,1614.4745235373668,0.0,7009.525476462633,7315.0,0.0,4.0
2025-05-21 15:00:00,16186,1715.6128029778993,0.0,7187.387197022101,7279.0,0.0,4.0
2025-05-21 16:00:00,16551,1618.1479295349952,897.2537739961201,6752.598296468886,7279.0,0.0,4.0
2025-05-21 17:00:00,16468,1594.4986155784802,0.0,7271.501384421519,7598.0,0.0,4.0
2025-05-21 18:00:00,16630,1389.0291573920383,1129.0,6509.9708426079615,7598.0,0.0,4.0
2025-05-21 19:00:00,16768,1164.197037672997,1129.0,6872.802962327003,7598.0,0.0,4.0
2025-05-21 20:00:00,16332,1105.277011285835,1129.0,6495.722988714166,7598.0,0.0,4.0
2025-05-21 21:00:00,15019,1250.783486448433,0.0,6166.216513551568,7598.0,0.0,4.0
2025-05-21 22:00:00,14231,1431.288231315593,0.0,5197.711768684407,7598.0,0.0,4.0
2025-05-21 23:00:00,13564,1377.5375514078064,0.0,4584.462448592194,7598.0,0.0,4.0
2025-05-22 00:00:00,13074,210.87018803980345,0.0,5261.129811960196,7598.0,0.0,4.0
2025-05-22 01:00:00,12887,181.99595238097257,0.0,5103.004047619028,7598.0,0.0,4.0
2025-05-22 02:00:00,12682,-0.0,0.0,5080.0,7598.0,0.0,4.0
2025-05-22 03:00:00,12792,-0.0,0.0,5190.0,7598.0,0.0,4.0
2025-05-22 04:00:00,13282,1079.8166450719575,0.0,4600.183354928042,7598.0,0.0,4.0
2025-05-22 05:00:00,14347,1245.7367755481018,0.0,5498.263224451897,7599.0,0.0,4.0
2025-05-22 06:00:00,15388,1462.672822061552,0.0,6322.327177938449,7599.0,0.0,4.0
2025-05-22 07:00:00,15875,1754.6424492690703,524.8061060761706,6065.551444654759,7526.0,0.0,4.0
2025-05-22 08:00:00,16064,2083.276460578313,0.0,6413.723539421688,7563.0,0.0,4.0
2025-05-22 09:00:00,16234,2236.33895317867,0.0,6430.661046821329,7563.0,0.0,4.0
2025-05-22 10:00:00,16215,2429.69833600129,0.0,6218.301663998711,7563.0,0.0,4.0
2025-05-22 11:00:00,16184,2591.5552286848792,0.0,6025.44477131512,7563.0,0.0,4.0
2025-05-22 12:00:00,16265,2643.250594769316,0.0,6054.749405230683,7563.0,0.0,4.0
2025-05-22 13:00:00,16022,2822.2384050002493,0.0,5632.761594999751,7563.0,0.0,4.0
2025-05-22 14:00:00,16073,2921.26183274587,0.0,5481.7381672541305,7666.0,0.0,4.0
2025-05-22 15:00:00,16320,2882.823460708255,0.0,5766.176539291744,7667.0,0.0,4.0
2025-05-22 16:00:00,16587,2814.8677157041247,0.0,6101.132284295876,7667.0,0.0,4.0
2025-05-22 17:00:00,16491,2619.6212915300935,0.0,6164.378708469907,7703.0,0.0,4.0
2025-05-22 18:00:00,16520,2508.999961775264,1129.0,5175.000038224736,7703.0,0.0,4.0
2025-05-22 19:00:00,16630,2452.967147287482,1129.0,5341.032852712518,7703.0,0.0,4.0
2025-05-22 20:00:00,16535,2198.2208225990175,1129.0,5500.779177400982,7703.0,0.0,4.0
2025-05-22 21:00:00,15380,2140.7009474198553,0.0,5532.299052580145,7703.0,0.0,4.0
2025-05-22 22:00:00,14328,2087.1196448734845,0.0,4533.8803551265155,7703.0,0.0,4.0
2025-05-22 23:00:00,13493,1850.3061656178968,0.0,3935.693834382104,7703.0,0.0,4.0
2025-05-23 00:00:00,13156,1383.8868576339455,0.0,4065.1131423660545,7703.0,0.0,4.0
2025-05-23 01:00:00,12869,448.8921525634928,0.0,4713.107847436508,7703.0,0.0,4.0
2025-05-23 02:00:00,12849,553.8900646183497,0.0,4588.10993538165,7703.0,0.0,4.0
2025-05-23 03:00:00,12896,657.058965168178,0.0,4531.9410348318215,7703.0,0.0,4.0
2025-05-23 04:00:00,13324,626.0822148814757,0.0,4990.917785118524,7703.0,0.0,4.0
2025-05-23 05:00:00,14281,1727.1559742320312,0.0,4846.844025767969,7703.0,0.0,4.0
2025-05-23 06:00:00,15332,1739.8578153527678,0.0,5897.142184647233,7691.0,0.0,4.0
2025-05-23 07:00:00,15748,1851.5457129120864,0.0,6274.454287087914,7618.0,0.0,4.0
2025-05-23 08:00:00,15758,1966.3919917073956,0.0,6132.608008292604,7655.0,0.0,4.0
2025-05-23 09:00:00,15550,2083.096879980264,0.0,5806.903120019735,7656.0,0.0,4.0
2025-05-23 10:00:00,15484,2703.017015913451,0.0,5120.98298408655,7656.0,0.0,4.0
2025-05-23 11:00:00,15470,2481.4672957975563,0.0,5328.532704202444,7656.0,0.0,4.0
2025-05-23 12:00:00,15410,2694.64058964164,0.0,4989.35941035836,7722.0,0.0,4.0
2025-05-23 13:00:00,15364,2769.00728303444,0.0,4868.99271696556,7722.0,0.0,4.0
2025-05-23 14:00:00,15415,2633.9194809247174,0.0,5055.0805190752835,7722.0,0.0,4.0
2025-05-23 15:00:00,15657,2493.598520494302,0.0,5437.401479505697,7722.0,0.0,4.0
2025-05-23 16:00:00,16062,2079.2601890297165,0.0,6256.739810970284,7722.0,0.0,4.0
2025-05-23 17:00:00,16037,1551.911350191437,897.2537739961201,5860.834875812444,7723.0,0.0,4.0
2025-05-23 18:00:00,16106,1569.7054051545044,1129.0,5680.294594845494,7723.0,0.0,4.0
2025-05-23 19:00:00,16188,1417.337267223234,1129.0,5914.662732776766,7723.0,0.0,4.0
2025-05-23 20:00:00,16039,1352.853645080839,1129.0,5904.146354919161,7649.0,0.0,4.0
2025-05-23 21:00:00,15254,1351.2659555060004,0.0,6249.734044494,7649.0,0.0,4.0
2025-05-23 22:00:00,14278,1339.22479860776,0.0,5285.77520139224,7649.0,0.0,4.0
2025-05-23 23:00:00,13489,1376.435977705038,0.0,4459.564022294962,7649.0,0.0,4.0
2025-05-24 00:00:00,12983,1463.4886282477937,0.0,3792.511371752207,7723.0,0.0,4.0
2025-05-24 01:00:00,12712,633.2533490938692,0.0,4351.7466509061305,7723.0,0.0,4.0
2025-05-24 02:00:00,12593,689.0247978333516,0.0,4176.975202166648,7723.0,0.0,4.0
2025-05-24 03:00:00,12593,683.5866321647661,0.0,4182.413367835234,7723.0,0.0,4.0
2025-05-24 04:00:00,12669,601.1949085916956,0.0,4340.805091408304,7723.0,0.0,4.0
2025-05-24 05:00:00,13023,1751.008408079219,0.0,3544.9915919207815,7723.0,0.0,4.0
2025-05-24 06:00:00,13554,1545.7519270748744,0.0,4281.248072925126,7723.0,0.0,4.0
2025-05-24 07:00:00,14088,1330.7268461381457,0.0,5030.273153861854,7723.0,0.0,4.0
2025-05-24 08:00:00,14337,1296.4991411400408,0.0,5313.500858859959,7723.0,0.0,4.0
2025-05-24 09:00:00,14483,1324.0149549885673,0.0,5431.985045011432,7723.0,0.0,4.0
2025-05-24 10:00:00,14569,1259.4634744955697,0.0,5582.536525504431,7723.0,0.0,4.0
2025-05-24 11:00:00,14616,1399.4245350143433,0.0,5489.575464985657,7723.0,0.0,4.0
2025-05-24 12:00:00,14245,1672.675390032754,0.0,4845.324609967247,7723.0,0.0,4.0
2025-05-24 13:00:00,14107,1826.60671396907,0.0,4553.3932860309305,7723.0,0.0,4.0
2025-05-24 14:00:00,14095,1849.20427585106,0.0,4518.79572414894,7723.0,0.0,4.0
2025-05-24 15:00:00,14211,1678.406066444023,0.0,4805.593933555978,7723.0,0.0,4.0
2025-05-24 16:00:00,14707,1356.639556103576,0.0,5623.360443896425,7723.0,0.0,4.0
2025-05-24 17:00:00,14932,1037.1243717225705,0.0,6167.87562827743,7723.0,0.0,4.0
2025-05-24 18:00:00,14980,700.3469204231907,1129.0,5423.6530795768085,7723.0,0.0,4.0
2025-05-24 19:00:00,14926,432.6465389906752,1129.0,5637.353461009325,7723.0,0.0,4.0
2025-05-24 20:00:00,14971,423.3567456621067,1129.0,5691.643254337894,7723.0,0.0,4.0
2025-05-24 21:00:00,14415,401.0989092537189,395.5830776968751,5891.318013049406,7723.0,0.0,4.0
2025-05-24 22:00:00,13627,516.3048556569101,0.0,5383.69514434309,7723.0,0.0,4.0
2025-05-24 23:00:00,13023,599.679859461056,0.0,4696.3201405389445,7723.0,0.0,4.0
2025-05-25 00:00:00,12573,-0.0,0.0,4846.0,7723.0,0.0,4.0
2025-05-25 01:00:00,12447,-0.0,0.0,4720.0,7723.0,0.0,4.0
2025-05-25 02:00:00,12186,-0.0,0.0,4459.0,7723.0,0.0,4.0
2025-05-25 03:00:00,12131,-0.0,0.0,4404.0,7723.0,0.0,4.0
2025-05-25 04:00:00,12277,-0.0,0.0,4550.0,7723.0,0.0,4.0
2025-05-25 05:00:00,12541,-0.0,0.0,4814.0,7723.0,0.0,4.0
2025-05-25 06:00:00,12967,344.7006221447509,0.0,5092.299377855249,7526.0,0.0,4.0
2025-05-25 07:00:00,13110,321.2853969347059,0.0,5258.714603065294,7526.0,0.0,4.0
2025-05-25 08:00:00,13276,452.0379537730447,0.0,5293.962046226955,7526.0,0.0,4.0
2025-05-25 09:00:00,13244,672.8868550203096,0.0,5041.11314497969,7526.0,0.0,4.0
2025-05-25 10:00:00,13436,1003.7744955916136,0.0,4902.225504408387,7526.0,0.0,4.0
2025-05-25 11:00:00,13610,1174.1241323909892,0.0,4905.875867609011,7526.0,0.0,4.0
2025-05-25 12:00:00,13678,1303.6419285962254,0.0,4844.358071403774,7526.0,0.0,4.0
2025-05-25 13:00:00,13480,460.3893572309539,0.0,5488.6106427690465,7527.0,0.0,4.0
2025-05-25 14:00:00,13617,1582.9115717892012,0.0,4503.088428210798,7527.0,0.0,4.0
2025-05-25 15:00:00,14094,1397.7284747919412,0.0,5165.27152520806,7527.0,0.0,4.0
2025-05-25 16:00:00,14804,1078.2012359905416,0.0,6194.798764009458,7527.0,0.0,4.0
2025-05-25 17:00:00,14814,754.9774166455632,0.0,6528.022583354437,7527.0,0.0,4.0
2025-05-25 18:00:00,15004,429.9396067983955,94.89210489832372,6948.168288303281,7527.0,0.0,4.0
2025-05-25 19:00:00,15097,257.1883195825181,1129.0,6280.811680417482,7426.0,0.0,4.0
2025-05-25 20:00:00,15234,309.39308667818466,1129.0,6460.606913321815,7331.0,0.0,4.0
2025-05-25 21:00:00,14589,239.81012253658892,0.0,7014.189877463411,7331.0,0.0,4.0
2025-05-25 22:00:00,13660,300.86183168582227,0.0,6024.138168314178,7331.0,0.0,4.0
2025-05-25 23:00:00,12891,-0.0,0.0,5556.0,7331.0,0.0,4.0
2025-05-26 00:00:00,12491,-0.0,0.0,5156.0,7331.0,0.0,4.0
2025-05-26 01:00:00,12423,-0.0,0.0,5088.0,7331.0,0.0,4.0
2025-05-26 02:00:00,12368,-0.0,0.0,5033.0,7331.0,0.0,4.0
2025-05-26 03:00:00,12538,-0.0,0.0,5203.0,7331.0,0.0,4.0
2025-05-26 04:00:00,13038,-0.0,0.0,5703.0,7331.0,0.0,4.0
2025-05-26 05:00:00,14000,464.58102233710457,0.0,6200.4189776628955,7331.0,0.0,4.0
2025-05-26 06:00:00,15042,403.7265346348364,0.0,7344.273465365163,7290.0,0.0,4.0
2025-05-26 07:00:00,15107,381.10166613540525,0.0,7475.898333864595,7246.0,0.0,4.0
2025-05-26 08:00:00,14688,346.1642961375055,0.0,7090.8357038624945,7247.0,0.0,4.0
2025-05-26 09:00:00,14423,471.8583835533164,0.0,6700.141616446684,7247.0,0.0,4.0
2025-05-26 10:00:00,14352,454.5993060300275,0.0,6646.400693969972,7247.0,0.0,4.0
2025-05-26 11:00:00,14437,555.1367956889053,0.0,6666.863204311095,7211.0,0.0,4.0
2025-05-26 12:00:00,14610,668.3842901976591,0.0,6924.615709802341,7013.0,0.0,4.0
2025-05-26 13:00:00,14811,769.0080151573881,0.0,6782.991984842612,7255.0,0.0,4.0
2025-05-26 14:00:00,15068,720.7010316234694,0.0,7047.298968376531,7296.0,0.0,4.0
2025-05-26 15:00:00,15684,808.469001928118,0.0,7575.530998071882,7296.0,0.0,4.0
2025-05-26 16:00:00,16074,638.7440110127983,0.0,8135.255988987202,7296.0,0.0,4.0
2025-05-26 17:00:00,16182,423.9497067311393,1129.0,7293.050293268861,7332.0,0.0,4.0
2025-05-26 18:00:00,16213,354.8730010580491,1129.0,7393.126998941951,7332.0,0.0,4.0
2025-05-26 19:00:00,16252,347.4506200946068,1129.0,7439.549379905393,7332.0,0.0,4.0
2025-05-26 20:00:00,16154,463.38971498458017,897.2537739961201,7457.3565110193,7332.0,0.0,4.0
2025-05-26 21:00:00,15171,572.1540467381221,0.0,7262.845953261878,7332.0,0.0,4.0
2025-05-26 22:00:00,14099,555.9476910325337,0.0,6207.052308967466,7332.0,0.0,4.0
2025-05-26 23:00:00,13293,530.5618541902364,0.0,5563.438145809763,7195.0,0.0,4.0
2025-05-27 00:00:00,12671,570.951844760755,0.0,4764.048155239245,7332.0,0.0,4.0
2025-05-27 01:00:00,12450,0.0,0.0,5114.0,7332.0,0.0,4.0
2025-05-27 02:00:00,12287,0.0,0.0,4951.0,7332.0,0.0,4.0
2025-05-27 03:00:00,12411,236.26753229581777,0.0,4838.732467704182,7332.0,0.0,4.0
2025-05-27 04:00:00,12572,-0.0,0.0,5236.0,7332.0,0.0,4.0
2025-05-27 05:00:00,13239,1280.23692588031,0.0,4622.76307411969,7332.0,0.0,4.0
2025-05-27 06:00:00,14310,1516.2274015144312,0.0,5594.772598485568,7195.0,0.0,4.0
2025-05-27 07:00:00,14585,1545.5918052708023,0.0,5966.408194729198,7069.0,0.0,4.0
2025-05-27 08:00:00,14593,1354.1514447185093,0.0,6312.848555281491,6922.0,0.0,4.0
2025-05-27 09:00:00,14816,1228.1731915068365,0.0,6471.826808493164,7112.0,0.0,4.0
2025-05-27 10:00:00,15095,1247.5245257653232,0.0,6722.475474234678,7121.0,0.0,4.0
2025-05-27 11:00:00,15136,1205.9814909808813,0.0,6805.018509019119,7121.0,0.0,4.0
2025-05-27 12:00:00,15368,1296.6732750683975,0.0,6905.326724931601,7162.0,0.0,4.0
2025-05-27 13:00:00,15350,1399.1464323047976,0.0,6778.8535676952015,7168.0,0.0,4.0
2025-05-27 14:00:00,15367,1531.3078852481528,0.0,6749.692114751848,7082.0,0.0,4.0
2025-05-27 15:00:00,15850,1623.23338924882,0.0,6846.7666107511795,7376.0,0.0,4.0
2025-05-27 16:00:00,16151,1689.672426490695,0.0,7081.327573509305,7376.0,0.0,4.0
2025-05-27 17:00:00,16198,1611.9705152132308,0.0,7293.02948478677,7289.0,0.0,4.0
2025-05-27 18:00:00,16319,1570.906214170138,0.0,7455.093785829862,7289.0,0.0,4.0
2025-05-27 19:00:00,16398,1432.3790807437445,1013.12688699806,6659.494032258196,7289.0,0.0,4.0
2025-05-27 20:00:00,16263,1309.374163384908,1129.0,6531.625836615092,7289.0,0.0,4.0
2025-05-27 21:00:00,15390,1054.0531998985082,0.0,7042.946800101492,7289.0,0.0,4.0
2025-05-27 22:00:00,14236,1358.2635463908316,0.0,5584.736453609168,7289.0,0.0,4.0
2025-05-27 23:00:00,13171,1534.787658449549,0.0,4343.21234155045,7289.0,0.0,4.0
2025-05-28 00:00:00,12769,1025.3502693592875,0.0,4313.649730640713,7426.0,0.0,4.0
2025-05-28 01:00:00,12290,456.65579115379296,0.0,4403.344208846207,7426.0,0.0,4.0
2025-05-28 02:00:00,12001,337.0162070783954,0.0,4233.983792921605,7426.0,0.0,4.0
2025-05-28 03:00:00,12084,267.86382681342684,0.0,4386.136173186573,7426.0,0.0,4.0
2025-05-28 04:00:00,12566,133.76154514983614,0.0,5002.238454850164,7426.0,0.0,4.0
2025-05-28 05:00:00,13461,1256.498025321736,0.0,4774.501974678264,7426.0,0.0,4.0
2025-05-28 06:00:00,14628,1238.715513332372,0.0,6164.284486667628,7221.0,0.0,4.0
2025-05-28 07:00:00,14925,1215.3063926180073,0.0,6557.6936073819925,7148.0,0.0,4.0
2025-05-28 08:00:00,14784,1553.2967232708818,0.0,6131.703276729118,7095.0,0.0,4.0
2025-05-28 09:00:00,14834,1879.651508976533,0.0,5818.348491023467,7132.0,0.0,4.0
2025-05-28 10:00:00,14893,2032.6203971605264,0.0,5781.379602839474,7075.0,0.0,4.0
2025-05-28 11:00:00,15172,1969.923520121273,0.0,6136.076479878728,7062.0,0.0,4.0
2025-05-28 12:00:00,15481,1828.464906166858,0.0,6586.535093833141,7062.0,0.0,4.0
2025-05-28 13:00:00,15598,1645.058345899973,0.0,6873.941654100028,7075.0,0.0,4.0
2025-05-28 14:00:00,15648,1515.47597449345,0.0,6851.524025506551,7277.0,0.0,4.0
2025-05-28 15:00:00,16040,1280.991396291549,0.0,7478.008603708451,7277.0,0.0,4.0
2025-05-28 16:00:00,16517,960.316473962569,0.0,8262.683526037432,7290.0,0.0,4.0
2025-05-28 17:00:00,16588,858.8566787353876,897.2537739961201,7501.889547268492,7326.0,0.0,4.0
2025-05-28 18:00:00,16659,605.7852193966584,1129.0,7731.214780603343,7189.0,0.0,4.0
2025-05-28 19:00:00,16660,463.60451085474074,1129.0,8011.3954891452595,7052.0,0.0,4.0
2025-05-28 20:00:00,16368,390.8744785019711,1129.0,7792.125521498028,7052.0,0.0,4.0
2025-05-28 21:00:00,15325,389.7960408170137,0.0,7879.203959182986,7052.0,0.0,4.0
2025-05-28 22:00:00,14226,353.7564344244995,0.0,6816.243565575501,7052.0,0.0,4.0
2025-05-28 23:00:00,13467,-0.0,0.0,6411.0,7052.0,0.0,4.0
2025-05-29 00:00:00,12934,-0.0,0.0,5604.0,7326.0,0.0,4.0
2025-05-29 01:00:00,12731,-0.0,0.0,5401.0,7326.0,0.0,4.0
2025-05-29 02:00:00,12697,-0.0,0.0,5387.0,7306.0,0.0,4.0
2025-05-29 03:00:00,12647,-0.0,0.0,5337.0,7306.0,0.0,4.0
2025-05-29 04:00:00,12944,-0.0,0.0,5634.0,7306.0,0.0,4.0
2025-05-29 05:00:00,13909,0.0,0.0,6599.0,7306.0,0.0,4.0
2025-05-29 06:00:00,15116,694.2389717812592,0.0,7185.761028218741,7232.0,0.0,4.0
2025-05-29 07:00:00,15463,712.8513288450246,0.0,7519.148671154975,7227.0,0.0,4.0
2025-05-29 08:00:00,15534,822.375356982131,0.0,7480.624643017869,7227.0,0.0,4.0
2025-05-29 09:00:00,15732,1013.5086374201136,0.0,7492.491362579887,7222.0,0.0,4.0
2025-05-29 10:00:00,15777,1210.30541625612,0.0,7340.69458374388,7222.0,0.0,4.0
2025-05-29 11:00:00,15583,1330.1644860627189,0.0,7025.835513937282,7223.0,0.0,4.0
2025-05-29 12:00:00,15687,1412.4095300738309,0.0,7082.59046992617,7188.0,0.0,4.0
2025-05-29 13:00:00,15582,1454.4101775168017,0.0,6910.589822483198,7213.0,0.0,4.0
2025-05-29 14:00:00,15518,1679.0638545503602,0.0,6621.936145449639,7213.0,0.0,4.0
2025-05-29 15:00:00,15763,1774.3112843795625,0.0,6709.6887156204375,7275.0,0.0,4.0
2025-05-29 16:00:00,16174,1421.9131920910115,0.0,7473.086807908989,7275.0,0.0,4.0
2025-05-29 17:00:00,16176,1334.0421415377475,0.0,7526.957858462252,7311.0,0.0,4.0
2025-05-29 18:00:00,16296,1216.3170266584275,1129.0,6635.6829733415725,7311.0,0.0,4.0
2025-05-29 19:00:00,16301,997.6918262877768,1129.0,6892.308173712223,7278.0,0.0,4.0
2025-05-29 20:00:00,16199,1014.8061139434548,674.3832561398159,7227.81062991673,7278.0,0.0,4.0
2025-05-29 21:00:00,15351,1135.9559115184245,0.0,6966.044088481576,7245.0,0.0,4.0
2025-05-29 22:00:00,14150,1491.9390680233023,0.0,5343.060931976697,7311.0,0.0,4.0
2025-05-29 23:00:00,13185,1537.23697853324,0.0,4332.763021466761,7311.0,0.0,4.0
2025-05-30 00:00:00,12694,445.1203390139003,0.0,4933.8796609861,7311.0,0.0,4.0
2025-05-30 01:00:00,12339,275.5636704355022,0.0,4748.436329564498,7311.0,0.0,4.0
2025-05-30 02:00:00,12313,222.5586934311782,0.0,4775.441306568822,7311.0,0.0,4.0
2025-05-30 03:00:00,12134,159.2306604624505,0.0,4659.76933953755,7311.0,0.0,4.0
2025-05-30 04:00:00,12606,1159.2116979514824,0.0,4131.788302048517,7311.0,0.0,4.0
2025-05-30 05:00:00,13603,1069.5294786563009,0.0,5305.470521343699,7224.0,0.0,4.0
2025-05-30 06:00:00,14779,980.0119005006624,0.0,6570.988099499338,7224.0,0.0,4.0
2025-05-30 07:00:00,15237,971.7494794445316,0.0,7037.250520555468,7224.0,0.0,4.0
2025-05-30 08:00:00,15316,778.4809100156689,677.3999999999994,6711.119089984331,7145.0,0.0,4.0
2025-05-30 09:00:00,15329,782.4906427323083,0.0,7397.5093572676915,7145.0,0.0,4.0
2025-05-30 10:00:00,15372,796.6235229024807,1129.0,6238.3764770975195,7204.0,0.0,4.0
2025-05-30 11:00:00,15323,911.0940903168704,0.0,7183.90590968313,7224.0,0.0,4.0
2025-05-30 12:00:00,15380,1042.624316504851,0.0,7109.375683495149,7224.0,0.0,4.0
2025-05-30 13:00:00,15228,1255.5994606677302,0.0,6744.40053933227,7224.0,0.0,4.0
2025-05-30 14:00:00,15302,1562.527777557289,0.0,6511.472222442711,7224.0,0.0,4.0
2025-05-30 15:00:00,15784,1683.7115253863476,0.0,6866.2884746136515,7230.0,0.0,4.0
2025-05-30 16:00:00,16455,1475.7778435882442,1129.0,6399.222156411755,7447.0,0.0,4.0
2025-05-30 17:00:00,16227,1518.6067011854889,1129.0,6194.393298814512,7381.0,0.0,4.0
2025-05-30 18:00:00,16161,1566.9690991766336,0.0,7116.030900823367,7474.0,0.0,4.0
2025-05-30 19:00:00,15946,1900.306672184468,0.0,6371.693327815532,7670.0,0.0,4.0
2025-05-30 20:00:00,15776,1527.439551106954,0.0,6574.560448893046,7670.0,0.0,4.0
2025-05-30 21:00:00,14998,1359.1872978519154,0.0,5964.812702148085,7670.0,0.0,4.0
2025-05-30 22:00:00,13998,1368.1703948581496,0.0,4955.829605141851,7670.0,0.0,4.0
2025-05-30 23:00:00,13101,1734.4946730843997,0.0,3626.5053269155997,7736.0,0.0,4.0
2025-05-31 00:00:00,12378,2162.5223672398033,0.0,2475.4776327601976,7736.0,0.0,4.0
2025-05-31 01:00:00,11940,1272.2374747157214,0.0,2927.7625252842786,7736.0,0.0,4.0
2025-05-31 02:00:00,11654,2445.6131598948896,0.0,1468.3868401051113,7736.0,0.0,4.0
2025-05-31 03:00:00,11600,1358.8326192237469,0.0,2501.167380776253,7736.0,0.0,4.0
2025-05-31 04:00:00,11676,2491.466196786219,0.0,1444.5338032137806,7736.0,0.0,4.0
2025-05-31 05:00:00,12073,2421.8022212698597,0.0,2010.1977787301403,7637.0,0.0,4.0
2025-05-31 06:00:00,12501,2688.5038800708057,0.0,2171.496119929194,7637.0,0.0,4.0
2025-05-31 07:00:00,13187,2767.881916026325,0.0,2778.1180839736753,7637.0,0.0,4.0
2025-05-31 08:00:00,13798,3215.369074483458,0.0,2941.6309255165415,7637.0,0.0,4.0
2025-05-31 09:00:00,14100,3461.2023596992303,0.0,2997.7976403007706,7637.0,0.0,4.0
2025-05-31 10:00:00,13950,3637.802454449093,0.0,2671.1975455509073,7637.0,0.0,4.0
2025-05-31 11:00:00,13684,3672.271808610062,0.0,2370.728191389937,7637.0,0.0,4.0
2025-05-31 12:00:00,13481,3358.322138697912,0.0,2481.677861302087,7637.0,0.0,4.0
2025-05-31 13:00:00,13402,3254.6781166965343,0.0,2506.321883303466,7637.0,0.0,4.0
2025-05-31 14:00:00,13596,3252.6288245701676,0.0,2702.371175429833,7637.0,0.0,4.0
2025-05-31 15:00:00,13826,2970.247587299518,0.0,3115.7524127004817,7736.0,0.0,4.0
2025-05-31 16:00:00,14204,2777.9093722836674,0.0,3686.090627716332,7736.0,0.0,4.0
2025-05-31 17:00:00,14286,2455.122589018715,0.0,4090.877410981284,7736.0,0.0,4.0
2025-05-31 18:00:00,14312,2097.0614557754034,0.0,4474.938544224597,7736.0,0.0,4.0
2025-05-31 19:00:00,14462,1757.670436867286,0.0,4964.329563132715,7736.0,0.0,4.0
2025-05-31 20:00:00,14451,1695.771467919091,751.84667506437,4263.3818570165395,7736.0,0.0,4.0
2025-05-31 21:00:00,13998,1456.041573165396,0.0,4801.958426834604,7736.0,0.0,4.0
2025-05-31 22:00:00,13214,1186.4391325344982,0.0,4287.560867465501,7736.0,0.0,4.0
2025-05-31 23:00:00,12566,1065.629648767412,0.0,3760.3703512325883,7736.0,0.0,4.0
2025-06-01 00:00:00,12174,1126.8288264223854,0.0,3307.1711735776153,7736.0,0.0,4.0
2025-06-01 01:00:00,11932,1306.162942307032,0.0,2885.8370576929683,7736.0,0.0,4.0
2025-06-01 02:00:00,11536,1275.738972949151,0.0,2520.2610270508485,7736.0,0.0,4.0
2025-06-01 03:00:00,11577,-0.0,0.0,3837.0,7736.0,0.0,4.0
2025-06-01 04:00:00,11683,164.9009725234978,0.0,3778.099027476502,7736.0,0.0,4.0
2025-06-01 05:00:00,11703,83.96583669332563,0.0,3879.0341633066746,7736.0,0.0,4.0
2025-06-01 06:00:00,12100,1178.417774425196,0.0,3321.5822255748044,7596.0,0.0,4.0
2025-06-01 07:00:00,12588,1294.6076296356937,0.0,3693.3923703643068,7596.0,0.0,4.0
2025-06-01 08:00:00,12854,1645.3287288931597,0.0,3608.6712711068394,7596.0,0.0,4.0
2025-06-01 09:00:00,12838,2102.9898729628367,0.0,3135.0101270371633,7596.0,0.0,4.0
2025-06-01 10:00:00,13006,2398.673646774492,0.0,3007.326353225508,7596.0,0.0,4.0
2025-06-01 11:00:00,12999,2683.0697205245547,0.0,2715.930279475446,7596.0,0.0,4.0
2025-06-01 12:00:00,12829,2583.9726052192573,0.0,2645.0273947807436,7596.0,0.0,4.0
2025-06-01 13:00:00,12982,2051.972763145507,0.0,3330.027236854494,7596.0,0.0,4.0
2025-06-01 14:00:00,13075,2113.0093323839665,0.0,3361.9906676160335,7596.0,0.0,4.0
2025-06-01 15:00:00,13600,1663.8552307479429,0.0,4237.144769252058,7695.0,0.0,4.0
2025-06-01 16:00:00,14168,1487.991277378257,0.0,4981.008722621742,7695.0,0.0,4.0
2025-06-01 17:00:00,14670,1150.1190776915555,0.0,5820.8809223084445,7695.0,0.0,4.0
2025-06-01 18:00:00,14929,826.4266282364883,1129.0,5270.573371763512,7699.0,0.0,4.0
2025-06-01 19:00:00,15069,618.1608939290944,1129.0,5618.8391060709055,7699.0,0.0,4.0
2025-06-01 20:00:00,15134,647.6726219331441,1129.0,5654.327378066857,7699.0,0.0,4.0
2025-06-01 21:00:00,14448,670.6272401620023,12.663509609982082,6061.709250228016,7699.0,0.0,4.0
2025-06-01 22:00:00,13622,707.5956260194789,0.0,5211.40437398052,7699.0,0.0,4.0
2025-06-01 23:00:00,12762,574.9177160102131,0.0,4484.082283989786,7699.0,0.0,4.0
2025-06-02 00:00:00,12300,-0.0,0.0,4597.0,7699.0,0.0,4.0
2025-06-02 01:00:00,12241,-0.0,0.0,4538.0,7699.0,0.0,4.0
2025-06-02 02:00:00,12110,-0.0,0.0,4408.0,7699.0,0.0,3.0
2025-06-02 03:00:00,12029,-0.0,0.0,4327.0,7699.0,0.0,3.0
2025-06-02 04:00:00,12524,-0.0,0.0,4822.0,7699.0,0.0,3.0
2025-06-02 05:00:00,13468,693.4832964217302,0.0,5072.516703578271,7699.0,0.0,3.0
2025-06-02 06:00:00,14483,608.3306259937535,0.0,6172.669374006247,7699.0,0.0,3.0
2025-06-02 07:00:00,14632,477.4506549659552,0.0,6469.549345034045,7682.0,0.0,3.0
2025-06-02 08:00:00,14446,415.70850900124714,0.0,6382.291490998753,7645.0,0.0,3.0
2025-06-02 09:00:00,14410,520.7520437743079,0.0,6296.247956225692,7590.0,0.0,3.0
2025-06-02 10:00:00,14343,759.3792962362419,0.0,5990.620703763758,7590.0,0.0,3.0
2025-06-02 11:00:00,14355,1053.7222662976142,0.0,5860.277733702385,7438.0,0.0,3.0
2025-06-02 12:00:00,14344,1277.4199737850547,0.0,6044.580026214946,7018.0,0.0,4.0
2025-06-02 13:00:00,14251,1378.3161141991325,0.0,5822.683885800867,7047.0,0.0,3.0
2025-06-02 14:00:00,14472,1852.4936045345755,0.0,5412.506395465425,7204.0,0.0,3.0
2025-06-02 15:00:00,15091,2036.1949554295393,0.0,5828.805044570461,7223.0,0.0,3.0
2025-06-02 16:00:00,15874,1931.8673156437096,0.0,6679.132684356289,7260.0,0.0,3.0
2025-06-02 17:00:00,16027,1668.0141962156877,1129.0,6240.985803784311,6986.0,0.0,3.0
2025-06-02 18:00:00,16226,1490.4207045767994,1129.0,6617.5792954232,6986.0,0.0,3.0
2025-06-02 19:00:00,16150,1612.6885234536644,1129.0,6419.311476546336,6986.0,0.0,3.0
2025-06-02 20:00:00,15978,1800.5763107344474,897.2537739961201,6291.169915269434,6986.0,0.0,3.0
2025-06-02 21:00:00,14904,1790.5087045953626,0.0,5878.491295404638,7232.0,0.0,3.0
2025-06-02 22:00:00,13712,1933.3981260944256,0.0,4543.601873905574,7232.0,0.0,3.0
2025-06-02 23:00:00,12688,2044.833267006316,0.0,3474.1667329936845,7166.0,0.0,3.0
2025-06-03 00:00:00,12036,949.9515084645424,0.0,3714.0484915354577,7369.0,0.0,3.0
2025-06-03 01:00:00,12118,1034.2117614073268,0.0,3711.788238592673,7369.0,0.0,3.0
2025-06-03 02:00:00,11768,1075.834468679122,0.0,3320.165531320878,7369.0,0.0,3.0
2025-06-03 03:00:00,11886,993.0880691134475,0.0,3496.9119308865525,7393.0,0.0,3.0
2025-06-03 04:00:00,11985,2032.27476751423,0.0,2580.72523248577,7369.0,0.0,3.0
2025-06-03 05:00:00,13053,2519.0239724682265,0.0,3161.976027531773,7369.0,0.0,3.0
2025-06-03 06:00:00,14170,2410.4673652903343,0.0,4501.532634709665,7255.0,0.0,3.0
2025-06-03 07:00:00,14785,2319.3633623600767,1013.12688699806,4335.509750641863,7114.0,0.0,3.0
2025-06-03 08:00:00,15012,1844.7116547097785,1129.0,4899.288345290221,7136.0,0.0,3.0
2025-06-03 09:00:00,15235,1860.2829030255937,-0.0,6211.717096974406,7160.0,0.0,3.0
2025-06-03 10:00:00,15232,2162.229631116679,0.0,5877.770368883321,7189.0,0.0,3.0
2025-06-03 11:00:00,15126,1570.455439550773,0.0,6363.544560449227,7189.0,0.0,3.0
2025-06-03 12:00:00,15123,2208.0347381576853,0.0,5722.965261842315,7189.0,0.0,3.0
2025-06-03 13:00:00,15415,3330.3491816463,0.0,4896.650818353701,7185.0,0.0,3.0
2025-06-03 14:00:00,15688,2824.0075900518636,0.0,5537.992409948136,7322.0,0.0,4.0
2025-06-03 15:00:00,16388,2819.925884613782,0.0,6273.074115386218,7291.0,0.0,4.0
2025-06-03 16:00:00,17222,3121.7564331660033,1129.0,5676.243566833997,7291.0,0.0,4.0
2025-06-03 17:00:00,17267,3009.580412850762,1129.0,5833.4195871492375,7291.0,0.0,4.0
2025-06-03 18:00:00,17205,2920.4679168891817,1129.0,5847.532083110818,7304.0,0.0,4.0
2025-06-03 19:00:00,17088,3065.3059397126353,567.4731130019383,6147.220947285427,7304.0,0.0,4.0
2025-06-03 20:00:00,16874,3508.2076572479546,0.0,6057.792342752045,7304.0,0.0,4.0
2025-06-03 21:00:00,15667,3862.6251530304694,0.0,4465.374846969531,7335.0,0.0,4.0
2025-06-03 22:00:00,14600,3693.722084998931,0.0,3567.2779150010683,7335.0,0.0,4.0
2025-06-03 23:00:00,13610,2450.4958252564666,0.0,3820.5041747435334,7335.0,0.0,4.0
2025-06-04 00:00:00,12725,2162.0586487779005,0.0,3223.9413512220995,7335.0,0.0,4.0
2025-06-04 01:00:00,12458,2729.00780831468,0.0,2389.99219168532,7335.0,0.0,4.0
2025-06-04 02:00:00,12255,2088.1708182831308,0.0,2827.8291817168683,7335.0,0.0,4.0
2025-06-04 03:00:00,12238,689.6831950831604,0.0,4209.31680491684,7335.0,0.0,4.0
2025-06-04 04:00:00,12602,1188.9578974717465,0.0,4074.0421025282535,7335.0,0.0,4.0
2025-06-04 05:00:00,13618,2864.7516241901753,0.0,3488.248375809824,7261.0,0.0,4.0
2025-06-04 06:00:00,14925,3180.2754515065044,0.0,4536.724548493496,7204.0,0.0,4.0
2025-06-04 07:00:00,15769,3330.220587027156,0.0,5203.7794129728445,7231.0,0.0,4.0
2025-06-04 08:00:00,16138,3438.135790765572,0.0,5653.864209234427,7042.0,0.0,4.0
2025-06-04 09:00:00,16663,3638.1029207891606,0.0,5812.897079210839,7208.0,0.0,4.0
2025-06-04 10:00:00,17098,3500.3400495727315,0.0,6364.659950427269,7229.0,0.0,4.0
2025-06-04 11:00:00,17525,3410.5761601419026,0.0,6879.4238398580965,7231.0,0.0,4.0
2025-06-04 12:00:00,17747,3221.6623506783044,0.0,7290.3376493216965,7231.0,0.0,4.0
2025-06-04 13:00:00,17974,3055.397575602017,0.0,7616.602424397983,7298.0,0.0,4.0
2025-06-04 14:00:00,18534,2948.413054292548,0.0,8282.586945707451,7298.0,0.0,5.0
2025-06-04 15:00:00,19183,2413.273551037294,0.0,9482.726448962705,7282.0,0.0,5.0
2025-06-04 16:00:00,19910,1556.4554132494438,844.544586750555,9615.0,7291.0,88.0,515.0
2025-06-04 17:00:00,19772,909.402325648257,1113.5976743517422,9605.0,7277.0,88.0,779.0
2025-06-04 18:00:00,19339,615.7929543296832,871.7604337322327,9595.0,7201.0,88.0,967.4466119380822
2025-06-04 19:00:00,19009,503.0207729695682,768.5326150923494,9595.0,7201.0,88.0,853.4466119380821
2025-06-04 20:00:00,18681,462.7349239926759,685.8184640692408,9595.0,7279.0,88.0,570.4466119380821
2025-06-04 21:00:00,17435,545.0120195743681,0.0,9589.54136848755,7295.0,0.0,5.446611938082128
2025-06-04 22:00:00,16323,412.34846374134446,0.0,8611.651536258654,7295.0,0.0,4.0
2025-06-04 23:00:00,15239,-0.0,0.0,7940.0,7295.0,0.0,4.0
2025-06-05 00:00:00,14468,-0.0,0.0,7170.0,7295.0,0.0,3.0
2025-06-05 01:00:00,13922,-0.0,0.0,6831.0,7088.0,0.0,3.0
2025-06-05 02:00:00,13479,-0.0,0.0,6388.0,7088.0,0.0,3.0
2025-06-05 03:00:00,13334,-0.0,0.0,6036.0,7295.0,0.0,3.0
2025-06-05 04:00:00,13614,-0.0,0.0,6316.0,7295.0,0.0,3.0
2025-06-05 05:00:00,14209,-0.0,0.0,6911.0,7295.0,0.0,3.0
2025-06-05 06:00:00,15462,-0.0,0.0,8242.0,7217.0,0.0,3.0
2025-06-05 07:00:00,16132,527.8825952858483,0.0,8384.117404714152,7217.0,0.0,3.0
2025-06-05 08:00:00,16248,525.7024205395118,0.0,8502.297579460488,7217.0,0.0,3.0
2025-06-05 09:00:00,16428,565.8456944765389,0.0,8752.154305523462,7107.0,0.0,3.0
2025-06-05 10:00:00,16704,541.7693407257726,0.0,9052.230659274228,7107.0,0.0,3.0
2025-06-05 11:00:00,16905,512.4848875838338,0.0,9275.515112416166,7114.0,0.0,3.0
2025-06-05 12:00:00,16862,594.1936591714572,0.0,9065.806340828542,7199.0,0.0,3.0
2025-06-05 13:00:00,16901,486.6172398714133,0.0,9212.382760128587,7199.0,0.0,3.0
2025-06-05 14:00:00,16724,556.7999735796291,0.0,8898.20002642037,7266.0,0.0,3.0
2025-06-05 15:00:00,16955,541.3320899087015,0.0,9143.667910091299,7266.0,0.0,4.0
2025-06-05 16:00:00,17385,473.10192300707314,0.0,9575.898076992926,7332.0,0.0,4.0
2025-06-05 17:00:00,17465,419.0271965154116,1129.0,8580.972803484588,7332.0,0.0,4.0
2025-06-05 18:00:00,17414,404.4042022381679,197.21561635400676,9474.380181407823,7334.0,0.0,4.0
2025-06-05 19:00:00,17292,379.26587553533955,1129.0,8445.73412446466,7334.0,0.0,4.0
2025-06-05 20:00:00,17226,412.6379352215566,1129.0,8346.362064778443,7334.0,0.0,4.0
2025-06-05 21:00:00,16090,481.8061388739094,0.0,8270.19386112609,7334.0,0.0,4.0
2025-06-05 22:00:00,14978,431.8081654443659,0.0,7208.191834555634,7334.0,0.0,4.0
2025-06-05 23:00:00,13993,-0.0,0.0,6655.0,7334.0,0.0,4.0
2025-06-06 00:00:00,13179,-0.0,0.0,5839.0,7336.0,0.0,4.0
2025-06-06 01:00:00,12933,-0.0,0.0,5593.0,7336.0,0.0,4.0
2025-06-06 02:00:00,12670,-0.0,0.0,5330.0,7336.0,0.0,4.0
2025-06-06 03:00:00,12466,-0.0,0.0,5126.0,7336.0,0.0,4.0
2025-06-06 04:00:00,12699,-0.0,0.0,5359.0,7336.0,0.0,4.0
2025-06-06 05:00:00,13632,-0.0,0.0,6292.0,7336.0,0.0,4.0
2025-06-06 06:00:00,14516,-0.0,0.0,7176.0,7336.0,0.0,4.0
2025-06-06 07:00:00,15167,-0.0,0.0,8267.0,6896.0,0.0,4.0
2025-06-06 08:00:00,15713,375.8888722270425,0.0,8460.111127772958,6873.0,0.0,4.0
2025-06-06 09:00:00,16184,400.2739937038994,0.0,8919.7260062961,6860.0,0.0,4.0
2025-06-06 10:00:00,16491,475.4978536227262,0.0,8764.502146377274,7247.0,0.0,4.0
2025-06-06 11:00:00,16744,484.2524397985207,0.0,8996.747560201478,7259.0,0.0,4.0
2025-06-06 12:00:00,16920,543.9536737884473,0.0,9082.046326211552,7290.0,0.0,4.0
2025-06-06 13:00:00,16755,548.6218026965702,0.0,8941.378197303431,7261.0,0.0,4.0
2025-06-06 14:00:00,16953,630.7301464720842,0.0,9000.269853527916,7318.0,0.0,4.0
2025-06-06 15:00:00,17296,716.7531290837926,0.0,9246.246870916208,7329.0,0.0,4.0
2025-06-06 16:00:00,17743,832.4506791577952,1129.0,8404.549320842205,7373.0,0.0,4.0
2025-06-06 17:00:00,17678,805.6614674341956,1129.0,8366.338532565804,7373.0,0.0,4.0
2025-06-06 18:00:00,17379,724.524043245802,1129.0,8148.475956754199,7373.0,0.0,4.0
2025-06-06 19:00:00,17291,798.3732392928052,0.0,9115.626760707195,7373.0,0.0,4.0
2025-06-06 20:00:00,17121,924.6553771542395,0.0,8819.34462284576,7373.0,0.0,4.0
2025-06-06 21:00:00,16186,874.1603531664138,0.0,7934.839646833587,7373.0,0.0,4.0
2025-06-06 22:00:00,14965,934.8500589285078,0.0,6653.149941071491,7373.0,0.0,4.0
2025-06-06 23:00:00,13986,1036.0868935717033,0.0,5572.913106428297,7373.0,0.0,4.0
2025-06-07 00:00:00,13083,1173.5350867447016,0.0,4532.464913255299,7373.0,0.0,4.0
2025-06-07 01:00:00,12686,1040.7647413082072,0.0,4268.235258691793,7373.0,0.0,4.0
2025-06-07 02:00:00,12396,133.83472940695128,0.0,4885.165270593048,7373.0,0.0,4.0
2025-06-07 03:00:00,12155,95.31589519284309,0.0,4659.6841048071565,7396.0,0.0,4.0
2025-06-07 04:00:00,12198,176.29679784453992,0.0,4621.7032021554605,7396.0,0.0,4.0
2025-06-07 05:00:00,12380,180.51406876523993,0.0,4799.48593123476,7396.0,0.0,4.0
2025-06-07 06:00:00,12941,1134.2787272036485,0.0,4406.721272796352,7396.0,0.0,4.0
2025-06-07 07:00:00,13636,793.0494438152932,0.0,5442.950556184707,7396.0,0.0,4.0
2025-06-07 08:00:00,14239,734.5111876013973,0.0,6104.488812398603,7396.0,0.0,4.0
2025-06-07 09:00:00,14638,816.39295019406,0.0,6421.60704980594,7396.0,0.0,4.0
2025-06-07 10:00:00,15021,913.194638463204,0.0,6707.805361536795,7396.0,0.0,4.0
2025-06-07 11:00:00,15484,991.919332815328,0.0,7092.080667184671,7396.0,0.0,4.0
2025-06-07 12:00:00,15455,962.2543392101996,0.0,7092.7456607898,7396.0,0.0,4.0
2025-06-07 13:00:00,15611,971.8357797351712,0.0,7276.164220264829,7359.0,0.0,4.0
2025-06-07 14:00:00,15982,996.0125609275112,0.0,7622.987439072489,7359.0,0.0,4.0
2025-06-07 15:00:00,16558,926.4941952685742,897.2537739961201,7371.252030735305,7359.0,0.0,4.0
2025-06-07 16:00:00,17181,848.3241867156798,1129.0,7840.675813284321,7359.0,0.0,4.0
2025-06-07 17:00:00,17240,780.0733209064464,1129.0,7967.926679093554,7359.0,0.0,4.0
2025-06-07 18:00:00,16919,768.6043645895027,1129.0,7621.395635410498,7396.0,0.0,4.0
2025-06-07 19:00:00,16346,856.8145102310367,0.0,8089.185489768963,7396.0,0.0,4.0
2025-06-07 20:00:00,16019,1032.5733110719427,0.0,7586.426688928057,7396.0,0.0,4.0
2025-06-07 21:00:00,15305,1166.3439666628092,0.0,6738.656033337191,7396.0,0.0,4.0
2025-06-07 22:00:00,14084,1405.1362234332476,0.0,5278.863776566752,7396.0,0.0,4.0
2025-06-07 23:00:00,13161,1681.5742858772674,0.0,4079.4257141227317,7396.0,0.0,4.0
2025-06-08 00:00:00,12465,1796.923048211386,0.0,3268.0769517886147,7396.0,0.0,4.0
2025-06-08 01:00:00,12004,1897.6674081707383,0.0,2706.332591829261,7396.0,0.0,4.0
2025-06-08 02:00:00,11734,1101.6666443326053,0.0,3232.3333556673947,7396.0,0.0,4.0
2025-06-08 03:00:00,11568,1328.7527394894755,0.0,2839.2472605105245,7396.0,0.0,4.0
2025-06-08 04:00:00,11726,1261.9340262539508,0.0,3064.065973746049,7396.0,0.0,4.0
2025-06-08 05:00:00,11799,1177.836965416771,0.0,3221.163034583229,7396.0,0.0,4.0
2025-06-08 06:00:00,12197,2030.0705856048928,0.0,2766.9294143951065,7396.0,0.0,4.0
2025-06-08 07:00:00,12762,1720.5308361175205,0.0,3641.4691638824806,7396.0,0.0,4.0
2025-06-08 08:00:00,13246,1531.8426310050268,0.0,4314.157368994973,7396.0,0.0,4.0
2025-06-08 09:00:00,13750,1456.162771224983,0.0,4893.837228775017,7396.0,0.0,4.0
2025-06-08 10:00:00,14066,1557.5045584307886,0.0,5108.495441569212,7396.0,0.0,4.0
2025-06-08 11:00:00,14324,1584.4028713328023,0.0,5339.5971286671975,7396.0,0.0,4.0
2025-06-08 12:00:00,14427,1274.8051255406508,0.0,5776.19487445935,7372.0,0.0,4.0
2025-06-08 13:00:00,14602,984.992351227411,0.0,6241.007648772589,7372.0,0.0,4.0
2025-06-08 14:00:00,14969,927.6441076563276,0.0,6665.355892343672,7372.0,0.0,4.0
2025-06-08 15:00:00,15566,1143.3353499715931,0.0,7046.664650028408,7372.0,0.0,4.0
2025-06-08 16:00:00,16272,996.8963162271092,457.5462260038783,7441.557457769011,7372.0,0.0,4.0
2025-06-08 17:00:00,16628,1004.8815000946076,1129.0,7118.118499905391,7372.0,0.0,4.0
2025-06-08 18:00:00,16559,898.2140203317008,1129.0,7155.785979668299,7372.0,0.0,4.0
2025-06-08 19:00:00,16335,919.8821677022088,1129.0,6910.11783229779,7372.0,0.0,4.0
2025-06-08 20:00:00,16179,1166.463277290317,0.0,7636.536722709683,7372.0,0.0,4.0
2025-06-08 21:00:00,15270,1390.7299114485518,0.0,6503.270088551448,7372.0,0.0,4.0
2025-06-08 22:00:00,14231,1567.155457073211,0.0,5287.844542926789,7372.0,0.0,4.0
2025-06-08 23:00:00,13386,1662.5787489232932,0.0,4413.4212510767065,7306.0,0.0,4.0
2025-06-09 00:00:00,12714,752.3320552114365,0.0,4651.667944788564,7306.0,0.0,4.0
2025-06-09 01:00:00,12384,736.6271531698189,0.0,4337.3728468301815,7306.0,0.0,4.0
2025-06-09 02:00:00,12285,505.9236432763721,0.0,4469.076356723628,7306.0,0.0,4.0
2025-06-09 03:00:00,12491,288.0095968799917,0.0,4892.9904031200085,7306.0,0.0,4.0
2025-06-09 04:00:00,12888,1437.4373963700457,0.0,4246.5626036299545,7200.0,0.0,4.0
2025-06-09 05:00:00,13825,1318.2172324854346,0.0,5302.782767514565,7200.0,0.0,4.0
2025-06-09 06:00:00,15122,1240.7751841779143,0.0,6695.224815822086,7182.0,0.0,4.0
2025-06-09 07:00:00,15671,1089.3975732325766,0.0,7554.602426767424,7023.0,0.0,4.0
2025-06-09 08:00:00,16052,1072.3705946716707,0.0,7918.629405328329,7057.0,0.0,4.0
2025-06-09 09:00:00,16317,1165.752773105716,0.0,8090.247226894284,7057.0,0.0,4.0
2025-06-09 10:00:00,16448,1181.698537784397,0.0,8163.301462215602,7099.0,0.0,4.0
2025-06-09 11:00:00,16508,1261.5056391726057,0.0,8071.494360827395,7171.0,0.0,4.0
2025-06-09 12:00:00,16475,1435.949522495463,0.0,7877.050477504537,7158.0,0.0,4.0
2025-06-09 13:00:00,16445,1613.964314894229,0.0,7669.035685105771,7158.0,0.0,4.0
2025-06-09 14:00:00,16554,1729.531773427242,0.0,7647.468226572759,7173.0,0.0,4.0
2025-06-09 15:00:00,17006,1851.6720310602389,0.0,7964.3279689397605,7186.0,0.0,4.0
2025-06-09 16:00:00,17558,1974.9021452567272,1129.0,7193.0978547432715,7257.0,0.0,4.0
2025-06-09 17:00:00,17572,1906.4876038065604,1129.0,7275.5123961934405,7257.0,0.0,4.0
2025-06-09 18:00:00,17286,1887.3999901874092,0.0,8137.600009812591,7257.0,0.0,4.0
2025-06-09 19:00:00,17281,1661.678294644354,787.3268869980598,7570.994818357585,7257.0,0.0,4.0
2025-06-09 20:00:00,16992,1193.565067573158,1129.0,7408.434932426842,7257.0,0.0,4.0
2025-06-09 21:00:00,16024,940.456341087287,0.0,7822.543658912713,7257.0,0.0,4.0
2025-06-09 22:00:00,14725,1609.3704900775836,0.0,5854.629509922417,7257.0,0.0,4.0
2025-06-09 23:00:00,13784,1612.292360686208,0.0,4910.707639313792,7257.0,0.0,4.0
2025-06-10 00:00:00,13387,1554.3314729448762,0.0,4571.668527055124,7257.0,0.0,4.0
2025-06-10 01:00:00,12953,1615.744645500973,0.0,4076.255354499026,7257.0,0.0,4.0
2025-06-10 02:00:00,12714,1420.098709066173,0.0,4032.901290933827,7257.0,0.0,4.0
2025-06-10 03:00:00,12804,569.5694853784062,0.0,4973.430514621594,7257.0,0.0,4.0
2025-06-10 04:00:00,12635,819.0196226455803,0.0,4554.98037735442,7257.0,0.0,4.0
2025-06-10 05:00:00,13431,2050.0665555730143,0.0,4192.933444426986,7184.0,0.0,4.0
2025-06-10 06:00:00,14787,1944.3393380280631,0.0,5734.660661971937,7104.0,0.0,4.0
2025-06-10 07:00:00,15271,1993.1279175324896,-0.0,6183.872082467511,7090.0,0.0,4.0
2025-06-10 08:00:00,15178,2197.632995146709,0.0,6042.367004853291,6934.0,0.0,4.0
2025-06-10 09:00:00,15422,2440.1123568074827,-0.0,6043.887643192516,6934.0,0.0,4.0
2025-06-10 10:00:00,15512,2712.7441391025804,0.0,5854.25586089742,6941.0,0.0,4.0
2025-06-10 11:00:00,15501,1706.2355711422124,0.0,6849.764428857788,6941.0,0.0,4.0
2025-06-10 12:00:00,15698,1871.281343730293,0.0,6862.718656269707,6960.0,0.0,4.0
2025-06-10 13:00:00,15810,2983.457307573634,0.0,5862.542692426367,6960.0,0.0,4.0
2025-06-10 14:00:00,15984,2755.001100131229,0.0,6218.998899868771,7006.0,0.0,4.0
2025-06-10 15:00:00,16246,2570.3583242820796,0.0,6577.641675717921,7094.0,0.0,4.0
2025-06-10 16:00:00,16707,2272.2779441251355,0.0,7263.722055874865,7167.0,0.0,4.0
2025-06-10 17:00:00,16767,1695.614298198392,787.3268869980594,7158.058814803549,7122.0,0.0,4.0
2025-06-10 18:00:00,16939,1249.8745984428172,1129.0,7434.125401557183,7122.0,0.0,4.0
2025-06-10 19:00:00,16854,1035.153294262593,1129.0,7505.846705737407,7180.0,0.0,4.0
2025-06-10 20:00:00,16658,1129.7542364515614,1129.0,7215.245763548439,7180.0,0.0,4.0
2025-06-10 21:00:00,15829,1261.0278746670358,0.0,7383.972125332964,7180.0,0.0,4.0
2025-06-10 22:00:00,14656,1176.4523926932868,0.0,6295.547607306713,7180.0,0.0,4.0
2025-06-10 23:00:00,13729,1077.6777102384494,0.0,5467.322289761551,7180.0,0.0,4.0
2025-06-11 00:00:00,13103,284.19670913609184,0.0,5707.803290863908,7107.0,0.0,4.0
2025-06-11 01:00:00,12623,-0.0,0.0,5512.0,7107.0,0.0,4.0
2025-06-11 02:00:00,12496,-0.0,0.0,5385.0,7107.0,0.0,4.0
2025-06-11 03:00:00,12300,-0.0,0.0,5189.0,7107.0,0.0,4.0
2025-06-11 04:00:00,12675,0.0,0.0,5564.0,7107.0,0.0,4.0
2025-06-11 05:00:00,13635,917.0832986389988,0.0,5533.916701361001,7180.0,0.0,4.0
2025-06-11 06:00:00,14720,816.662314566161,0.0,6798.337685433839,7101.0,0.0,4.0
2025-06-11 07:00:00,15060,637.8385632283931,0.0,7317.1614367716065,7101.0,0.0,4.0
2025-06-11 08:00:00,15089,761.3664394181505,0.0,7236.633560581849,7087.0,0.0,4.0
2025-06-11 09:00:00,15256,994.4849383257832,0.0,7170.515061674217,7087.0,0.0,4.0
2025-06-11 10:00:00,15427,1443.7697473341157,0.0,6859.230252665884,7120.0,0.0,4.0
2025-06-11 11:00:00,15731,2254.4495726639184,0.0,6352.550427336082,7120.0,0.0,4.0
2025-06-11 12:00:00,16097,3071.8584657077813,0.0,5822.141534292219,7199.0,0.0,4.0
2025-06-11 13:00:00,16366,3413.639692865736,0.0,5749.360307134264,7199.0,0.0,4.0
2025-06-11 14:00:00,16903,3214.373892111085,0.0,6413.626107888915,7271.0,0.0,4.0
2025-06-11 15:00:00,17686,3741.786077725212,0.0,6669.213922274788,7271.0,0.0,4.0
2025-06-11 16:00:00,18613,3581.122331551432,0.0,7756.877668448567,7271.0,0.0,4.0
2025-06-11 17:00:00,18825,3267.6320888980276,1129.0,7139.367911101972,7285.0,0.0,4.0
2025-06-11 18:00:00,18869,2964.0043140421526,1129.0,7486.995685957847,7285.0,0.0,4.0
2025-06-11 19:00:00,18748,2711.795914064366,1129.0,7618.204085935635,7285.0,0.0,4.0
2025-06-11 20:00:00,18384,2920.6451765374004,461.06200023692475,7713.2928232256745,7285.0,0.0,4.0
2025-06-11 21:00:00,17263,2793.4821190830016,0.0,7180.517880916999,7285.0,0.0,4.0
2025-06-11 22:00:00,16002,2382.2497406281245,0.0,6330.750259371875,7285.0,0.0,4.0
2025-06-11 23:00:00,14709,2012.6896730272429,0.0,5407.310326972758,7285.0,0.0,4.0
2025-06-12 00:00:00,14025,579.4016897946519,0.0,6156.598310205348,7285.0,0.0,4.0
2025-06-12 01:00:00,13437,313.5399644726208,0.0,5834.46003552738,7285.0,0.0,4.0
2025-06-12 02:00:00,13110,104.8833849235366,0.0,5770.116615076464,7231.0,0.0,4.0
2025-06-12 03:00:00,13060,-0.0,0.0,5825.0,7231.0,0.0,4.0
2025-06-12 04:00:00,13124,640.9644088674652,0.0,5194.035591132535,7285.0,0.0,4.0
2025-06-12 05:00:00,13869,525.0112813939495,0.0,6054.9887186060505,7285.0,0.0,4.0
2025-06-12 06:00:00,15121,544.3481613659675,0.0,7294.651838634032,7278.0,0.0,4.0
2025-06-12 07:00:00,15611,472.59922017352585,0.0,7856.400779826474,7278.0,0.0,4.0
2025-06-12 08:00:00,15527,559.6473081840106,0.0,7870.35269181599,7093.0,0.0,4.0
2025-06-12 09:00:00,15497,552.0214724484208,0.0,7862.978527551579,7078.0,0.0,4.0
2025-06-12 10:00:00,15720,724.3173156811181,0.0,7779.682684318882,7212.0,0.0,4.0
2025-06-12 11:00:00,15856,914.944651888524,0.0,7718.055348111476,7219.0,0.0,4.0
2025-06-12 12:00:00,16023,1112.7930089091692,0.0,7748.20699109083,7158.0,0.0,4.0
2025-06-12 13:00:00,16277,1154.478238070998,0.0,7960.5217619290015,7158.0,0.0,4.0
2025-06-12 14:00:00,16452,1105.109391160242,0.0,8118.890608839758,7224.0,0.0,4.0
2025-06-12 15:00:00,17119,1006.1965560878446,0.0,8833.803443912155,7275.0,0.0,4.0
2025-06-12 16:00:00,17782,883.0433573893265,1129.0,8490.956642610674,7275.0,0.0,4.0
2025-06-12 17:00:00,17934,669.6497768278848,1129.0,8855.350223172116,7276.0,0.0,4.0
2025-06-12 18:00:00,17929,510.9734964746213,1129.0,8965.02650352538,7320.0,0.0,4.0
2025-06-12 19:00:00,17537,466.75313236905305,897.2537739961201,8839.993093634826,7329.0,0.0,4.0
2025-06-12 20:00:00,17250,568.0270884265603,0.0,9348.97291157344,7329.0,0.0,4.0
2025-06-12 21:00:00,16024,878.356077110971,0.0,7812.6439228890285,7329.0,0.0,4.0
2025-06-12 22:00:00,14965,1000.6304692517252,0.0,6631.369530748274,7329.0,0.0,4.0
2025-06-12 23:00:00,13946,425.0211411254888,0.0,6187.978858874511,7329.0,0.0,4.0
2025-06-13 00:00:00,13315,-0.0,0.0,5982.0,7329.0,0.0,4.0
2025-06-13 01:00:00,12752,0.0,0.0,5419.0,7329.0,0.0,4.0
2025-06-13 02:00:00,12669,-0.0,0.0,5336.0,7329.0,0.0,4.0
2025-06-13 03:00:00,12652,-0.0,0.0,5319.0,7329.0,0.0,4.0
2025-06-13 04:00:00,12868,0.0,0.0,5535.0,7329.0,0.0,4.0
2025-06-13 05:00:00,13805,780.5760475488964,0.0,5691.423952451103,7329.0,0.0,4.0
2025-06-13 06:00:00,14738,813.8659847169962,0.0,6591.1340152830035,7329.0,0.0,4.0
2025-06-13 07:00:00,15318,873.7665874233172,0.0,7135.233412576683,7305.0,0.0,4.0
2025-06-13 08:00:00,15338,999.0677020456792,0.0,7029.932297954321,7305.0,0.0,4.0
2025-06-13 09:00:00,15307,957.1593918788398,0.0,7016.84060812116,7329.0,0.0,4.0
2025-06-13 10:00:00,15312,931.3661892208931,0.0,7047.633810779107,7329.0,0.0,4.0
2025-06-13 11:00:00,15448,994.1234124895122,0.0,7120.876587510487,7329.0,0.0,4.0
2025-06-13 12:00:00,15574,1026.8811946536675,0.0,7214.118805346332,7329.0,0.0,4.0
2025-06-13 13:00:00,15712,965.6302352439592,0.0,7413.36976475604,7329.0,0.0,4.0
2025-06-13 14:00:00,15727,894.3616173083583,0.0,7499.638382691643,7329.0,0.0,4.0
2025-06-13 15:00:00,16126,865.5932365257606,1129.0,6798.406763474239,7329.0,0.0,4.0
2025-06-13 16:00:00,16495,956.96285512079,1129.0,7076.03714487921,7329.0,0.0,4.0
2025-06-13 17:00:00,16275,985.08757709244,1129.0,6827.9124229075605,7329.0,0.0,4.0
2025-06-13 18:00:00,16189,927.4579517743978,897.2537739961201,7031.288274229481,7329.0,0.0,4.0
2025-06-13 19:00:00,15984,904.9561122110284,0.0,7746.043887788972,7329.0,0.0,4.0
2025-06-13 20:00:00,15944,1043.631223861843,0.0,7567.368776138157,7329.0,0.0,4.0
2025-06-13 21:00:00,15199,1078.4787337251523,0.0,6787.521266274847,7329.0,0.0,4.0
2025-06-13 22:00:00,14356,1075.9974836791243,0.0,5961.002516320876,7315.0,0.0,4.0
2025-06-13 23:00:00,13496,1090.8932150600326,0.0,5086.106784939968,7315.0,0.0,4.0
2025-06-14 00:00:00,12993,1064.434666041625,0.0,4609.565333958375,7315.0,0.0,4.0
2025-06-14 01:00:00,12613,1088.8011747765331,0.0,4205.198825223466,7315.0,0.0,4.0
2025-06-14 02:00:00,12308,-0.0,0.0,4975.0,7329.0,0.0,4.0
2025-06-14 03:00:00,12238,51.97063718078584,0.0,4853.029362819214,7329.0,0.0,4.0
2025-06-14 04:00:00,12226,65.14861141117171,0.0,4827.851388588828,7329.0,0.0,4.0
2025-06-14 05:00:00,12422,84.25780158684506,0.0,5004.742198413155,7329.0,0.0,4.0
2025-06-14 06:00:00,12956,1226.8631577294368,0.0,4396.136842270564,7329.0,0.0,4.0
2025-06-14 07:00:00,13446,1302.0058687874673,0.0,4810.994131212532,7329.0,0.0,4.0
2025-06-14 08:00:00,13797,1511.5559611806534,0.0,4952.444038819347,7329.0,0.0,4.0
2025-06-14 09:00:00,13931,1531.341552666728,0.0,5066.658447333271,7329.0,0.0,4.0
2025-06-14 10:00:00,14103,1446.6058322938725,0.0,5323.394167706128,7329.0,0.0,4.0
2025-06-14 11:00:00,14043,1312.6136547997107,0.0,5397.38634520029,7329.0,0.0,4.0
2025-06-14 12:00:00,14209,1124.74012286841,0.0,5751.25987713159,7329.0,0.0,4.0
2025-06-14 13:00:00,14390,1045.9070856659978,0.0,6011.092914334002,7329.0,0.0,4.0
2025-06-14 14:00:00,14599,1095.347187896721,0.0,6170.652812103279,7329.0,0.0,4.0
2025-06-14 15:00:00,15054,1280.363450800757,0.0,6440.636549199244,7329.0,0.0,4.0
2025-06-14 16:00:00,15669,1261.360645402834,0.0,7074.639354597166,7329.0,0.0,4.0
2025-06-14 17:00:00,16110,1120.6864882323764,671.0705750722643,6985.242936695358,7329.0,0.0,4.0
2025-06-14 18:00:00,16122,839.2191296257879,1129.0,6820.780870374212,7329.0,0.0,4.0
2025-06-14 19:00:00,15791,616.1035262154545,1129.0,6712.896473784545,7329.0,0.0,4.0
2025-06-14 20:00:00,15591,613.5586461119188,1129.0,6515.441353888082,7329.0,0.0,4.0
2025-06-14 21:00:00,14985,595.0948653451572,0.0,7056.905134654843,7329.0,0.0,4.0
2025-06-14 22:00:00,14126,601.5353200071197,0.0,6191.4646799928805,7329.0,0.0,4.0
2025-06-14 23:00:00,13366,92.66219731251437,0.0,5940.337802687485,7329.0,0.0,4.0
2025-06-15 00:00:00,12746,0.0,0.0,5413.0,7329.0,0.0,4.0
2025-06-15 01:00:00,12176,-0.0,0.0,4843.0,7329.0,0.0,4.0
2025-06-15 02:00:00,11970,0.0,0.0,4637.0,7329.0,0.0,4.0
2025-06-15 03:00:00,11939,-0.0,0.0,4606.0,7329.0,0.0,4.0
2025-06-15 04:00:00,11960,0.0,0.0,4627.0,7329.0,0.0,4.0
2025-06-15 05:00:00,12074,-0.0,0.0,4741.0,7329.0,0.0,4.0
2025-06-15 06:00:00,12452,0.0,0.0,5119.0,7329.0,0.0,4.0
2025-06-15 07:00:00,13020,-0.0,0.0,5687.0,7329.0,0.0,4.0
2025-06-15 08:00:00,13435,-0.0,0.0,6102.0,7329.0,0.0,4.0
2025-06-15 09:00:00,13967,662.8027889892585,0.0,5971.197211010742,7329.0,0.0,4.0
2025-06-15 10:00:00,14320,861.3505555747148,0.0,6125.649444425285,7329.0,0.0,4.0
2025-06-15 11:00:00,14620,915.24827115169,0.0,6371.75172884831,7329.0,0.0,4.0
2025-06-15 12:00:00,14924,983.2271678669354,0.0,6607.772832133065,7329.0,0.0,4.0
2025-06-15 13:00:00,15152,996.1987849642323,0.0,6822.801215035768,7329.0,0.0,4.0
2025-06-15 14:00:00,15554,988.3233874902191,0.0,7232.67661250978,7329.0,0.0,4.0
2025-06-15 15:00:00,16067,990.75702335042,0.0,7743.242976649581,7329.0,0.0,4.0
2025-06-15 16:00:00,16684,874.7367211728892,0.0,8500.263278827111,7305.0,0.0,4.0
2025-06-15 17:00:00,17073,717.2532589878722,897.2537739961201,8207.492967016007,7247.0,0.0,4.0
2025-06-15 18:00:00,17214,498.947625279025,1129.0,8311.052374720975,7271.0,0.0,4.0
2025-06-15 19:00:00,17115,358.92962315905476,1129.0,8352.070376840946,7271.0,0.0,4.0
2025-06-15 20:00:00,16751,357.37431340861815,1129.0,7931.625686591382,7329.0,0.0,4.0
2025-06-15 21:00:00,16061,401.262510414573,0.0,8326.737489585426,7329.0,0.0,4.0
2025-06-15 22:00:00,15049,383.8219413141693,0.0,7332.17805868583,7329.0,0.0,4.0
2025-06-15 23:00:00,14004,565.9641607645376,0.0,6105.035839235463,7329.0,0.0,4.0
2025-06-16 00:00:00,13392,0.0,0.0,6059.0,7329.0,0.0,4.0
2025-06-16 01:00:00,12983,0.0,0.0,5650.0,7329.0,0.0,4.0
2025-06-16 02:00:00,12653,0.0,0.0,5320.0,7329.0,0.0,4.0
2025-06-16 03:00:00,12652,-0.0,0.0,5319.0,7329.0,0.0,4.0
2025-06-16 04:00:00,12956,-0.0,0.0,5647.0,7305.0,0.0,4.0
2025-06-16 05:00:00,13758,140.89288097969518,0.0,6308.107119020305,7305.0,0.0,4.0
2025-06-16 06:00:00,14987,540.0422546628402,0.0,7310.95774533716,7132.0,0.0,4.0
2025-06-16 07:00:00,15645,305.3444110932469,0.0,8212.655588906753,7123.0,0.0,4.0
2025-06-16 08:00:00,15990,322.273894809236,0.0,8540.726105190764,7123.0,0.0,4.0
2025-06-16 09:00:00,16392,445.55129314002784,0.0,8819.448706859972,7123.0,0.0,4.0
2025-06-16 10:00:00,16820,456.8602833894998,0.0,9232.1397166105,7127.0,0.0,4.0
2025-06-16 11:00:00,17307,502.0644081015791,0.0,9514.579528159853,7147.0,0.0,143.35606373856973
2025-06-16 12:00:00,18389,527.8895343896456,8.754401871786458,9590.0,7147.0,88.0,1027.3560637385697
2025-06-16 13:00:00,18344,560.4539650995932,0.0,9590.0,7147.0,270.0,776.5460349004061
2025-06-16 14:00:00,18692,700.7981362326424,0.0,9590.0,7147.0,256.36585643139915,997.8360073359581
2025-06-16 15:00:00,19382,592.163992664044,0.0,9590.0,7213.0,270.0,1716.8360073359581
2025-06-16 16:00:00,20003,335.2139159817617,825.7860840182402,9590.0,7213.0,270.0,1769.0
2025-06-16 17:00:00,20065,189.37159429047944,1035.6284057095218,9590.0,7213.0,270.0,1767.0
2025-06-16 18:00:00,19992,112.42200934712912,964.5779906528696,9590.0,7213.0,270.0,1842.0
2025-06-16 19:00:00,19635,120.11092571240567,646.8890742875956,9580.0,7213.0,270.0,1805.0
2025-06-16 20:00:00,19200,219.38218254389545,802.6178174561064,9580.0,7213.0,187.0,1198.0
2025-06-16 21:00:00,17449,448.65195763507137,0.0,9321.348042364929,7213.0,104.0,362.0
2025-06-16 22:00:00,16090,521.7677515669862,0.0,8298.232248433014,7213.0,21.0,36.0
2025-06-16 23:00:00,15024,507.2578525833752,0.0,7278.742147416625,7213.0,3.0,22.0
2025-06-17 00:00:00,14329,-0.0,0.0,7126.0,7190.0,3.0,10.0
2025-06-17 01:00:00,13825,-0.0,0.0,6623.0,7190.0,3.0,9.0
2025-06-17 02:00:00,13466,0.0,0.0,6264.0,7190.0,3.0,9.0
2025-06-17 03:00:00,13507,-0.0,0.0,6305.0,7190.0,3.0,9.0
2025-06-17 04:00:00,13521,-0.0,0.0,6318.0,7190.0,3.0,10.0
2025-06-17 05:00:00,14452,18.443175053480104,0.0,7229.55682494652,7190.0,3.0,11.0
2025-06-17 06:00:00,15865,837.357412339612,0.0,7822.642587660388,7190.0,3.0,12.0
2025-06-17 07:00:00,16663,754.7468902542289,1013.12688699806,7713.126222747712,7166.0,3.0,13.0
2025-06-17 08:00:00,17120,869.7423522918668,1129.0,8213.257647708133,6892.0,3.0,13.0
2025-06-17 09:00:00,17415,856.0,0.0,9580.0,6892.0,74.0,13.0
2025-06-17 10:00:00,17872,1134.7624012020528,0.0,9580.0,6892.0,145.0,120.2375987979467
2025-06-17 11:00:00,18308,1285.9563695550069,0.0,9580.0,6867.0,216.0,359.04363044499405
2025-06-17 12:00:00,18672,1628.6634806328789,0.0,9580.0,6892.0,269.0,302.33651936711976
2025-06-17 13:00:00,19031,1900.5003428949965,0.0,9580.0,6892.0,270.0,388.4996571050033
2025-06-17 14:00:00,19325,1836.1081453142272,0.0,9580.0,6915.0,270.0,723.8918546857749
2025-06-17 15:00:00,20237,1740.8126813979893,0.0,9580.0,7213.0,270.0,1433.1873186020093
2025-06-17 16:00:00,20768,1908.943573737693,44.095680899302266,9580.0,7122.0,270.0,1842.960745363006
2025-06-17 17:00:00,20833,1746.8890541873843,1129.0,9580.0,7122.0,270.0,985.1109458126157
2025-06-17 18:00:00,20822,1510.404485580899,1129.0,9580.0,7122.0,270.0,1210.595514419103
2025-06-17 19:00:00,20507,1340.879359177365,0.0,9580.0,7089.0,243.32574851376557,2253.7948923088697
2025-06-17 20:00:00,19845,1705.6808989039837,0.0,9580.0,7056.0,160.32574851376557,1342.993352582249
2025-06-17 21:00:00,18638,1931.6742514862335,0.0,9580.0,7039.0,77.32574851376557,10.0
2025-06-17 22:00:00,17264,1998.0942783730443,0.0,8213.905721626956,7039.0,3.0,10.0
2025-06-17 23:00:00,16122,1915.2393446405904,0.0,7137.7606553594105,7056.0,3.0,10.0
2025-06-18 00:00:00,15381,422.1694815475837,0.0,7823.830518452416,7122.0,3.0,10.0
2025-06-18 01:00:00,14847,99.76966006013618,0.0,7612.230339939864,7122.0,3.0,10.0
2025-06-18 02:00:00,14474,-0.0,0.0,7339.0,7122.0,3.0,10.0
2025-06-18 03:00:00,14432,-0.0,0.0,7297.0,7122.0,3.0,10.0
2025-06-18 04:00:00,14829,146.6867627110298,0.0,7547.31323728897,7122.0,3.0,10.0
2025-06-18 05:00:00,15963,659.429227108583,0.0,8115.570772891417,7122.0,56.0,10.0
2025-06-18 06:00:00,17500,483.5604090840436,0.0,9580.0,7081.0,127.0,228.43959091595752
2025-06-18 07:00:00,18436,396.8883635758611,152.67204550818133,9572.0,7006.0,198.0,1110.4395909159575
2025-06-18 08:00:00,18779,477.50304020229794,0.0,9572.0,7006.0,269.0,1454.4969597977033
2025-06-18 09:00:00,19375,416.37163425032264,1129.0,9572.0,7006.0,270.0,981.6283657496751
2025-06-18 10:00:00,19865,425.12213922601813,1129.0,9572.0,7006.0,270.0,1462.8778607739805
2025-06-18 11:00:00,20130,803.9496687602646,1124.2936676345637,9572.0,7052.0,270.0,1307.7566636051706
2025-06-18 12:00:00,20528,1294.2433363948278,0.0,9572.0,7021.0,270.0,2370.7566636051706
2025-06-18 13:00:00,20122,1171.9512090923556,0.0,9572.0,7098.0,270.0,2010.0487909076437
2025-06-18 14:00:00,20317,764.0594391244631,0.0,9564.0,7129.0,270.0,2589.940560875537
2025-06-18 15:00:00,20345,598.6082164866077,0.0,9564.0,6951.0,270.0,2961.3917835133907
2025-06-18 16:00:00,20296,336.4320141223297,16.567985877671163,9549.0,6973.0,270.0,3151.0
2025-06-18 17:00:00,20243,419.5472297130772,0.0,9549.0,7158.0,270.0,2846.4527702869236
2025-06-18 18:00:00,20227,633.6679849697567,0.0,9549.0,7158.0,270.0,2616.3320150302425
2025-06-18 19:00:00,19972,846.1573889482642,0.0,9549.0,7132.0,270.0,2174.8426110517357
2025-06-18 20:00:00,20000,1166.7205680830812,732.720074975704,9549.0,7132.0,187.0,1232.559356941215
2025-06-18 21:00:00,18597,1089.759063455747,0.0,9549.0,7132.0,104.0,722.2409365442509
2025-06-18 22:00:00,17243,1005.7389311512496,0.0,9073.261068848751,7132.0,21.0,11.0
2025-06-18 23:00:00,15879,1493.2786885055311,0.0,7239.721311494468,7132.0,3.0,11.0
2025-06-19 00:00:00,14885,1957.7055176814388,0.0,5751.294482318561,7162.0,3.0,11.0
2025-06-19 01:00:00,14362,1129.4389442319584,0.0,6057.561055768041,7162.0,2.0,11.0
2025-06-19 02:00:00,14164,1397.5026129810394,0.0,5591.497387018961,7162.0,2.0,11.0
2025-06-19 03:00:00,14072,1641.3644323077533,0.0,5267.635567692247,7150.0,2.0,11.0
2025-06-19 04:00:00,14547,1603.7003761133742,0.0,5780.299623886625,7150.0,2.0,11.0
2025-06-19 05:00:00,15287,2901.930283355676,0.0,5222.069716644324,7150.0,2.0,11.0
2025-06-19 06:00:00,16417,3418.516812842801,0.0,5892.483187157199,7092.0,3.0,11.0
2025-06-19 07:00:00,17250,3292.5484431755085,0.0,6865.4515568244915,7079.0,3.0,10.0
2025-06-19 08:00:00,17582,2832.980453782922,0.0,7758.019546217078,6979.0,2.0,10.0
2025-06-19 09:00:00,17682,3088.5472558717033,0.0,7616.452744128297,6965.0,2.0,10.0
2025-06-19 10:00:00,17855,3698.552006918114,0.0,7156.447993081885,6988.0,2.0,10.0
2025-06-19 11:00:00,18118,3849.7803912733134,0.0,7278.219608726686,6978.0,2.0,10.0
2025-06-19 12:00:00,18365,3738.9210694492554,0.0,7656.078930550744,6958.0,2.0,10.0
2025-06-19 13:00:00,18221,3722.378580021564,0.0,7387.621419978435,7099.0,2.0,10.0
2025-06-19 14:00:00,18100,3299.6866141077176,0.0,7678.313385892283,7109.0,3.0,10.0
2025-06-19 15:00:00,18117,2995.349130816371,0.0,7967.650869183628,7140.0,3.0,11.0
2025-06-19 16:00:00,18151,2888.4366830353856,0.0,8108.5633169646135,7140.0,3.0,11.0
2025-06-19 17:00:00,17801,2516.7714229196695,0.0,8072.22857708033,7198.0,3.0,11.0
2025-06-19 18:00:00,17667,1662.0415315387795,897.2537739961201,7924.7046944651,7169.0,3.0,11.0
2025-06-19 19:00:00,17559,1127.5267227889751,1129.0,8120.473277211026,7169.0,2.0,11.0
2025-06-19 20:00:00,17448,1109.551100729304,1129.0,8027.448899270696,7169.0,2.0,11.0
2025-06-19 21:00:00,16681,968.8433582545978,1129.0,7400.156641745401,7169.0,3.0,11.0
2025-06-19 22:00:00,15528,763.7532524928992,0.0,7581.246747507101,7169.0,3.0,11.0
2025-06-19 23:00:00,14332,756.827920554532,0.0,6392.172079445468,7169.0,3.0,11.0
2025-06-20 00:00:00,13547,0.0,0.0,6365.0,7168.0,3.0,11.0
2025-06-20 01:00:00,13278,-0.0,0.0,6095.0,7169.0,3.0,11.0
2025-06-20 02:00:00,12859,0.0,0.0,5734.0,7111.0,3.0,11.0
2025-06-20 03:00:00,12868,0.0,0.0,5744.0,7111.0,2.0,11.0
2025-06-20 04:00:00,13272,-0.0,0.0,6148.0,7111.0,2.0,11.0
2025-06-20 05:00:00,14078,629.9363314975074,0.0,6323.063668502493,7111.0,3.0,11.0
2025-06-20 06:00:00,14985,673.7050951257713,0.0,7186.294904874228,7111.0,3.0,11.0
2025-06-20 07:00:00,15768,499.13286360210583,0.0,8167.867136397894,7087.0,3.0,11.0
2025-06-20 08:00:00,15996,506.43805018625767,0.0,8411.561949813742,7064.0,3.0,11.0
2025-06-20 09:00:00,16263,681.735036201102,0.0,8504.264963798898,7064.0,2.0,11.0
2025-06-20 10:00:00,16660,818.6751563562673,0.0,8741.324843643732,7087.0,2.0,11.0
2025-06-20 11:00:00,17098,831.6354765106346,0.0,9220.364523489367,7033.0,2.0,11.0
2025-06-20 12:00:00,17577,616.7247845539234,136.2752154460759,9600.0,7111.0,102.0,11.0
2025-06-20 13:00:00,17837,775.5621362347686,175.4378637652335,9600.0,7111.0,164.0,11.0
2025-06-20 14:00:00,17917,859.1521565830795,147.8478434169192,9600.0,7111.0,188.0,11.0
2025-06-20 15:00:00,18307,908.7114673543113,444.288532645689,9600.0,7111.0,232.0,11.0
2025-06-20 16:00:00,18715,914.2363239713336,767.7636760286659,9600.0,7152.0,270.0,11.0
2025-06-20 17:00:00,18764,766.3568013302781,1047.6431986697207,9600.0,7152.0,187.0,11.0
2025-06-20 18:00:00,18638,863.6036225993328,788.6335763736074,9600.0,7152.0,222.76280102705869,11.0
2025-06-20 19:00:00,18253,827.6172245606027,480.38277543939694,9600.0,7152.0,182.0,11.0
2025-06-20 20:00:00,18057,887.0189077891894,295.98109221081177,9600.0,7152.0,111.0,11.0
2025-06-20 21:00:00,17214,1222.0014140180156,0.0,8827.998585981984,7152.0,2.0,10.0
2025-06-20 22:00:00,15869,1210.8985578161878,0.0,7494.101442183812,7152.0,2.0,10.0
2025-06-20 23:00:00,14678,1268.0547670199685,0.0,6244.9452329800315,7152.0,2.0,11.0
2025-06-21 00:00:00,13880,1258.0950395849595,0.0,5450.9049604150405,7157.0,3.0,11.0
2025-06-21 01:00:00,13512,1233.569770524856,0.0,5107.430229475143,7157.0,3.0,11.0
2025-06-21 02:00:00,13119,951.719889816629,0.0,4996.280110183371,7157.0,3.0,11.0
2025-06-21 03:00:00,12896,50.02622056237465,0.0,5674.973779437625,7157.0,3.0,11.0
2025-06-21 04:00:00,12870,197.59371924822608,0.0,5501.406280751774,7157.0,3.0,11.0
2025-06-21 05:00:00,13084,473.1625122525961,0.0,5440.837487747403,7157.0,2.0,11.0
2025-06-21 06:00:00,13491,653.2602452786189,0.0,5667.739754721381,7157.0,2.0,11.0
2025-06-21 07:00:00,14443,1917.5717362658336,0.0,5355.428263734168,7157.0,2.0,11.0
2025-06-21 08:00:00,15592,2206.1753785091673,0.0,6215.824621490832,7157.0,2.0,11.0
2025-06-21 09:00:00,16567,2473.600331655944,0.0,6926.399668344056,7153.0,3.0,11.0
2025-06-21 10:00:00,17262,2677.210570673031,0.0,7496.789429326969,7074.0,3.0,11.0
2025-06-21 11:00:00,17736,2408.953648174791,1129.0,7127.046351825209,7058.0,2.0,11.0
2025-06-21 12:00:00,17686,2260.7021581402005,1129.0,7225.2978418597995,7058.0,2.0,11.0
2025-06-21 13:00:00,17548,2403.570179447074,1129.0,6850.429820552927,7152.0,2.0,11.0
2025-06-21 14:00:00,17422,3061.301674642215,0.0,7129.6983253577855,7218.0,2.0,11.0
2025-06-21 15:00:00,17800,3447.258201008121,0.0,7108.7417989918795,7231.0,2.0,11.0
2025-06-21 16:00:00,18282,3625.12152347816,0.0,7412.878476521841,7231.0,2.0,11.0
2025-06-21 17:00:00,18741,3761.97850567795,0.0,7734.021494322049,7231.0,3.0,11.0
2025-06-21 18:00:00,18777,3814.4311363552906,0.0,7717.5688636447085,7231.0,3.0,11.0
2025-06-21 19:00:00,18525,3646.6704853442143,897.2537739961201,7129.075740659665,6839.0,2.0,11.0
2025-06-21 20:00:00,18343,3580.8508297581284,0.0,7655.149170241872,7094.0,2.0,11.0
2025-06-21 21:00:00,17719,3631.5372920746927,0.0,6980.462707925308,7094.0,2.0,11.0
2025-06-21 22:00:00,16839,3664.7386436780566,0.0,6067.261356321944,7094.0,2.0,11.0
2025-06-21 23:00:00,15943,3705.646356796537,0.0,5130.353643203463,7094.0,2.0,11.0
2025-06-22 00:00:00,15226,3283.4175268902195,0.0,4834.58247310978,7094.0,3.0,11.0
2025-06-22 01:00:00,14790,2117.449458052103,0.0,5564.550541947897,7094.0,3.0,11.0
2025-06-22 02:00:00,14427,2057.194993604227,0.0,5261.805006395773,7094.0,3.0,11.0
2025-06-22 03:00:00,14269,2100.2062139040972,0.0,4923.793786095903,7231.0,3.0,11.0
2025-06-22 04:00:00,14219,2021.4140135834457,0.0,5117.585986416554,7066.0,3.0,11.0
2025-06-22 05:00:00,14402,2890.349708828774,0.0,4266.650291171227,7231.0,3.0,11.0
2025-06-22 06:00:00,15256,2407.174407153737,0.0,5603.825592846264,7231.0,3.0,11.0
2025-06-22 07:00:00,16954,2219.1013726172655,0.0,7489.898627382734,7231.0,3.0,11.0
2025-06-22 08:00:00,18620,2111.809746996955,0.0,9244.190253003046,7231.0,22.0,11.0
2025-06-22 09:00:00,19563,1788.7592879042238,0.0,9600.0,7231.0,43.0,900.240712095776
2025-06-22 10:00:00,20696,1705.6560790546569,0.0,9600.0,7177.0,114.0,2099.3439209453427
2025-06-22 11:00:00,21577,1154.0079206150915,1129.0,9600.0,7177.0,185.0,2331.9920793849087
2025-06-22 12:00:00,21542,1161.381274628773,0.0,9600.0,7177.0,235.0,3368.618725371227
2025-06-22 13:00:00,21692,1321.1318485284005,0.0,9600.0,7177.0,270.0,3323.868151471601
2025-06-22 14:00:00,21865,1738.6253521801275,0.0,9600.0,7177.0,262.0,3087.3746478198736
2025-06-22 15:00:00,22313,2040.6118426548744,0.0,9600.0,7177.0,204.0,3291.3881573451254
2025-06-22 16:00:00,22732,2251.320129220277,0.0,9600.0,7177.0,146.0,3557.6798707797207
2025-06-22 17:00:00,22973,2075.788468935244,101.21153106475684,9600.0,7177.0,88.0,3931.0
2025-06-22 18:00:00,23045,1763.0007280701388,490.9992719298607,9600.0,7177.0,88.0,3926.0
2025-06-22 19:00:00,22880,1732.1419439884237,1129.0,9600.0,7177.0,88.0,3153.858056011577
2025-06-22 20:00:00,22656,2057.2745825985457,1129.0,9600.0,7177.0,137.0,2555.7254174014524
2025-06-22 21:00:00,21668,2325.4058319489254,305.04297100150234,9600.0,7177.0,161.0,2099.551197049571
2025-06-22 22:00:00,20384,2395.3147235547226,0.0,9600.0,7177.0,97.0,1114.6852764452779
2025-06-22 23:00:00,19276,2485.795647329803,0.0,9583.204352670196,7177.0,14.0,16.0
2025-06-23 00:00:00,18154,2395.6091506871476,0.0,8562.390849312853,7177.0,3.0,16.0
2025-06-23 01:00:00,17451,1202.2283872929506,0.0,9052.771612707049,7177.0,3.0,16.0
2025-06-23 02:00:00,16890,1080.7712109648296,0.0,8613.22878903517,7177.0,3.0,16.0
2025-06-23 03:00:00,16544,812.9361799063063,0.0,8557.063820093694,7155.0,3.0,16.0
2025-06-23 04:00:00,16647,746.2098566626973,0.0,8728.790143337303,7155.0,3.0,14.0
2025-06-23 05:00:00,17523,1686.1184225271304,0.0,8610.88157747287,7155.0,56.0,15.0
2025-06-23 06:00:00,19398,1942.182428993744,0.0,9600.0,7154.0,127.0,574.8175710062569
2025-06-23 07:00:00,20908,1910.4035309542244,0.0,9600.0,7154.0,198.0,2045.5964690457768
2025-06-23 08:00:00,21678,2038.6112142743132,0.0,9600.0,7167.0,269.0,2603.388785725685
2025-06-23 09:00:00,22492,2247.6339780141016,0.0,9600.0,7167.0,270.0,3207.3660219858975
2025-06-23 10:00:00,23286,2270.712124846146,0.0,9600.0,7154.0,270.0,3991.287875153852
2025-06-23 11:00:00,23844,2265.664097125362,327.3359028746381,9600.0,7130.0,270.0,4251.0
2025-06-23 12:00:00,24200,2520.9292351930853,541.0707648069147,9600.0,7154.0,270.0,4114.0
2025-06-23 13:00:00,24185,2969.892297886363,153.10770211363706,9600.0,7154.0,270.0,4038.0
2025-06-23 14:00:00,24075,3323.036420160571,0.0,9600.0,7154.0,270.0,3727.96357983943
2025-06-23 15:00:00,24609,3446.7292376614264,0.0,9600.0,7133.0,270.0,4159.270762338572
2025-06-23 16:00:00,24398,3229.533816332187,0.0,9600.0,7133.0,270.0,4165.466183667813
2025-06-23 17:00:00,24563,2777.8258495801947,594.6086086669726,9600.0,7134.0,270.0,4186.565541752834
2025-06-23 18:00:00,24712,2517.230102132205,1129.0,9600.0,7113.0,270.0,4082.7698978677945
2025-06-23 19:00:00,24574,2380.0222232057845,1129.0,9600.0,7113.0,270.0,4081.977776794214
2025-06-23 20:00:00,23907,2318.8692044660443,410.130795533958,9600.0,7134.0,270.0,4174.0
2025-06-23 21:00:00,22899,2412.287937577627,0.0,9600.0,7134.0,270.0,3482.7120624223753
2025-06-23 22:00:00,21678,2293.8956278023115,0.0,9600.0,7134.0,270.0,2380.1043721976894
2025-06-23 23:00:00,20346,2316.2530108761234,0.0,9600.0,6997.0,270.0,1162.7469891238761
2025-06-24 00:00:00,19422,2440.8049581702044,0.0,9600.0,7134.0,227.19504182979654,20.0
2025-06-24 01:00:00,18428,1529.8049581702037,0.0,9600.0,7134.0,144.19504182979654,20.0
2025-06-24 02:00:00,17810,970.0,0.0,9600.0,7134.0,86.0,20.0
2025-06-24 03:00:00,17391,1079.859797708693,0.0,9154.140202291306,7134.0,3.0,20.0
2025-06-24 04:00:00,17411,920.488188517982,0.0,9285.511811482018,7130.0,56.0,19.0
2025-06-24 05:00:00,18229,828.8064592481752,0.0,9600.0,7130.0,127.0,543.1935407518248
2025-06-24 06:00:00,20295,1233.611384421831,64.24507482634556,9600.0,7130.0,198.0,2069.143540751824
2025-06-24 07:00:00,21588,996.6821495681938,948.8818121717142,9600.0,7122.0,269.0,2651.4360382600917
2025-06-24 08:00:00,22672,862.8133568546139,1129.0,9600.0,7143.0,270.0,3667.1866431453855
2025-06-24 09:00:00,23424,845.4048966665988,0.0,9600.0,7143.0,270.0,5565.595103333401
2025-06-24 10:00:00,23703,850.0,0.0,9600.0,7191.0,270.0,5792.0
2025-06-24 11:00:00,23974,1014.4290268008964,6.570973199103719,9600.0,7204.0,270.0,5879.0
2025-06-24 12:00:00,24548,1140.4759326577764,397.52406734222313,9600.0,7204.0,270.0,5936.0
2025-06-24 13:00:00,24269,1237.684064028057,0.0,9600.0,7204.0,270.0,5957.315935971943
2025-06-24 14:00:00,24280,1321.7611889086554,0.0,9600.0,7264.0,270.0,5824.238811091345
2025-06-24 15:00:00,24648,1352.7579564072807,45.242043592719256,9600.0,7264.0,262.0,6124.0
2025-06-24 16:00:00,24261,1313.6265215940207,0.0,9600.0,7264.0,204.0,5879.37347840598
2025-06-24 17:00:00,24482,828.7788195012995,519.2211804987019,9600.0,7264.0,146.0,6124.0
2025-06-24 18:00:00,24862,621.2166785404609,1037.7833214595375,9600.0,7317.0,88.0,6198.0
2025-06-24 19:00:00,24206,643.922266589301,148.07773341069878,9600.0,7317.0,88.0,6409.0
2025-06-24 20:00:00,23955,638.6888806264968,0.0,9600.0,7317.0,88.0,6311.311119373502
2025-06-24 21:00:00,22009,525.8848173574073,0.0,9600.0,7317.0,88.0,4478.115182642592
2025-06-24 22:00:00,20778,493.27528085108867,0.0,9600.0,7317.0,88.0,3279.7247191489114
2025-06-24 23:00:00,19554,581.8890792182705,0.0,9600.0,7317.0,137.0,1918.110920781728
2025-06-25 00:00:00,18445,610.0711726230529,0.0,9600.0,7298.0,173.0,763.9288273769489
2025-06-25 01:00:00,17508,430.0,0.0,9600.0,7298.0,148.0,32.0
2025-06-25 02:00:00,17078,63.0,0.0,9600.0,7298.0,97.0,20.0
2025-06-25 03:00:00,16722,-0.0,0.0,9372.0,7317.0,14.0,19.0
2025-06-25 04:00:00,16786,-0.0,0.0,9427.0,7317.0,23.0,19.0
2025-06-25 05:00:00,17651,621.0,0.0,9600.0,7317.0,94.0,19.0
2025-06-25 06:00:00,18963,546.6196032802601,0.0,9600.0,7317.0,151.0,1348.3803967197382
2025-06-25 07:00:00,19459,494.3542061131999,0.0,9600.0,7292.0,178.0,1894.6457938868007
2025-06-25 08:00:00,19650,450.59393354184454,0.0,9600.0,7272.0,178.0,2149.4060664581557
2025-06-25 09:00:00,20068,510.4115309263004,0.0,9600.0,7261.0,178.0,2518.5884690737003
2025-06-25 10:00:00,20458,465.08976079516145,0.0,9600.0,7300.0,178.0,2914.910239204839
2025-06-25 11:00:00,21012,475.9000767053643,0.0,9600.0,7278.0,178.0,3480.099923294636
2025-06-25 12:00:00,21694,413.1170450219691,0.0,9600.0,7224.0,178.0,4278.882954978031
2025-06-25 13:00:00,21714,443.23038483823086,0.0,9600.0,7271.0,178.0,4221.769615161769
2025-06-25 14:00:00,22079,484.70164732054366,446.8510183084259,9600.0,7271.0,178.0,4098.447334371031
2025-06-25 15:00:00,22428,457.8719175083429,1129.0,9600.0,7280.0,178.0,3783.1280824916576
2025-06-25 16:00:00,22693,392.9895499272967,0.0,9600.0,7291.0,178.0,5231.010450072703
2025-06-25 17:00:00,22622,297.68687123930215,0.0,9600.0,7355.0,227.0,5142.3131287606975
2025-06-25 18:00:00,22421,303.9377857418564,0.0,9600.0,7355.0,248.0,4914.062214258143
2025-06-25 19:00:00,21973,309.22398117019026,0.0,9600.0,7355.0,248.0,4460.776018829809
2025-06-25 20:00:00,21631,394.8976564914131,-0.0,9600.0,7344.0,270.0,4022.1023435085863
2025-06-25 21:00:00,20552,536.7515022643294,-0.0,9600.0,7344.0,204.48780815404933,2866.7606895816216
2025-06-25 22:00:00,19163,597.5040633659372,-0.0,9600.0,7355.0,121.48780815404929,1489.0081284800133
2025-06-25 23:00:00,17722,709.5121918459506,0.0,9600.0,7355.0,38.48780815404939,19.0
2025-06-26 00:00:00,16709,705.7879014569105,0.0,8631.212098543088,7350.0,3.000000000000004,19.0
2025-06-26 01:00:00,15941,0.0,0.0,8569.0,7350.0,3.000000000000004,19.0
2025-06-26 02:00:00,15378,-0.0,0.0,8006.0,7350.0,3.000000000000004,19.0
2025-06-26 03:00:00,15091,-0.0,0.0,7719.0,7350.0,3.000000000000004,19.0
2025-06-26 04:00:00,15045,-0.0,0.0,7673.0,7350.0,3.000000000000004,19.0
2025-06-26 05:00:00,15501,242.3498256363016,0.0,7886.650174363698,7350.0,3.000000000000004,19.0
2025-06-26 06:00:00,16602,1129.8888470962993,0.0,8100.111152903701,7350.0,3.000000000000004,19.0
2025-06-26 07:00:00,17209,1009.7838755598178,0.0,8997.216124440183,7180.0,3.000000000000004,19.0
2025-06-26 08:00:00,17483,846.0474836202209,0.0,9490.952516379779,7124.0,3.000000000000004,19.0
2025-06-26 09:00:00,17853,830.2261224643551,814.7738775356447,9065.0,7121.0,3.000000000000004,19.0
2025-06-26 10:00:00,18015,861.9333295316289,1129.0,8905.066670468372,7097.0,3.000000000000004,19.0
2025-06-26 11:00:00,18060,812.6459274491085,982.191397532406,9141.162675018486,7102.0,3.000000000000004,19.0
2025-06-26 12:00:00,17884,1122.397224440458,467.6027755595423,9175.0,7097.0,3.000000000000004,19.0
2025-06-26 13:00:00,17684,1175.2006600385,126.79933996150066,9175.0,7185.0,3.000000000000004,19.0
2025-06-26 14:00:00,17543,1182.9652940719025,0.0,9141.034705928098,7197.0,3.000000000000004,19.0
2025-06-26 15:00:00,17527,1211.9050793272468,0.0,9096.094920672753,7197.0,3.000000000000004,19.0
2025-06-26 16:00:00,17530,1219.8548475057903,0.0,8861.14515249421,7427.0,3.000000000000004,19.0
2025-06-26 17:00:00,17362,1341.711861979858,0.0,8571.288138020142,7427.0,3.000000000000004,19.0
2025-06-26 18:00:00,17424,1353.502780142999,-0.0,8627.497219857001,7421.0,3.000000000000004,19.0
2025-06-26 19:00:00,17291,1423.132527229914,0.0,8424.867472770085,7421.0,3.000000000000004,19.0
2025-06-26 20:00:00,17056,1573.078304606424,0.0,8039.921695393576,7421.0,3.000000000000004,19.0
2025-06-26 21:00:00,16319,1689.8690954673382,0.0,7186.130904532662,7421.0,3.000000000000004,19.0
2025-06-26 22:00:00,15273,1789.9909735048357,0.0,6040.009026495165,7421.0,3.000000000000004,19.0
2025-06-26 23:00:00,14329,1763.281808053529,0.0,5122.718191946471,7421.0,3.000000000000004,19.0
2025-06-27 00:00:00,13619,747.9768279083362,0.0,5428.023172091664,7421.0,3.000000000000004,19.0
2025-06-27 01:00:00,13379,643.9638892631733,0.0,5292.036110736826,7421.0,3.000000000000004,19.0
2025-06-27 02:00:00,13265,540.1295938369458,0.0,5350.870406163054,7352.0,3.000000000000004,19.0
2025-06-27 03:00:00,13146,466.0853556047125,0.0,5305.914644395288,7352.0,3.000000000000004,19.0
2025-06-27 04:00:00,13565,1465.0094138962577,0.0,4725.990586103742,7352.0,3.000000000000004,19.0
2025-06-27 05:00:00,14303,1809.0430992549093,0.0,5119.95690074509,7352.0,3.000000000000004,19.0
2025-06-27 06:00:00,15272,2024.8695272954924,0.0,5885.130472704508,7340.0,3.000000000000004,19.0
2025-06-27 07:00:00,15856,1729.6728783625415,0.0,6764.327121637458,7340.0,3.000000000000004,19.0
2025-06-27 08:00:00,16546,1830.583573996803,0.0,7406.416426003198,7287.0,3.000000000000004,19.0
2025-06-27 09:00:00,16977,1787.6896423458606,0.0,7827.31035765414,7340.0,3.000000000000004,19.0
2025-06-27 10:00:00,17411,1604.1474644372722,-0.0,8375.852535562728,7409.0,3.000000000000004,19.0
2025-06-27 11:00:00,17855,1528.9645121321923,0.0,8883.035487867808,7421.0,3.000000000000004,19.0
2025-06-27 12:00:00,18288,1785.505639760096,0.0,9051.494360239903,7429.0,3.000000000000004,19.0
2025-06-27 13:00:00,18548,2131.5553480314293,0.0,8965.44465196857,7429.0,3.000000000000004,19.0
2025-06-27 14:00:00,18870,2333.9990141541407,0.0,9085.00098584586,7429.0,3.000000000000004,19.0
2025-06-27 15:00:00,19269,2251.196698100278,0.0,9513.803301899723,7429.0,55.99999999999999,19.0
2025-06-27 16:00:00,19851,2355.186236732807,-0.0,9550.0,7429.0,127.0,389.8137632671933
2025-06-27 17:00:00,20251,2089.390805340936,897.2537739961201,9550.0,7429.0,198.0,87.35542066294397
2025-06-27 18:00:00,20130,2037.0297320389525,1129.0,8707.0,7283.0,269.0,704.9702679610491
2025-06-27 19:00:00,19562,1754.600353231154,1129.0,8707.0,7325.0,270.0,376.39964676884483
2025-06-27 20:00:00,19242,1359.545373038628,1129.0,8707.0,7392.0,187.0,467.4546269613711
2025-06-27 21:00:00,18339,1613.2235275317526,-0.0,8699.0,7429.0,104.0,493.77647246824927
2025-06-27 22:00:00,16929,1948.4760330959816,-0.0,7511.523966904018,7429.0,21.0,19.0
2025-06-27 23:00:00,16313,1898.0637004348716,0.0,6972.936299565128,7420.0,3.0,19.0
2025-06-28 00:00:00,15178,2155.5455283419124,0.0,5605.454471658088,7396.0,3.0,18.0
2025-06-28 01:00:00,14536,979.7378970926966,0.0,6140.262102907303,7396.0,3.0,17.0
2025-06-28 02:00:00,14277,1001.840310769482,0.0,5859.159689230518,7396.0,3.0,17.0
2025-06-28 03:00:00,14299,872.6299854480237,0.0,6010.370014551976,7396.0,3.0,17.0
2025-06-28 04:00:00,14253,682.6263112159597,0.0,6154.3736887840405,7396.0,3.0,17.0
2025-06-28 05:00:00,14620,1433.1302034259593,0.0,5770.869796574041,7396.0,3.0,17.0
2025-06-28 06:00:00,15310,1438.669978465939,0.0,6457.3300215340605,7396.0,3.0,15.0
2025-06-28 07:00:00,16422,1409.3883883940675,0.0,7678.611611605933,7317.0,3.0,14.0
2025-06-28 08:00:00,17658,1642.0405286175112,0.0,8681.959471382488,7317.0,3.0,14.0
2025-06-28 09:00:00,18013,1904.574672798983,-0.0,8697.425327201017,7341.0,56.0,14.0
2025-06-28 10:00:00,18401,2010.852112807237,-0.0,8727.0,7341.0,127.0,195.14788719276112
2025-06-28 11:00:00,18603,2050.541240831381,-0.0,8727.0,7341.0,198.0,286.4587591686213
2025-06-28 12:00:00,18658,1784.183839289683,-0.0,8727.0,7341.0,269.0,536.8161607103175
2025-06-28 13:00:00,18579,1663.7701247527752,0.0,8727.0,7341.0,270.0,577.229875247227
2025-06-28 14:00:00,18591,1607.7794163700985,0.0,8727.0,7507.0,270.0,479.22058362990356
2025-06-28 15:00:00,18686,1640.253183829034,418.75673179694536,8727.0,7585.0,270.0,44.9900843740204
2025-06-28 16:00:00,18723,1403.4106579299355,785.5893420700668,8727.0,7519.0,270.0,18.0
2025-06-28 17:00:00,18966,921.0762620434604,1129.0,8742.0,7519.0,270.0,384.9237379565384
2025-06-28 18:00:00,18695,622.1851937427087,1129.0,8742.0,7517.0,270.0,414.8148062572909
2025-06-28 19:00:00,17856,570.0922998708942,821.907700129108,8742.0,7517.0,187.0,18.0
2025-06-28 20:00:00,17124,530.648106923705,-0.0,8742.0,7517.0,104.0,230.3518930762948
2025-06-28 21:00:00,16406,379.06961036423775,0.0,8470.930389635761,7517.0,21.0,18.0
2025-06-28 22:00:00,15479,-0.0,0.0,7941.0,7517.0,3.0,18.0
2025-06-28 23:00:00,14460,-0.0,0.0,6922.0,7517.0,3.0,18.0
2025-06-29 00:00:00,13759,-0.0,0.0,6220.0,7517.0,3.0,19.0
2025-06-29 01:00:00,13194,-0.0,0.0,5821.0,7351.0,3.0,19.0
2025-06-29 02:00:00,12836,-0.0,0.0,5463.0,7351.0,3.0,19.0
2025-06-29 03:00:00,12625,-0.0,0.0,5252.0,7351.0,3.0,19.0
2025-06-29 04:00:00,12619,-0.0,0.0,5246.0,7351.0,3.0,19.0
2025-06-29 05:00:00,12582,-0.0,0.0,5209.0,7351.0,3.0,19.0
2025-06-29 06:00:00,13165,-0.0,0.0,5792.0,7351.0,3.0,19.0
2025-06-29 07:00:00,14024,-0.0,0.0,6651.0,7351.0,3.0,19.0
2025-06-29 08:00:00,14850,-0.0,0.0,7477.0,7351.0,3.0,19.0
2025-06-29 09:00:00,15695,0.0,0.0,8156.0,7517.0,3.0,19.0
2025-06-29 10:00:00,16222,0.0,0.0,8683.0,7517.0,3.0,19.0
2025-06-29 11:00:00,16713,454.11654518766454,0.0,8719.883454812336,7517.0,3.0,19.0
2025-06-29 12:00:00,16858,518.0,0.0,8730.0,7517.0,74.0,19.0
2025-06-29 13:00:00,17243,740.363818399348,0.0,8730.0,7517.0,145.0,110.6361816006538
2025-06-29 14:00:00,17837,652.9236573281123,-0.0,8730.0,7517.0,216.0,721.0763426718877
2025-06-29 15:00:00,18851,758.1211230479039,0.0,8730.0,7517.0,269.0,1576.878876952098
2025-06-29 16:00:00,19789,783.6162642133447,-0.0,8730.0,7517.0,270.0,2488.383735786658
2025-06-29 17:00:00,20276,596.3296241834596,1129.0,8730.0,7517.0,270.0,2033.6703758165386
2025-06-29 18:00:00,20352,446.10333258957434,1129.0,8730.0,7517.0,270.0,2259.896667410423
2025-06-29 19:00:00,19905,373.16283007509713,1129.0,8730.0,7517.0,270.0,1885.8371699249037
2025-06-29 20:00:00,18909,375.3311183332046,897.2537739961201,8730.0,7517.0,187.0,1202.4151076706753
2025-06-29 21:00:00,17987,506.93540979698656,-0.0,8730.0,7517.0,104.0,1129.0645902030155
2025-06-29 22:00:00,16807,710.0960271467651,0.0,8539.903972853235,7517.0,21.0,19.0
2025-06-29 23:00:00,15604,856.4970647454575,0.0,7208.5029352545425,7517.0,3.0,19.0
2025-06-30 00:00:00,14545,608.9646316361309,0.0,6397.03536836387,7517.0,3.0,19.0
2025-06-30 01:00:00,13858,0.0,0.0,6319.0,7517.0,3.0,19.0
2025-06-30 02:00:00,13485,-0.0,0.0,5946.0,7517.0,3.0,19.0
2025-06-30 03:00:00,13302,-0.0,0.0,5763.0,7517.0,3.0,19.0
2025-06-30 04:00:00,13264,-0.0,0.0,5725.0,7517.0,3.0,19.0
2025-06-30 05:00:00,13823,0.0,0.0,6282.0,7519.0,3.0,19.0
2025-06-30 06:00:00,15010,849.9934487174496,0.0,6619.0065512825495,7519.0,3.0,19.0
2025-06-30 07:00:00,16217,665.6951196839323,-0.0,7958.304880316067,7518.0,56.0,19.0
2025-06-30 08:00:00,17384,496.1309749723782,0.0,8724.0,7477.0,127.0,559.8690250276195
2025-06-30 09:00:00,18378,594.0211980778165,1129.0,8724.0,7477.0,198.0,255.97880192218145
2025-06-30 10:00:00,18746,940.665934417749,0.0,8724.0,7477.0,269.0,1335.3340655822503
2025-06-30 11:00:00,19021,1237.4887743612137,0.0,8724.0,7477.0,270.0,1312.5112256387874
2025-06-30 12:00:00,19565,1202.4847530121488,897.2537739961201,8724.0,7477.0,270.0,994.261472991732
2025-06-30 13:00:00,19143,961.7105564697054,0.0,8724.0,7518.0,270.0,1669.289443530295
2025-06-30 14:00:00,18856,1002.4493231796818,0.0,8724.0,7381.0,270.0,1478.5506768203195
2025-06-30 15:00:00,19164,881.2452096525553,0.0,8724.0,7381.0,270.0,1907.7547903474442
2025-06-30 16:00:00,19420,764.9986289085855,0.0,8724.0,7518.0,270.0,2143.0013710914136
2025-06-30 17:00:00,19304,484.9541758469855,0.0,8724.0,7518.0,270.0,2307.045824153014
2025-06-30 18:00:00,19458,354.2289280555803,0.0,8724.0,7518.0,270.0,2591.7710719444185
2025-06-30 19:00:00,19334,382.8581764970013,1129.0,8724.0,7518.0,270.0,1310.1418235029996
2025-06-30 20:00:00,19249,328.10894242007674,1129.0,8724.0,7518.0,187.0,1362.8910575799237
2025-06-30 21:00:00,17959,702.5627858692029,-0.0,8724.0,7518.0,104.0,910.4372141307977
2025-06-30 22:00:00,16822,1051.6340570278942,0.0,8212.365942972106,7518.0,21.0,19.0
2025-06-30 23:00:00,15781,1098.6360484677089,0.0,7142.36395153229,7518.0,3.0,19.0
2025-07-01 00:00:00,15286,272.33819585083984,0.0,7473.66180414916,7518.0,3.0,19.0
2025-07-01 01:00:00,14713,0.0,0.0,7173.0,7518.0,3.0,19.0
2025-07-01 02:00:00,14277,-0.0,0.0,6737.0,7518.0,3.0,19.0
2025-07-01 03:00:00,14156,-0.0,0.0,6616.0,7518.0,3.0,19.0
2025-07-01 04:00:00,14295,-0.0,0.0,6755.0,7518.0,3.0,19.0
2025-07-01 05:00:00,14673,0.0,0.0,7133.0,7518.0,3.0,19.0
2025-07-01 06:00:00,15550,513.6787944578515,0.0,7496.321205542148,7518.0,3.0,19.0
2025-07-01 07:00:00,16650,426.191892049453,1013.12688699806,7670.681220952486,7518.0,3.0,19.0
2025-07-01 08:00:00,17861,376.2858974473527,1129.0,8711.0,7518.0,74.0,52.71410255264709
2025-07-01 09:00:00,18724,456.08254078711866,186.253356660236,8711.0,7518.0,145.0,1707.664102552646
2025-07-01 10:00:00,19024,652.5788968259075,0.0,8711.0,7518.0,216.0,1926.4211031740924
2025-07-01 11:00:00,19393,828.5258505956705,0.0,8688.0,7518.0,269.0,2089.47414940433
2025-07-01 12:00:00,20008,1169.5817013227963,0.0,8688.0,7569.0,270.0,2311.418298677203
2025-07-01 13:00:00,20110,1359.9230119738836,0.0,8688.0,7528.0,270.0,2264.076988026114
2025-07-01 14:00:00,20144,1454.5846695943642,0.0,8688.0,7528.0,270.0,2203.415330405638
2025-07-01 15:00:00,20522,1430.083816607504,0.0,8688.0,7528.0,270.0,2605.9161833924954
2025-07-01 16:00:00,20978,1476.4125021521008,0.0,8688.0,7441.0,270.0,3102.587497847897
2025-07-01 17:00:00,21018,1197.6128044857096,826.8735303378241,8688.0,7441.0,270.0,2594.513665176465
2025-07-01 18:00:00,20780,927.4666366712258,1129.0,8688.0,7441.0,270.0,2324.5333633287737
2025-07-01 19:00:00,20208,704.8667139661059,0.0,8688.0,7441.0,270.0,3104.1332860338953
2025-07-01 20:00:00,19447,710.6431446767234,0.0,8688.0,7441.0,270.0,2337.3568553232762
2025-07-01 21:00:00,18249,660.420125239607,0.0,8688.0,7507.0,187.0,1206.5798747603912
2025-07-01 22:00:00,17292,640.4149118883473,0.0,8688.0,7507.0,104.0,352.585088111653
2025-07-01 23:00:00,15997,-0.0,0.0,8410.0,7548.0,21.0,18.0
2025-07-02 00:00:00,14983,0.0,0.0,7327.0,7635.0,3.0,18.0
2025-07-02 01:00:00,14258,-0.0,0.0,6602.0,7635.0,3.0,18.0
2025-07-02 02:00:00,13888,-0.0,0.0,6232.0,7635.0,3.0,18.0
2025-07-02 03:00:00,13770,-0.0,0.0,6114.0,7635.0,3.0,18.0
2025-07-02 04:00:00,13986,-0.0,0.0,6330.0,7635.0,3.0,18.0
2025-07-02 05:00:00,14765,-0.0,0.0,7109.0,7635.0,3.0,18.0
2025-07-02 06:00:00,16068,106.20852507346586,0.0,8255.791474926535,7632.0,56.0,18.0
2025-07-02 07:00:00,17180,381.0286484786343,0.0,8681.0,7468.0,127.0,522.9713515213662
2025-07-02 08:00:00,17980,496.28067141359674,0.0,8681.0,7353.0,198.0,1251.719328586405
2025-07-02 09:00:00,18842,714.1701016250852,0.0,8681.0,7334.0,269.0,1843.8298983749155
2025-07-02 10:00:00,19491,885.8813547942568,0.0,8681.0,7401.0,270.0,2253.1186452057445
2025-07-02 11:00:00,19854,1080.8179170423582,0.0,8681.0,7417.0,270.0,2405.1820829576427
2025-07-02 12:00:00,20881,1374.0262821891592,0.0,8681.0,7417.0,270.0,3138.9737178108408
2025-07-02 13:00:00,21148,1531.8817698697055,1129.0,8681.0,7458.0,270.0,2078.1182301302943
2025-07-02 14:00:00,21294,1819.865986965692,1129.0,8681.0,7462.0,270.0,1932.1340130343087
2025-07-02 15:00:00,21582,1934.2078118170457,0.0,8681.0,7462.0,270.0,3234.7921881829534
2025-07-02 16:00:00,21901,1898.345385639361,0.0,8681.0,7624.0,270.0,3427.6546143606392
2025-07-02 17:00:00,21743,1548.1020684255382,897.2537739961201,8681.0,7681.0,270.0,2665.644157578342
2025-07-02 18:00:00,21641,1323.1655649036802,0.0,8681.0,7681.0,270.0,3685.83443509632
2025-07-02 19:00:00,21145,1221.8904308184483,0.0,8681.0,7681.0,270.0,3291.10956918155
2025-07-02 20:00:00,20910,1311.225130053972,1129.0,8681.0,7681.0,270.0,1837.774869946028
2025-07-02 21:00:00,19509,1247.5396280156592,0.0,8681.0,7681.0,187.0,1712.4603719843399
2025-07-02 22:00:00,18117,1013.4107406275034,0.0,8681.0,7681.0,104.0,637.5892593724966
2025-07-02 23:00:00,16818,848.8573171407769,0.0,8250.142682859223,7681.0,21.0,17.0
2025-07-03 00:00:00,15918,103.48585531746494,0.0,8113.514144682535,7681.0,3.0,17.0
2025-07-03 01:00:00,15208,0.0,0.0,7507.0,7681.0,3.0,17.0
2025-07-03 02:00:00,14581,0.0,0.0,6880.0,7681.0,3.0,17.0
2025-07-03 03:00:00,14230,-0.0,0.0,6529.0,7681.0,3.0,17.0
2025-07-03 04:00:00,14418,0.0,0.0,6717.0,7681.0,3.0,17.0
2025-07-03 05:00:00,15436,-0.0,0.0,7735.0,7681.0,3.0,17.0
2025-07-03 06:00:00,16316,777.72439226819,0.0,7904.27560773181,7614.0,3.0,17.0
2025-07-03 07:00:00,16999,734.0736965995975,0.0,8636.926303400403,7608.0,3.0,17.0
2025-07-03 08:00:00,17380,798.9100547234616,0.0,8973.089945276539,7588.0,3.0,17.0
2025-07-03 09:00:00,17924,803.7816958390315,0.0,9505.218304160968,7542.0,56.0,17.0
2025-07-03 10:00:00,18498,923.8257205767164,0.0,9509.0,7609.0,127.0,329.17427942328504
2025-07-03 11:00:00,18984,1000.7332826169196,0.0,9519.0,7609.0,198.0,657.2667173830778
2025-07-03 12:00:00,19374,1074.5580978128855,0.0,9519.0,7582.0,269.0,929.4419021871145
2025-07-03 13:00:00,19261,1295.1461858757934,0.0,9519.0,7609.0,270.0,567.8538141242061
2025-07-03 14:00:00,19187,1453.6706905697529,0.0,9519.0,7609.0,270.0,335.3293094302462
2025-07-03 15:00:00,19525,1365.3755031983062,0.0,9519.0,7629.0,270.0,741.6244968016945
2025-07-03 16:00:00,20276,1138.5346630287372,1129.0,9534.0,7635.0,270.0,569.4653369712614
2025-07-03 17:00:00,20291,885.8292634280255,1129.0,9564.0,7635.0,270.0,807.170736571974
2025-07-03 18:00:00,19970,649.5864686665634,1129.0,9564.0,7635.0,270.0,722.4135313334373
2025-07-03 19:00:00,19223,596.4150679177872,897.2537739961201,9564.0,7635.0,270.0,260.3311580860925
2025-07-03 20:00:00,18405,625.3951847640179,0.0,9564.0,7553.0,187.0,475.6048152359799
2025-07-03 21:00:00,17432,607.2875814958616,0.0,8736.0,7553.0,104.0,431.71241850413935
2025-07-03 22:00:00,16032,497.5074778433436,0.0,7943.492522156656,7552.0,21.0,18.0
2025-07-03 23:00:00,14910,-0.0,0.0,7300.0,7589.0,3.0,18.0
2025-07-04 00:00:00,13965,-0.0,0.0,6355.0,7589.0,3.0,18.0
2025-07-04 01:00:00,13569,0.0,0.0,5959.0,7589.0,3.0,18.0
2025-07-04 02:00:00,13332,-0.0,0.0,5722.0,7589.0,3.0,18.0
2025-07-04 03:00:00,13131,-0.0,0.0,5521.0,7589.0,3.0,18.0
2025-07-04 04:00:00,13243,-0.0,0.0,5633.0,7589.0,3.0,18.0
2025-07-04 05:00:00,13906,-0.0,0.0,6304.0,7581.0,3.0,18.0
2025-07-04 06:00:00,14889,-0.0,0.0,7287.0,7581.0,3.0,18.0
2025-07-04 07:00:00,15697,-0.0,0.0,8095.0,7581.0,3.0,18.0
2025-07-04 08:00:00,16227,-0.0,0.0,8625.0,7581.0,3.0,18.0
2025-07-04 09:00:00,16688,44.21486152192517,0.0,9070.785138478075,7552.0,3.0,18.0
2025-07-04 10:00:00,17014,659.2320940117224,0.0,8781.767905988278,7552.0,3.0,18.0
2025-07-04 11:00:00,17369,638.4758329350444,0.0,9165.524167064956,7544.0,3.0,18.0
2025-07-04 12:00:00,17906,646.2393801237044,0.0,9549.760619876295,7635.0,56.0,19.0
2025-07-04 13:00:00,18425,702.142679990715,0.0,9574.0,7635.0,127.0,386.8573200092869
2025-07-04 14:00:00,18674,826.5224457967244,0.0,9574.0,7635.0,198.0,440.47755420327303
2025-07-04 15:00:00,19395,841.5777957517687,0.0,9574.0,7635.0,269.0,1075.4222042482288
2025-07-04 16:00:00,20247,710.5014087405967,1129.0,9574.0,7693.0,270.0,870.4985912594057
2025-07-04 17:00:00,20495,549.0714294067993,1129.0,9574.0,7635.0,270.0,1337.9285705932016
2025-07-04 18:00:00,20276,456.750264980872,1129.0,9446.0,7635.0,270.0,1339.249735019126
2025-07-04 19:00:00,19611,614.9854098756733,897.2537739961201,9446.0,7635.0,187.0,830.7608161282067
2025-07-04 20:00:00,18855,704.0568641210933,0.0,9446.0,7635.0,104.0,965.9431358789079
2025-07-04 21:00:00,17787,889.113787406254,0.0,9222.886212593747,7635.0,21.0,19.0
2025-07-04 22:00:00,16377,1184.0576062535129,0.0,7535.942393746487,7635.0,3.0,19.0
2025-07-04 23:00:00,15256,1218.418055908389,0.0,6380.581944091611,7635.0,3.0,19.0
2025-07-05 00:00:00,14461,1292.3041476813903,0.0,5511.6958523186095,7635.0,3.0,19.0
2025-07-05 01:00:00,14016,898.2667098077659,0.0,5460.733290192235,7635.0,3.0,19.0
2025-07-05 02:00:00,13589,162.10142393074193,0.0,5769.898576069258,7635.0,3.0,19.0
2025-07-05 03:00:00,13516,134.7236785374032,0.0,5724.276321462597,7635.0,3.0,19.0
2025-07-05 04:00:00,13225,4.836924525412314,0.0,5569.1630754745875,7629.0,3.0,19.0
2025-07-05 05:00:00,13422,-0.0,0.0,5771.0,7629.0,3.0,19.0
2025-07-05 06:00:00,14107,729.881329322982,0.0,5720.118670677019,7635.0,3.0,19.0
2025-07-05 07:00:00,15428,537.0120903910962,0.0,7233.9879096089035,7635.0,3.0,19.0
2025-07-05 08:00:00,16687,604.8893308320509,0.0,8425.110669167949,7635.0,3.0,19.0
2025-07-05 09:00:00,18090,803.1020217099174,0.0,9576.897978290082,7635.0,56.0,19.0
2025-07-05 10:00:00,18977,929.7142415068978,0.0,9584.0,7635.0,127.0,701.2857584931044
2025-07-05 11:00:00,19848,1088.172394134688,0.0,9584.0,7635.0,198.0,1342.8276058653137
2025-07-05 12:00:00,20371,1311.7686863555266,0.0,9584.0,7635.0,269.0,1571.2313136444718
2025-07-05 13:00:00,20429,1568.3293978877164,0.0,9584.0,7635.0,270.0,1371.6706021122845
2025-07-05 14:00:00,20889,1673.4123359454436,0.0,9584.0,7635.0,270.0,1726.587664054554
2025-07-05 15:00:00,21472,1813.8757922487844,0.0,9584.0,7635.0,270.0,2169.1242077512143
2025-07-05 16:00:00,21795,1643.1965581073969,0.0,9584.0,7635.0,270.0,2662.8034418926036
2025-07-05 17:00:00,22019,1388.9045892760698,1129.0,9576.0,7635.0,270.0,2020.0954107239304
2025-07-05 18:00:00,21410,1153.5005260572827,1129.0,9533.0,7635.0,270.0,1689.4994739427166
2025-07-05 19:00:00,21099,1208.4668123196195,897.2537739961201,9533.0,7635.0,270.0,1555.2794136842592
2025-07-05 20:00:00,20818,1517.207618256572,1129.0,9533.0,7635.0,187.0,816.7923817434275
2025-07-05 21:00:00,19892,1939.8598089333975,0.0,9533.0,7635.0,104.0,680.1401910666027
2025-07-05 22:00:00,18596,2285.4654666343167,0.0,8635.534533365684,7635.0,21.0,19.0
2025-07-05 23:00:00,17477,2114.900226308218,0.0,7705.099773691782,7635.0,3.0,19.0
2025-07-06 00:00:00,16585,2328.467537042858,0.0,6599.532462957142,7635.0,3.0,19.0
2025-07-06 01:00:00,15815,2264.7358758777023,0.0,5893.264124122297,7635.0,3.0,19.0
2025-07-06 02:00:00,15301,1255.309297884333,0.0,6388.690702115667,7635.0,3.0,19.0
2025-07-06 03:00:00,15021,1099.6115743507685,0.0,6264.388425649231,7635.0,3.0,19.0
2025-07-06 04:00:00,14680,1049.5366143671172,0.0,5973.463385632883,7635.0,3.0,19.0
2025-07-06 05:00:00,14865,840.0415001583392,0.0,6367.958499841661,7635.0,3.0,19.0
2025-07-06 06:00:00,15722,1744.4313948839097,0.0,6320.56860511609,7635.0,3.0,19.0
2025-07-06 07:00:00,17441,1621.8636124719228,0.0,8216.136387528077,7581.0,3.0,19.0
2025-07-06 08:00:00,18702,1833.0257145810144,0.0,9212.974285418986,7581.0,56.0,19.0
2025-07-06 09:00:00,19869,2172.523781776775,0.0,9548.0,7635.0,127.0,386.47621822322253
2025-07-06 10:00:00,20767,2565.299659726645,0.0,9548.0,7693.0,198.0,762.7003402733535
2025-07-06 11:00:00,21439,2735.6481637617626,0.0,9548.0,7693.0,269.0,1193.3518362382383
2025-07-06 12:00:00,21841,2901.787583630093,0.0,9518.0,7693.0,270.0,1458.2124163699045
2025-07-06 13:00:00,21902,2756.4881311283,0.0,9528.0,7693.0,270.0,1654.5118688717012
2025-07-06 14:00:00,21885,2558.0252439853675,0.0,9508.0,7693.0,270.0,1855.9747560146316
2025-07-06 15:00:00,22189,2341.662659499101,0.0,9508.0,7684.0,270.0,2385.337340500897
2025-07-06 16:00:00,22581,2215.0238233306372,0.0,9508.0,7684.0,270.0,2903.9761766693628
2025-07-06 17:00:00,22718,1929.68405631134,457.5462260038783,9508.0,7684.0,270.0,2868.7697176847814
2025-07-06 18:00:00,22740,1598.6048482726349,1129.0,9508.0,7684.0,270.0,2550.395151727367
2025-07-06 19:00:00,22267,1215.2227623655886,1129.0,9523.0,7684.0,270.0,2445.777237634411
2025-07-06 20:00:00,22044,850.5359414219153,1129.0,9523.0,7684.0,270.0,2587.464058578087
2025-07-06 21:00:00,21155,989.8461676683082,0.0,9523.0,7684.0,187.0,2771.1538323316927
2025-07-06 22:00:00,19969,1248.7808044221183,0.0,9571.0,7684.0,104.0,1361.2191955778835
2025-07-06 23:00:00,18710,1574.2544299391068,0.0,9411.745570060893,7684.0,21.0,19.0
2025-07-07 00:00:00,17709,1517.4551066249726,0.0,8485.544893375027,7684.0,3.0,19.0
2025-07-07 01:00:00,17265,510.2504303857383,0.0,9048.749569614261,7684.0,3.0,19.0
2025-07-07 02:00:00,16706,326.13391932384684,0.0,8673.866080676153,7684.0,3.0,19.0
2025-07-07 03:00:00,16641,125.16527573273538,0.0,8809.834724267264,7684.0,3.0,19.0
2025-07-07 04:00:00,16894,43.452361151468494,0.0,9153.547638848531,7675.0,3.0,19.0
2025-07-07 05:00:00,17662,1369.4558248638036,0.0,8542.544175136196,7675.0,56.0,19.0
2025-07-07 06:00:00,18714,1333.4963861666306,0.0,9556.0,7675.0,127.0,22.503613833367126
2025-07-07 07:00:00,20013,1227.0810238046608,0.0,9521.0,7661.0,198.0,1405.9189761953385
2025-07-07 08:00:00,20827,1011.4732225186088,0.0,9521.0,7661.0,269.0,2364.526777481391
2025-07-07 09:00:00,21479,1117.0721589958434,0.0,9521.0,7626.0,270.0,2944.927841004159
2025-07-07 10:00:00,21497,1128.5398906824787,0.0,9521.0,7627.0,270.0,2950.4601093175224
2025-07-07 11:00:00,21319,1082.2447232704444,0.0,9521.0,7641.0,270.0,2804.7552767295565
2025-07-07 12:00:00,21212,1305.40438216439,0.0,9506.0,7641.0,270.0,2489.59561783561
2025-07-07 13:00:00,21721,1338.3827685605224,0.0,9506.0,7641.0,270.0,2965.617231439479
2025-07-07 14:00:00,21832,1274.536218397095,425.43370105394894,9551.0,7641.0,270.0,2670.0300805489574
2025-07-07 15:00:00,21542,1067.158268632735,1129.0,9551.0,7664.0,270.0,1860.8417313672653
2025-07-07 16:00:00,21447,1040.246202425127,1129.0,9551.0,7676.0,270.0,1780.753797574871
2025-07-07 17:00:00,20968,925.688374321265,0.0,9551.0,7676.0,270.0,2545.3116256787325
2025-07-07 18:00:00,20698,782.5126486304816,0.0,9551.0,7676.0,270.0,2418.48735136952
2025-07-07 19:00:00,20331,708.5440625694695,0.0,9551.0,7640.0,270.0,2161.455937430532
2025-07-07 20:00:00,19993,626.5914622839819,0.0,9551.0,7640.0,270.0,1905.408537716019
2025-07-07 21:00:00,19248,436.0795005213936,0.0,9551.0,7676.0,187.0,1397.920499478605
2025-07-07 22:00:00,18017,183.5770568798031,0.0,9551.0,7676.0,104.0,502.4229431201966
2025-07-07 23:00:00,16790,-0.0,0.0,9074.0,7676.0,21.0,19.0
2025-07-08 00:00:00,15813,-0.0,0.0,8115.0,7676.0,3.0,19.0
2025-07-08 01:00:00,15113,-0.0,0.0,7482.0,7609.0,3.0,19.0
2025-07-08 02:00:00,14792,-0.0,0.0,7161.0,7609.0,3.0,19.0
2025-07-08 03:00:00,14642,-0.0,0.0,7011.0,7609.0,3.0,19.0
2025-07-08 04:00:00,14905,-0.0,0.0,7274.0,7609.0,3.0,19.0
2025-07-08 05:00:00,15598,-0.0,0.0,7967.0,7609.0,3.0,19.0
2025-07-08 06:00:00,16824,-0.0,0.0,9261.0,7541.0,3.0,19.0
2025-07-08 07:00:00,17519,79.44584687676097,0.0,9551.0,7398.0,74.0,416.5541531232375
2025-07-08 08:00:00,17710,138.55658024698047,0.0,9551.0,7398.0,145.0,477.44341975302086
2025-07-08 09:00:00,18173,185.38215716323185,0.0,9551.0,7385.0,216.0,835.6178428367675
2025-07-08 10:00:00,18425,205.53797216715552,0.0,9551.0,7385.0,269.0,1014.4620278328439
2025-07-08 11:00:00,18653,243.0055677522176,0.0,9551.0,7385.0,270.0,1203.9944322477822
2025-07-08 12:00:00,19272,294.4477445111148,0.0,9551.0,7385.0,270.0,1771.5522554888848
2025-07-08 13:00:00,19635,381.5253440536013,0.0,9562.0,7452.0,270.0,1969.4746559463965
2025-07-08 14:00:00,20001,408.1990234990117,0.0,9562.0,7527.0,270.0,2233.8009765009883
2025-07-08 15:00:00,20463,327.4969970849914,0.0,9562.0,7423.0,270.0,2880.5030029150075
2025-07-08 16:00:00,21140,268.10540618532684,64.12812439332063,9562.0,7577.0,270.0,3398.766469421351
2025-07-08 17:00:00,21259,209.30011164384956,0.0,9562.0,7580.0,270.0,3637.69988835615
2025-07-08 18:00:00,21263,143.4685121717682,0.0,9552.0,7580.0,270.0,3717.5314878282297
2025-07-08 19:00:00,20656,194.4626749364816,0.0,9552.0,7580.0,270.0,3059.5373250635166
2025-07-08 20:00:00,20145,154.32050983268223,0.0,9552.0,7580.0,270.0,2588.6794901673165
2025-07-08 21:00:00,19239,205.46263212309503,0.0,9552.0,7580.0,187.0,1714.5373678769029
2025-07-08 22:00:00,17825,228.71313327054727,0.0,9552.0,7580.0,104.0,360.2868667294533
2025-07-08 23:00:00,16416,-0.0,0.0,8796.0,7580.0,21.0,19.0
2025-07-09 00:00:00,15530,-0.0,0.0,7928.0,7580.0,3.0,19.0
2025-07-09 01:00:00,14880,-0.0,0.0,7278.0,7580.0,3.0,19.0
2025-07-09 02:00:00,14519,-0.0,0.0,6917.0,7580.0,3.0,19.0
2025-07-09 03:00:00,14302,-0.0,0.0,6700.0,7580.0,3.0,19.0
2025-07-09 04:00:00,14581,-0.0,0.0,6979.0,7580.0,3.0,19.0
2025-07-09 05:00:00,15296,-0.0,0.0,7694.0,7580.0,3.0,19.0
2025-07-09 06:00:00,16216,-0.0,0.0,8574.0,7568.0,56.0,18.0
2025-07-09 07:00:00,17446,354.53089295813857,0.0,8745.0,7211.0,127.0,1008.4691070418612
2025-07-09 08:00:00,18391,350.58487557603047,0.0,8745.0,7174.0,198.0,1923.4151244239692
2025-07-09 09:00:00,18913,388.28717730415485,0.0,8740.0,7127.0,269.0,2388.712822695845
2025-07-09 10:00:00,19026,407.461971783596,0.0,8740.0,7163.0,270.0,2445.538028216404
2025-07-09 11:00:00,19284,415.472542570567,0.0,8740.0,7163.0,270.0,2695.527457429431
2025-07-09 12:00:00,19497,436.5590471943746,0.0,8740.0,7163.0,270.0,2887.4409528056276
2025-07-09 13:00:00,19685,553.0378046225671,0.0,8740.0,7215.0,270.0,2906.962195377433
2025-07-09 14:00:00,20305,628.9054000637609,0.0,8740.0,7265.0,270.0,3401.0945999362375
2025-07-09 15:00:00,21308,568.4034657365141,0.0,8740.0,7630.0,270.0,4099.596534263488
2025-07-09 16:00:00,21727,402.66759194303586,451.471842420463,8740.0,7630.0,270.0,4232.8605656365025
2025-07-09 17:00:00,21406,258.6999400517095,0.0,8740.0,7630.0,270.0,4507.300059948291
2025-07-09 18:00:00,20764,193.75731015429076,0.0,8740.0,7630.0,270.0,3930.242689845709
2025-07-09 19:00:00,20233,144.44097876259585,0.0,8740.0,7630.0,270.0,3448.5590212374045
2025-07-09 20:00:00,20089,127.74116841018365,0.0,8740.0,7483.0,270.0,3468.2588315898174
2025-07-09 21:00:00,19151,140.8595460030558,0.0,8740.0,7483.0,250.91072891501972,2536.2297250819247
2025-07-09 22:00:00,17695,153.42414016491432,0.0,8740.0,7483.0,167.91072891501972,1150.665130920066
2025-07-09 23:00:00,16444,117.0892710849793,0.0,8740.0,7483.0,84.91072891501972,19.0
2025-07-10 00:00:00,15463,-0.0,0.0,7958.0,7483.0,3.0,19.0
2025-07-10 01:00:00,14822,-0.0,0.0,7317.0,7483.0,3.0,19.0
2025-07-10 02:00:00,14475,-0.0,0.0,6970.0,7483.0,3.0,19.0
2025-07-10 03:00:00,14316,-0.0,0.0,6811.0,7483.0,3.0,19.0
2025-07-10 04:00:00,14728,-0.0,0.0,7223.0,7483.0,3.0,19.0
2025-07-10 05:00:00,15354,-0.0,0.0,7796.0,7483.0,56.0,19.0
2025-07-10 06:00:00,16456,96.63153142540796,0.0,8748.0,7396.0,127.0,88.36846857459204
2025-07-10 07:00:00,17497,160.93919240550468,0.0,8748.0,7396.0,198.0,994.0608075944947
2025-07-10 08:00:00,18491,229.28171142479667,0.0,8748.0,7373.0,269.0,1871.7182885752045
2025-07-10 09:00:00,19473,280.73871842035766,0.0,8748.0,7373.0,270.0,2801.261281579642
2025-07-10 10:00:00,20142,363.6220071936143,0.0,8748.0,7373.0,270.0,3387.377992806385
2025-07-10 11:00:00,20716,420.7892256855131,0.0,8748.0,7373.0,270.0,3904.210774314488
2025-07-10 12:00:00,21305,480.57056893469905,0.0,8748.0,7406.0,270.0,4400.429431065302
2025-07-10 13:00:00,21588,463.2492027913745,0.0,8748.0,7460.0,270.0,4646.750797208624
2025-07-10 14:00:00,21878,530.6688909636844,0.0,8748.0,7693.0,270.0,4636.331109036313
2025-07-10 15:00:00,22198,506.0261066557513,0.0,8748.0,7693.0,270.0,4980.9738933442495
2025-07-10 16:00:00,22884,455.58597238363075,1129.0,8742.0,7681.0,270.0,4606.414027616367
2025-07-10 17:00:00,22526,344.0860862436259,21.913913756376132,8742.0,7681.0,270.0,5467.0
2025-07-10 18:00:00,22377,272.78490889284836,1129.0,8742.0,7681.0,270.0,4282.215091107151
2025-07-10 19:00:00,21928,203.25942105258056,1129.0,8735.0,7681.0,270.0,3909.7405789474215
2025-07-10 20:00:00,21569,188.35781296990876,875.3398602397442,8735.0,7681.0,270.0,3819.302326790347
2025-07-10 21:00:00,20277,168.6410106289778,0.0,8735.0,7681.0,270.0,3422.358989371023
2025-07-10 22:00:00,18911,117.72434316738538,0.0,8735.0,7696.0,187.0,2175.275656832615
2025-07-10 23:00:00,17665,155.99172951314324,0.0,8735.0,7746.0,104.0,924.0082704868546
2025-07-11 00:00:00,16480,-0.0,0.0,8691.0,7749.0,21.0,19.0
2025-07-11 01:00:00,15771,-0.0,0.0,8000.0,7749.0,3.0,19.0
2025-07-11 02:00:00,15140,-0.0,0.0,7369.0,7749.0,3.0,19.0
2025-07-11 03:00:00,14884,-0.0,0.0,7113.0,7749.0,3.0,19.0
2025-07-11 04:00:00,15145,-0.0,0.0,7374.0,7749.0,3.0,19.0
2025-07-11 05:00:00,16066,-0.0,0.0,8242.0,7749.0,56.0,19.0
2025-07-11 06:00:00,16863,130.8984672740467,0.0,8735.0,7740.0,127.0,130.10153272595198
2025-07-11 07:00:00,18124,176.6439061530639,0.0,8735.0,7665.0,198.0,1349.3560938469382
2025-07-11 08:00:00,18945,222.22711243686575,0.0,8735.0,7641.0,269.0,2077.7728875631365
2025-07-11 09:00:00,19956,323.4834266099889,0.0,8735.0,7665.0,270.0,2962.5165733900103
2025-07-11 10:00:00,20776,386.3314637674466,0.0,8735.0,7625.0,270.0,3759.6685362325516
2025-07-11 11:00:00,21214,505.5840734567959,0.0,8735.0,7641.0,270.0,4062.4159265432027
2025-07-11 12:00:00,21814,576.6575665281637,0.0,8735.0,7628.0,270.0,4604.342433471837
2025-07-11 13:00:00,22005,611.2455614150049,0.0,8735.0,7628.0,270.0,4760.754438584994
2025-07-11 14:00:00,22053,757.4976981747169,0.0,9552.0,7631.0,270.0,3842.502301825283
2025-07-11 15:00:00,21960,664.6633494398776,0.0,9552.0,7647.0,270.0,3826.3366505601225
2025-07-11 16:00:00,22397,509.348162437017,0.0,9220.0,7647.0,270.0,4750.651837562982
2025-07-11 17:00:00,22481,561.4741460179189,0.0,9220.0,7769.0,270.0,4660.525853982079
2025-07-11 18:00:00,22339,533.2242663708745,0.0,9220.0,7775.0,270.0,4540.775733629125
2025-07-11 19:00:00,21876,569.0346857347764,0.0,9220.0,7775.0,270.0,4041.965314265224
2025-07-11 20:00:00,21868,608.4948870312758,602.3817427008097,9420.0,7775.0,270.0,3192.1233702679137
2025-07-11 21:00:00,20731,792.3276769914407,0.0,9420.0,7775.0,266.2701295098159,2477.402193498743
2025-07-11 22:00:00,19461,720.0694445842842,0.0,9420.0,7775.0,183.2701295098159,1362.6604259059022
2025-07-11 23:00:00,18039,724.7298704901859,0.0,9420.0,7775.0,100.27012950981589,19.0
2025-07-12 00:00:00,17087,808.3103644054198,0.0,8471.419506084765,7771.0,17.270129509815888,19.0
2025-07-12 01:00:00,16463,920.7887472228388,0.0,7749.211252777161,7771.0,3.0,19.0
2025-07-12 02:00:00,15836,977.3062542230288,0.0,7065.693745776971,7771.0,3.0,19.0
2025-07-12 03:00:00,15499,-0.0,0.0,7706.0,7771.0,3.0,19.0
2025-07-12 04:00:00,15213,-0.0,0.0,7420.0,7771.0,3.0,19.0
2025-07-12 05:00:00,15290,140.2217666713159,0.0,7356.778233328684,7771.0,3.0,19.0
2025-07-12 06:00:00,15908,245.6265677552724,0.0,7893.373432244727,7747.0,3.0,19.0
2025-07-12 07:00:00,17463,1277.5590903131597,0.0,8339.44090968684,7771.0,56.0,19.0
2025-07-12 08:00:00,19050,1336.9098402608722,0.0,8712.0,7771.0,127.0,1103.0901597391276
2025-07-12 09:00:00,20165,1652.038902558458,0.0,8704.0,7771.0,198.0,1839.961097441541
2025-07-12 10:00:00,20997,2039.688343552636,0.0,8704.0,7771.0,269.0,2213.311656447364
2025-07-12 11:00:00,21531,2492.97770680667,0.0,8704.0,7771.0,270.0,2293.0222931933313
2025-07-12 12:00:00,21966,2844.097872355768,0.0,8704.0,7771.0,270.0,2376.9021276442327
2025-07-12 13:00:00,22060,3075.158116785394,0.0,8704.0,7771.0,270.0,2239.8418832146053
2025-07-12 14:00:00,22109,2845.325596302391,0.0,9521.0,7771.0,270.0,1701.6744036976088
2025-07-12 15:00:00,22522,2162.1731926977286,0.0,9521.0,7771.0,270.0,2797.82680730227
2025-07-12 16:00:00,22761,1727.9192355245889,1129.0,9494.0,7771.0,270.0,2369.0807644754095
2025-07-12 17:00:00,22837,1458.7020713077409,1129.0,9469.0,7747.0,270.0,2763.29792869226
2025-07-12 18:00:00,22757,1420.9565950584142,1129.0,9469.0,7747.0,270.0,2721.0434049415853
2025-07-12 19:00:00,21999,1705.9902353437735,0.0,9469.0,7771.0,270.0,2783.009764656228
2025-07-12 20:00:00,21663,2092.729191206214,0.0,9447.0,7771.0,270.0,2082.2708087937863
2025-07-12 21:00:00,21192,1827.000436130009,7.47652677139173,9407.0,7771.0,270.0,1909.5230370985994
2025-07-12 22:00:00,20180,1428.3655653888595,0.0,9407.0,7771.0,187.0,1386.63443461114
2025-07-12 23:00:00,18907,1294.957320216163,0.0,9407.0,7771.0,104.0,330.04267978383723
2025-07-13 00:00:00,17947,1185.634758026508,0.0,8950.365241973492,7771.0,21.0,19.0
2025-07-13 01:00:00,17091,-0.0,0.0,9298.0,7771.0,3.0,19.0
2025-07-13 02:00:00,16470,-0.0,0.0,8677.0,7771.0,3.0,19.0
2025-07-13 03:00:00,16196,-0.0,0.0,8403.0,7771.0,3.0,19.0
2025-07-13 04:00:00,15793,-0.0,0.0,8000.0,7771.0,3.0,19.0
2025-07-13 05:00:00,15869,-0.0,0.0,8076.0,7771.0,3.0,19.0
2025-07-13 06:00:00,16662,588.8645108339584,0.0,8280.135489166041,7771.0,3.0,19.0
2025-07-13 07:00:00,17548,504.9611291096398,0.0,9197.038870890361,7771.0,56.0,19.0
2025-07-13 08:00:00,18397,618.5635606918868,0.0,9477.0,7771.0,127.0,403.4364393081123
2025-07-13 09:00:00,19179,668.2485378352181,0.0,9442.0,7771.0,198.0,1099.7514621647824
2025-07-13 10:00:00,19645,866.2283161461802,0.0,9442.0,7771.0,269.0,1296.771683853818
2025-07-13 11:00:00,20589,963.1462352144148,0.0,9442.0,7762.0,270.0,2151.8537647855846
2025-07-13 12:00:00,21052,1081.5414513591804,0.0,9467.0,7762.0,270.0,2471.4585486408178
2025-07-13 13:00:00,21728,1174.1321127239908,0.0,9467.0,7762.0,270.0,3054.86788727601
2025-07-13 14:00:00,22119,1246.9948256758578,0.0,9467.0,7762.0,270.0,3373.005174324142
2025-07-13 15:00:00,22402,1101.3363750568049,0.0,9477.0,7762.0,270.0,3791.6636249431976
2025-07-13 16:00:00,22746,935.597113421526,0.0,9477.0,7762.0,270.0,4301.402886578475
2025-07-13 17:00:00,22918,670.6564591094226,0.0,9477.0,7671.0,270.0,4829.343540890579
2025-07-13 18:00:00,22485,500.24180038753735,669.3025614544935,9477.0,7671.0,270.0,3897.455638157971
2025-07-13 19:00:00,22179,458.5620057382497,1129.0,9477.0,7671.0,270.0,3173.4379942617525
2025-07-13 20:00:00,21622,438.90664166240896,0.0,9477.0,7671.0,270.0,3765.093358337592
2025-07-13 21:00:00,20506,557.3348013284652,0.0,9477.0,7658.0,204.68592493302276,2608.979273738514
2025-07-13 22:00:00,18939,507.34087165813526,0.0,9477.0,7658.0,121.68592493302276,1174.973203408841
2025-07-13 23:00:00,17686,493.314075066976,0.0,9477.0,7658.0,38.68592493302276,19.0
2025-07-14 00:00:00,16515,-0.0,0.0,8822.0,7671.0,3.0,19.0
2025-07-14 01:00:00,15690,-0.0,0.0,7997.0,7671.0,3.0,19.0
2025-07-14 02:00:00,15358,-0.0,0.0,7665.0,7671.0,3.0,19.0
2025-07-14 03:00:00,15149,-0.0,0.0,7456.0,7671.0,3.0,19.0
2025-07-14 04:00:00,15461,-0.0,0.0,7768.0,7671.0,3.0,19.0
2025-07-14 05:00:00,16294,-0.0,0.0,8601.0,7671.0,3.0,19.0
2025-07-14 06:00:00,17408,258.4319232441037,0.0,9477.0,7587.0,66.56807675589516,19.0
2025-07-14 07:00:00,18246,231.82287797990108,0.0,9477.0,7652.0,137.56807675589516,747.609045264202
2025-07-14 08:00:00,18905,251.84264407101335,0.0,9477.0,7652.0,208.56807675589516,1315.5892791730912
2025-07-14 09:00:00,19665,326.4692578046472,0.0,9477.0,7652.0,269.0,1940.5307421953548
2025-07-14 10:00:00,20402,460.1835566173014,0.0,9477.0,7665.0,270.0,2529.816443382697
2025-07-14 11:00:00,20905,579.2668017717126,0.0,9477.0,7665.0,270.0,2913.733198228285
2025-07-14 12:00:00,21889,603.758880925003,0.0,9477.0,7665.0,270.0,3873.241119074999
2025-07-14 13:00:00,22009,615.3722746694815,0.0,9477.0,7665.0,270.0,3981.627725330516
2025-07-14 14:00:00,22096,721.358419144055,66.38900662916792,9477.0,7749.0,270.0,3812.252574226779
2025-07-14 15:00:00,22406,721.7611926900458,1129.0,9477.0,7691.0,270.0,3117.2388073099537
2025-07-14 16:00:00,22914,543.9809445735096,1129.0,9477.0,7749.0,270.0,3745.019055426492
2025-07-14 17:00:00,22760,371.30308869769704,1129.0,9477.0,7749.0,270.0,3763.6969113023006
2025-07-14 18:00:00,22548,243.44792804054515,0.0,9477.0,7749.0,270.0,4808.552071959457
2025-07-14 19:00:00,22121,184.6984217547721,0.0,9477.0,7749.0,270.0,4440.301578245228
2025-07-14 20:00:00,21871,268.3088156461421,0.0,9477.0,7749.0,270.0,4106.691184353858
2025-07-14 21:00:00,20841,328.02418509049113,0.0,9477.0,7749.0,218.52959924803872,3068.446215661468
2025-07-14 22:00:00,19234,359.61651284538567,0.0,9477.0,7749.0,135.52959924803872,1512.8538879065745
2025-07-14 23:00:00,17568,270.4704007519609,0.0,9477.0,7749.0,52.52959924803872,19.0
2025-07-15 00:00:00,16520,-0.0,0.0,8749.0,7749.0,3.0,19.0
2025-07-15 01:00:00,15836,-0.0,0.0,8065.0,7749.0,3.0,19.0
2025-07-15 02:00:00,15134,-0.0,0.0,7363.0,7749.0,3.0,19.0
2025-07-15 03:00:00,14941,-0.0,0.0,7170.0,7749.0,3.0,19.0
2025-07-15 04:00:00,15089,-0.0,0.0,7318.0,7749.0,3.0,19.0
2025-07-15 05:00:00,15685,-0.0,0.0,7914.0,7749.0,3.0,19.0
2025-07-15 06:00:00,17006,-0.0,0.0,9300.0,7684.0,3.0,19.0
2025-07-15 07:00:00,18378,327.57236701256267,0.0,9477.0,7684.0,74.0,815.4276329874374
2025-07-15 08:00:00,19271,406.94314405060055,0.0,9477.0,7749.0,145.0,1493.0568559493986
2025-07-15 09:00:00,20262,460.1333782202644,0.0,9477.0,7749.0,216.0,2359.8666217797345
2025-07-15 10:00:00,20998,516.407900711389,0.0,9477.0,7749.0,269.0,2986.5920992886095
2025-07-15 11:00:00,21497,657.5347522245783,0.0,9477.0,7735.0,270.0,3357.4652477754207
2025-07-15 12:00:00,22287,796.0736799647098,0.0,9477.0,7735.0,270.0,4008.9263200352907
2025-07-15 13:00:00,22535,850.107752369305,0.0,9477.0,7735.0,270.0,4202.892247630694
2025-07-15 14:00:00,22927,702.5938715363177,0.0,9477.0,7735.0,270.0,4742.406128463685
2025-07-15 15:00:00,23240,620.6954260441842,1129.0,9477.0,7843.0,270.0,3900.3045739558147
2025-07-15 16:00:00,23261,517.7197499933275,0.0,9477.0,7843.0,270.0,5153.280250006672
2025-07-15 17:00:00,23116,402.36189252435327,58.63810747564639,9477.0,7747.0,270.0,5161.0
2025-07-15 18:00:00,23090,419.22671370609345,954.4887795224136,9477.0,7753.0,270.0,4216.284506771494
2025-07-15 19:00:00,22880,458.30481745567903,0.0,9477.0,7837.0,270.0,4837.695182544321
2025-07-15 20:00:00,22653,630.1012098263079,0.0,9477.0,7849.0,270.0,4426.898790173691
2025-07-15 21:00:00,21732,706.5365629965964,0.0,9477.0,7849.0,270.0,3429.4634370034037
2025-07-15 22:00:00,20040,700.5506104430609,0.0,9477.0,7849.0,187.0,1826.4493895569394
2025-07-15 23:00:00,18556,785.7438561982215,0.0,9477.0,7741.0,104.0,448.2561438017801
2025-07-16 00:00:00,17264,844.3994559847343,0.0,8640.600544015266,7741.0,21.0,17.0
2025-07-16 01:00:00,16339,-0.0,0.0,8602.0,7717.0,3.0,17.0
2025-07-16 02:00:00,15697,-0.0,0.0,7960.0,7717.0,3.0,17.0
2025-07-16 03:00:00,15292,-0.0,0.0,7554.0,7717.0,3.0,18.0
2025-07-16 04:00:00,15489,-0.0,0.0,7751.0,7717.0,3.0,18.0
2025-07-16 05:00:00,16295,-0.0,0.0,8557.0,7717.0,3.0,18.0
2025-07-16 06:00:00,17654,896.547976226386,0.0,8966.452023773614,7717.0,56.0,18.0
2025-07-16 07:00:00,19309,681.689505249511,0.0,9455.0,7717.0,127.0,1328.3104947504908
2025-07-16 08:00:00,20568,592.3530023750423,0.0,9455.0,7725.0,198.0,2597.6469976249573
2025-07-16 09:00:00,21608,672.0994172241742,0.0,9455.0,7677.0,269.0,3534.9005827758265
2025-07-16 10:00:00,22355,688.5882276607151,0.0,9455.0,7725.0,270.0,4216.411772339285
2025-07-16 11:00:00,22811,842.1307286232882,0.0,9455.0,7725.0,270.0,4518.869271376712
2025-07-16 12:00:00,23131,1468.9815484463918,0.0,9455.0,7653.0,270.0,4284.018451553609
2025-07-16 13:00:00,23457,1260.2836570599418,126.71634294006073,9455.0,7653.0,270.0,4692.0
2025-07-16 14:00:00,23611,1110.2109141136036,1129.0,9455.0,7653.0,270.0,3993.7890858863975
2025-07-16 15:00:00,23189,982.5288550515158,734.6577219675883,9455.0,7653.0,270.0,4093.813422980894
2025-07-16 16:00:00,23027,897.5725839326955,0.0,9445.0,7728.0,270.0,4686.427416067305
2025-07-16 17:00:00,22837,704.3243937260991,1129.0,9445.0,7743.0,270.0,3545.6756062739005
2025-07-16 18:00:00,22927,975.837616401697,0.0,9445.0,7743.0,270.0,4493.162383598305
2025-07-16 19:00:00,23214,977.9308622599652,1129.0,9445.0,7702.0,270.0,3690.0691377400362
2025-07-16 20:00:00,23159,947.310543032942,0.0,9445.0,7702.0,270.0,4794.6894569670585
2025-07-16 21:00:00,21727,1286.173812944313,0.0,9445.0,7702.0,270.0,3023.826187055689
2025-07-16 22:00:00,20433,1476.8352067274773,0.0,9445.0,7702.0,187.0,1622.1647932725245
2025-07-16 23:00:00,19148,1608.626229490318,0.0,9413.0,7648.0,104.0,374.3737705096828
2025-07-17 00:00:00,18155,1880.6909754117464,0.0,8587.309024588254,7648.0,21.0,18.0
2025-07-17 01:00:00,17422,1947.4796305620068,0.0,7805.5203694379925,7648.0,3.0,18.0
2025-07-17 02:00:00,16895,1094.0975820724557,0.0,8131.902417927544,7648.0,3.0,18.0
2025-07-17 03:00:00,16645,1493.1599210744612,0.0,7482.840078925539,7648.0,3.0,18.0
2025-07-17 04:00:00,16903,1721.8189852743176,0.0,7512.181014725682,7648.0,3.0,18.0
2025-07-17 05:00:00,17848,1955.5690551236005,0.0,8223.4309448764,7648.0,3.0,18.0
2025-07-17 06:00:00,19213,3336.4001935013043,0.0,8222.599806498696,7633.0,3.0,18.0
2025-07-17 07:00:00,20124,3417.299270767767,0.0,9134.700729232232,7552.0,3.0,17.0
2025-07-17 08:00:00,20399,3698.36769327258,0.0,9084.63230672742,7543.0,56.0,17.0
2025-07-17 09:00:00,20851,3619.195428306071,0.0,9313.0,7564.0,127.0,227.80457169393048
2025-07-17 10:00:00,21084,3801.3594745713526,0.0,9313.0,7506.0,198.0,265.6405254286474
2025-07-17 11:00:00,20996,3454.646745514481,0.0,9313.0,7501.0,269.0,458.35325448551885
2025-07-17 12:00:00,21212,2768.748931373109,1129.0,9313.0,7575.0,270.0,156.25106862689063
2025-07-17 13:00:00,21217,2696.2656277397928,1129.0,9313.0,7662.0,270.0,146.73437226020906
2025-07-17 14:00:00,21041,2566.634360018574,1129.0,9303.0,7747.0,270.0,25.365639981428103
2025-07-17 15:00:00,20757,2472.9695909118805,677.3999999999994,9303.0,7699.0,270.0,334.63040908811877
2025-07-17 16:00:00,20467,2428.7613334691837,0.0,9303.0,7848.0,187.0,700.238666530815
2025-07-17 17:00:00,19870,2309.827576817427,0.0,9325.0,7848.0,104.0,283.17242318257195
2025-07-17 18:00:00,19164,2046.5881769974155,0.0,9231.411823002585,7848.0,21.0,17.0
2025-07-17 19:00:00,18601,1798.4151742221245,0.0,8934.584825777876,7848.0,3.0,17.0
2025-07-17 20:00:00,18391,1526.9777431411903,0.0,8996.02225685881,7848.0,3.0,17.0
2025-07-17 21:00:00,17140,1342.1266345437314,0.0,7928.873365456269,7848.0,3.0,18.0
2025-07-17 22:00:00,15962,1163.4177187004582,0.0,6929.582281299541,7848.0,3.0,18.0
2025-07-17 23:00:00,14829,-0.0,0.0,7035.0,7773.0,3.0,18.0
2025-07-18 00:00:00,14024,-0.0,0.0,6231.0,7773.0,3.0,17.0
2025-07-18 01:00:00,13537,-0.0,0.0,5743.0,7773.0,3.0,18.0
2025-07-18 02:00:00,13154,-0.0,0.0,5360.0,7773.0,3.0,18.0
2025-07-18 03:00:00,13137,-0.0,0.0,5344.0,7773.0,2.0,18.0
2025-07-18 04:00:00,13366,-0.0,0.0,5664.0,7682.0,2.0,18.0
2025-07-18 05:00:00,13813,-0.0,0.0,6164.0,7628.0,3.0,18.0
2025-07-18 06:00:00,15190,654.8610842449945,0.0,6940.138915755006,7574.0,3.0,18.0
2025-07-18 07:00:00,15980,463.90329020204206,0.0,7921.096709797958,7574.0,3.0,18.0
2025-07-18 08:00:00,16399,705.322014673145,0.0,8064.6779853268545,7608.0,3.0,18.0
2025-07-18 09:00:00,16570,820.4983555653985,0.0,8120.501644434602,7608.0,3.0,18.0
2025-07-18 10:00:00,16762,834.9260546279193,0.0,8257.073945372082,7649.0,3.0,18.0
2025-07-18 11:00:00,17040,764.2143503356217,0.0,8551.785649664378,7703.0,3.0,18.0
2025-07-18 12:00:00,17305,745.172744989178,0.0,8781.827255010821,7757.0,3.0,18.0
2025-07-18 13:00:00,17363,750.9806324251433,0.0,8835.019367574856,7757.0,2.0,18.0
2025-07-18 14:00:00,17529,710.8834839074153,0.0,9041.116516092585,7757.0,2.0,18.0
2025-07-18 15:00:00,18056,679.5203283086638,9.47967169133699,9508.0,7757.0,84.0,18.0
2025-07-18 16:00:00,18867,564.9128071658248,864.087192834173,9508.0,7757.0,155.0,18.0
2025-07-18 17:00:00,19170,400.2299550229419,1129.0,9508.0,7658.0,226.0,248.7700449770564
2025-07-18 18:00:00,19204,321.5660276402321,1129.0,9508.0,7757.0,170.0,318.4339723597659
2025-07-18 19:00:00,18498,299.28126592080133,829.7187340792007,9508.0,7757.0,87.0,17.0
2025-07-18 20:00:00,17760,302.9932767007393,170.00672329925874,9508.0,7757.0,4.0,18.0
2025-07-18 21:00:00,16726,-0.0,0.0,8948.0,7757.0,3.0,18.0
2025-07-18 22:00:00,15619,-0.0,0.0,7841.0,7757.0,3.0,18.0
2025-07-18 23:00:00,14503,-0.0,0.0,6726.0,7757.0,3.0,17.0
2025-07-19 00:00:00,13655,-0.0,0.0,5877.0,7757.0,3.0,18.0
2025-07-19 01:00:00,13252,-0.0,0.0,5474.0,7757.0,3.0,18.0
2025-07-19 02:00:00,12926,-0.0,0.0,5149.0,7757.0,2.0,18.0
2025-07-19 03:00:00,12729,-0.0,0.0,4952.0,7757.0,2.0,18.0
2025-07-19 04:00:00,12927,-0.0,0.0,5150.0,7757.0,2.0,18.0
2025-07-19 05:00:00,12935,-0.0,0.0,5199.0,7716.0,2.0,18.0
2025-07-19 06:00:00,13558,-0.0,0.0,5822.0,7716.0,2.0,18.0
2025-07-19 07:00:00,14245,-0.0,0.0,6509.0,7716.0,2.0,18.0
2025-07-19 08:00:00,15088,-0.0,0.0,7352.0,7716.0,3.0,17.0
2025-07-19 09:00:00,15886,-0.0,0.0,8150.0,7716.0,3.0,17.0
2025-07-19 10:00:00,16452,0.0,0.0,8716.0,7716.0,3.0,17.0
2025-07-19 11:00:00,17018,574.8131852539359,0.0,8707.186814746065,7716.0,3.0,17.0
2025-07-19 12:00:00,17248,1012.1942882898364,0.0,8498.805711710163,7716.0,3.0,18.0
2025-07-19 13:00:00,17662,1178.298931812781,0.0,8693.70106818722,7716.0,56.0,18.0
2025-07-19 14:00:00,18152,1034.1835159280804,0.0,9067.0,7716.0,127.0,207.81648407191824
2025-07-19 15:00:00,18891,911.6150108148818,897.2537739961201,9067.0,7716.0,198.0,101.13121518900039
2025-07-19 16:00:00,19450,655.3190776296374,1129.0,9067.0,7716.0,269.0,613.6809223703603
2025-07-19 17:00:00,19312,430.4411561771334,1129.0,9067.0,7757.0,270.0,658.558843822866
2025-07-19 18:00:00,18823,323.43216460720816,1129.0,9067.0,7748.0,270.0,285.5678353927942
2025-07-19 19:00:00,18247,445.65639504376855,0.0,9067.0,7748.0,187.0,799.3436049562297
2025-07-19 20:00:00,18149,668.5410774803429,0.0,9062.0,7766.0,104.0,548.4589225196578
2025-07-19 21:00:00,17562,883.628296810741,0.0,8873.37170318926,7766.0,21.0,18.0
2025-07-19 22:00:00,16559,1063.6967524793986,0.0,7708.303247520602,7766.0,3.0,18.0
2025-07-19 23:00:00,15386,1033.1897818535826,0.0,6565.810218146416,7766.0,3.0,18.0
2025-07-20 00:00:00,14770,103.664839623974,0.0,6879.335160376026,7766.0,3.0,18.0
2025-07-20 01:00:00,14299,-0.0,0.0,6512.0,7766.0,3.0,18.0
2025-07-20 02:00:00,13930,0.0,0.0,6143.0,7766.0,3.0,18.0
2025-07-20 03:00:00,13934,-0.0,0.0,6147.0,7766.0,3.0,18.0
2025-07-20 04:00:00,13764,-0.0,0.0,5977.0,7766.0,3.0,18.0
2025-07-20 05:00:00,13900,-0.0,0.0,6113.0,7766.0,3.0,18.0
2025-07-20 06:00:00,14344,-0.0,0.0,6557.0,7766.0,3.0,18.0
2025-07-20 07:00:00,15563,811.7398597124173,0.0,6964.2601402875825,7766.0,3.0,18.0
2025-07-20 08:00:00,16617,937.7844546253522,0.0,7892.215545374647,7766.0,3.0,18.0
2025-07-20 09:00:00,17003,985.9601338235436,0.0,8230.039866176456,7766.0,3.0,18.0
2025-07-20 10:00:00,17787,1001.2554530490028,0.0,8945.744546950997,7766.0,56.0,18.0
2025-07-20 11:00:00,18242,1079.7994057066646,0.0,9075.0,7766.0,127.0,194.2005942933356
2025-07-20 12:00:00,18512,1059.702135408391,0.0,9075.0,7766.0,198.0,413.29786459160823
2025-07-20 13:00:00,18557,1072.750944670268,0.0,9075.0,7766.0,269.0,374.2490553297321
2025-07-20 14:00:00,18966,1036.8671534532666,0.0,9075.0,7766.0,270.0,818.1328465467341
2025-07-20 15:00:00,19536,1027.561558409985,0.0,9075.0,7766.0,270.0,1397.438441590013
2025-07-20 16:00:00,20135,998.6214808590464,1129.0,9075.0,7766.0,270.0,896.3785191409552
2025-07-20 17:00:00,20177,1085.7330926246582,897.2537739961201,9075.0,7766.0,270.0,1083.0131333792222
2025-07-20 18:00:00,19914,957.0278233191528,1129.0,9075.0,7766.0,270.0,716.972176680847
2025-07-20 19:00:00,19268,791.0267858552957,1129.0,9075.0,7766.0,270.0,236.97321414470207
2025-07-20 20:00:00,18439,894.7316003084437,0.0,9075.0,7766.0,187.0,516.2683996915584
2025-07-20 21:00:00,17595,664.3401932840401,0.0,9075.0,7708.0,104.0,43.65980671595753
2025-07-20 22:00:00,16315,635.6860728678673,0.0,7932.313927132132,7708.0,21.0,18.0
2025-07-20 23:00:00,15142,788.5893981884741,0.0,6624.410601811525,7708.0,3.0,18.0
2025-07-21 00:00:00,14343,860.831962814369,0.0,5753.168037185631,7708.0,3.0,18.0
2025-07-21 01:00:00,13904,-0.0,0.0,6175.0,7708.0,3.0,18.0
2025-07-21 02:00:00,13369,78.36203834691764,0.0,5561.637961653082,7708.0,3.0,18.0
2025-07-21 03:00:00,13253,-0.0,0.0,5525.0,7708.0,3.0,17.0
2025-07-21 04:00:00,13458,-0.0,0.0,5730.0,7708.0,3.0,17.0
2025-07-21 05:00:00,13978,1036.0843987038925,0.0,5278.915601296107,7643.0,3.0,17.0
2025-07-21 06:00:00,15313,848.3296468941735,0.0,6825.6703531058265,7619.0,3.0,17.0
2025-07-21 07:00:00,16058,660.9788660828019,0.0,7833.021133917198,7544.0,3.0,17.0
2025-07-21 08:00:00,16260,807.9718740417763,0.0,8048.028125958223,7384.0,3.0,17.0
2025-07-21 09:00:00,16652,760.4860524509238,0.0,8486.513947549076,7384.0,3.0,18.0
2025-07-21 10:00:00,16938,866.9580889848414,0.0,8666.041911015158,7384.0,3.0,18.0
2025-07-21 11:00:00,17198,980.6392515600354,0.0,8782.360748439965,7414.0,3.0,18.0
2025-07-21 12:00:00,17531,920.6481784301504,0.0,9047.0,7414.0,74.0,75.35182156984956
2025-07-21 13:00:00,17445,947.7455520549,0.0,8978.2544479451,7444.0,57.0,18.0
2025-07-21 14:00:00,17886,1118.2122885500075,0.0,9047.0,7493.0,128.0,99.78771144999337
2025-07-21 15:00:00,18411,1216.422810136145,0.0,9047.0,7493.0,199.0,455.5771898638559
2025-07-21 16:00:00,19224,1226.8188043255482,1120.1811956744496,9047.0,7543.0,270.0,17.0
2025-07-21 17:00:00,19582,1120.372276342217,1129.0,9047.0,7543.0,270.0,472.62772365778073
2025-07-21 18:00:00,19243,1025.0799204605114,1129.0,9047.0,7530.0,270.0,241.92007953948632
2025-07-21 19:00:00,18626,885.3350592211235,552.0845404042656,9047.0,7530.0,199.0,412.58040037461353
2025-07-21 20:00:00,18059,796.7393667718692,0.0,9047.0,7567.0,90.0,558.2606332281284
2025-07-21 21:00:00,17056,672.6846142906343,0.0,8779.315385709366,7567.0,19.0,18.0
2025-07-21 22:00:00,15503,675.3976440367243,0.0,7239.602355963276,7567.0,3.0,18.0
2025-07-21 23:00:00,14411,852.4394897394316,0.0,5971.560510260568,7567.0,3.0,17.0
2025-07-22 00:00:00,13788,-0.0,0.0,6202.0,7567.0,2.0,17.0
2025-07-22 01:00:00,13280,-0.0,0.0,5693.0,7567.0,2.0,18.0
2025-07-22 02:00:00,12924,-0.0,0.0,5337.0,7567.0,2.0,18.0
2025-07-22 03:00:00,12905,-0.0,0.0,5318.0,7567.0,2.0,18.0
2025-07-22 04:00:00,13286,-0.0,0.0,5699.0,7567.0,3.0,17.0
2025-07-22 05:00:00,13805,829.4035233534299,0.0,5388.5964766465695,7567.0,3.0,17.0
2025-07-22 06:00:00,14886,826.2229975744488,0.0,6782.7770024255515,7257.0,2.0,18.0
2025-07-22 07:00:00,15767,559.8773625301133,461.05405965162305,7514.068577818264,7212.0,2.0,18.0
2025-07-22 08:00:00,16322,494.71424047434914,1129.0,7474.28575952565,7204.0,2.0,18.0
2025-07-22 09:00:00,16864,591.2962457429408,0.0,8996.0,7087.0,102.0,87.70375425706152
2025-07-22 10:00:00,17250,669.5234098942874,0.0,8986.0,7087.0,164.0,343.4765901057108
2025-07-22 11:00:00,17519,653.2020310632017,0.0,8966.0,7325.0,226.0,348.7979689368003
2025-07-22 12:00:00,17726,669.8816917906289,0.0,8966.0,7362.0,270.0,458.1183082093703
2025-07-22 13:00:00,17935,649.0071331676071,0.0,8966.0,7319.0,270.0,730.9928668323919
2025-07-22 14:00:00,18321,606.9356379772817,0.0,8966.0,7381.0,270.0,1097.0643620227202
2025-07-22 15:00:00,18813,550.6757588832614,0.0,9029.0,7474.0,270.0,1489.3242411167375
2025-07-22 16:00:00,19503,463.0872421015793,0.0,9029.0,7447.0,270.0,2293.912757898419
2025-07-22 17:00:00,19907,314.3828854344424,1013.12688699806,9029.0,7447.0,270.0,1833.4902275674972
2025-07-22 18:00:00,19851,236.23132221181564,1129.0,9029.0,7447.0,270.0,1739.7686777881827
2025-07-22 19:00:00,19355,267.20920355199564,0.0,9029.0,7514.0,270.0,2274.7907964480037
2025-07-22 20:00:00,18680,313.9026866969934,0.0,9024.0,7514.0,187.0,1641.0973133030056
2025-07-22 21:00:00,17673,340.0839234310301,0.0,9024.0,7514.0,104.0,690.9160765689703
2025-07-22 22:00:00,16335,430.2855080929179,0.0,8351.714491907082,7514.0,21.0,18.0
2025-07-22 23:00:00,15019,0.0,0.0,7484.0,7514.0,3.0,18.0
2025-07-23 00:00:00,14197,-0.0,0.0,6662.0,7514.0,3.0,18.0
2025-07-23 01:00:00,13876,-0.0,0.0,6341.0,7514.0,3.0,18.0
2025-07-23 02:00:00,13572,-0.0,0.0,6037.0,7514.0,3.0,18.0
2025-07-23 03:00:00,13338,-0.0,0.0,5803.0,7514.0,3.0,18.0
2025-07-23 04:00:00,13678,-0.0,0.0,6427.0,7230.0,3.0,18.0
2025-07-23 05:00:00,14132,-0.0,0.0,6881.0,7230.0,3.0,18.0
2025-07-23 06:00:00,15307,0.0,0.0,8058.0,7228.0,3.0,18.0
2025-07-23 07:00:00,16149,83.03939019195366,0.0,8918.960609808046,7073.0,56.0,18.0
2025-07-23 08:00:00,17028,589.0632481181265,0.0,9024.0,6816.0,127.0,471.9367518818726
2025-07-23 09:00:00,17678,808.3091834116676,0.0,8816.0,6897.0,198.0,958.6908165883324
2025-07-23 10:00:00,18204,808.5882660275246,0.0,8816.0,6902.0,269.0,1408.4117339724762
2025-07-23 11:00:00,18498,847.8378328664741,0.0,9024.0,6897.0,270.0,1459.162167133527
2025-07-23 12:00:00,19054,876.829596505833,0.0,9024.0,6880.0,270.0,2003.170403494165
2025-07-23 13:00:00,19517,972.0527813044235,0.0,9024.0,6869.0,270.0,2381.9472186955754
2025-07-23 14:00:00,20182,998.9576715918424,0.0,9024.0,6996.0,270.0,2893.0423284081553
2025-07-23 15:00:00,21075,1013.2089122350172,0.0,9029.0,7090.0,270.0,3672.7910877649847
2025-07-23 16:00:00,21935,994.5847063108764,1129.0,9059.0,7053.0,270.0,3429.415293689126
2025-07-23 17:00:00,22095,818.8583867547775,1129.0,9044.0,7094.0,270.0,3739.1416132452214
2025-07-23 18:00:00,21888,757.2973274841986,1129.0,9124.0,7085.0,270.0,3522.7026725157993
2025-07-23 19:00:00,21165,1041.3207058784851,677.3999999999991,9124.0,7349.0,270.0,2703.279294121518
2025-07-23 20:00:00,20311,1394.9611002649913,0.0,9124.0,7349.0,187.0,2256.038899735009
2025-07-23 21:00:00,18954,1762.5268277014536,0.0,9124.0,7349.0,104.0,614.4731722985453
2025-07-23 22:00:00,17479,2050.881523650284,0.0,8040.118476349715,7349.0,21.0,18.0
2025-07-23 23:00:00,16239,1919.3028038727664,0.0,6949.697196127234,7349.0,3.0,18.0
2025-07-24 00:00:00,15402,777.7350597380364,0.0,7254.264940261964,7349.0,3.0,18.0
2025-07-24 01:00:00,14517,880.3850830214858,0.0,6266.614916978514,7349.0,3.0,18.0
2025-07-24 02:00:00,14074,674.3546053613989,0.0,6513.645394638601,6865.0,3.0,18.0
2025-07-24 03:00:00,14005,396.82732039472216,0.0,7041.172679605278,6546.0,3.0,18.0
2025-07-24 04:00:00,14237,1745.2587930936224,0.0,5121.741206906378,7349.0,3.0,18.0
2025-07-24 05:00:00,15051,1339.9846327962955,0.0,6341.015367203705,7349.0,3.0,18.0
2025-07-24 06:00:00,16825,1420.6593596617336,0.0,8034.340640338267,7349.0,3.0,18.0
2025-07-24 07:00:00,18310,1722.2635027077415,0.0,9169.736497292259,7344.0,56.0,18.0
2025-07-24 08:00:00,19375,1392.7697900782646,0.0,9254.0,7344.0,127.0,1257.230209921734
2025-07-24 09:00:00,20550,1752.3889776462356,0.0,9444.0,7344.0,198.0,1811.6110223537653
2025-07-24 10:00:00,21569,1923.9412283423328,0.0,9414.0,7295.0,269.0,2667.0587716576665
2025-07-24 11:00:00,22199,1912.8524164691776,0.0,9429.0,7376.0,270.0,3211.147583530823
2025-07-24 12:00:00,22736,2410.0402399321547,0.0,9429.0,7367.0,270.0,3259.959760067846
2025-07-24 13:00:00,23057,2835.650610177658,0.0,9429.0,7379.0,270.0,3143.3493898223423
2025-07-24 14:00:00,23250,3062.060909372064,0.0,9429.0,7658.0,270.0,2830.939090627937
2025-07-24 15:00:00,23683,3305.909475553107,0.0,9429.0,7658.0,270.0,3020.0905244468922
2025-07-24 16:00:00,24401,2820.9868972118725,0.0,9414.0,7437.0,270.0,4459.013102788129
2025-07-24 17:00:00,24524,2286.2051624953083,1129.0,9414.0,7437.0,270.0,3987.7948375046926
2025-07-24 18:00:00,24528,1731.962787116681,710.7594858470688,9409.0,7437.0,270.0,4969.277727036249
2025-07-24 19:00:00,23968,1519.2160055369495,0.0,9409.0,7437.0,270.0,5332.7839944630505
2025-07-24 20:00:00,22428,1696.7753114480136,0.0,9409.0,7482.0,270.0,3570.2246885519853
2025-07-24 21:00:00,21183,1395.4388078704228,0.0,9409.0,7482.0,270.0,2626.5611921295786
2025-07-24 22:00:00,19988,836.3909811407444,0.0,9497.0,7482.0,270.0,1902.609018859257
2025-07-24 23:00:00,18694,47.37648288776024,0.0,8672.0,7703.0,270.0,2001.623517112239
2025-07-25 00:00:00,17602,327.82014976244477,0.0,8672.0,7504.0,270.0,828.1798502375532
2025-07-25 01:00:00,16803,-0.0,0.0,8687.0,7450.0,270.0,396.0
2025-07-25 02:00:00,16432,-0.0,0.0,8697.0,7450.0,265.0,20.0
2025-07-25 03:00:00,16410,-0.0,0.0,8697.0,7450.0,243.0,20.0
2025-07-25 04:00:00,16455,-0.0,0.0,8697.0,7450.0,270.0,38.0
2025-07-25 05:00:00,17283,442.4530268125994,0.0,8705.0,7450.0,270.0,415.5469731874
2025-07-25 06:00:00,18451,482.748717202509,0.0,8705.0,7450.0,270.0,1543.2512827974897
2025-07-25 07:00:00,19554,311.7802504908417,0.0,8705.0,7450.0,270.0,2817.2197495091605
2025-07-25 08:00:00,20007,231.43371666537257,0.0,8705.0,7504.0,270.0,3296.5662833346287
2025-07-25 09:00:00,20514,300.9127696257946,0.0,8705.0,7504.0,270.0,3734.087230374207
2025-07-25 10:00:00,21110,252.0682277768708,0.0,8705.0,7702.0,270.0,4180.931772223128
2025-07-25 11:00:00,21657,324.45488486823956,0.0,8705.0,7703.0,270.0,4654.545115131761
2025-07-25 12:00:00,22045,408.8440041665418,0.0,8692.0,7725.0,270.0,4949.155995833458
2025-07-25 13:00:00,22357,455.2916037478968,0.0,8692.0,7725.0,270.0,5214.708396252103
2025-07-25 14:00:00,22646,475.4876833042353,141.51231669576373,8692.0,7725.0,270.0,5342.0
2025-07-25 15:00:00,23029,466.0825949489981,1129.0,8707.0,7725.0,270.0,4731.917405051001
2025-07-25 16:00:00,23055,393.4849296679588,617.5150703320396,8707.0,7725.0,270.0,5342.0
2025-07-25 17:00:00,22983,297.30328911202423,1129.0,8707.0,7725.0,270.0,4854.696710887976
2025-07-25 18:00:00,22921,189.77689932760632,933.676833605824,8707.0,7725.0,270.0,5095.546267066568
2025-07-25 19:00:00,22314,124.4504466375069,333.5495533624926,8707.0,7725.0,270.0,5154.0
2025-07-25 20:00:00,21625,148.3659230185625,0.0,8707.0,7725.0,270.0,4774.634076981438
2025-07-25 21:00:00,20283,175.37817702197833,0.0,8707.0,7725.0,270.0,3405.6218229780206
2025-07-25 22:00:00,18858,193.7232823030137,0.0,8707.0,7725.0,187.0,2045.2767176969865
2025-07-25 23:00:00,17588,181.45858451228895,0.0,8720.0,7725.0,104.0,857.5414154877108
2025-07-26 00:00:00,16270,-0.0,0.0,8505.0,7725.0,21.0,19.0
2025-07-26 01:00:00,15615,-0.0,0.0,7868.0,7725.0,3.0,19.0
2025-07-26 02:00:00,15041,-0.0,0.0,7294.0,7725.0,3.0,19.0
2025-07-26 03:00:00,14735,-0.0,0.0,6989.0,7725.0,3.0,18.0
2025-07-26 04:00:00,14646,-0.0,0.0,6900.0,7725.0,3.0,18.0
2025-07-26 05:00:00,14548,-0.0,0.0,6802.0,7725.0,3.0,18.0
2025-07-26 06:00:00,15218,-0.0,0.0,7471.0,7725.0,3.0,19.0
2025-07-26 07:00:00,16463,-0.0,0.0,8687.0,7702.0,56.0,18.0
2025-07-26 08:00:00,18000,458.0372227252874,0.0,8742.0,7702.0,127.0,970.9627772747117
2025-07-26 09:00:00,19318,512.9653129783079,0.0,8742.0,7692.0,198.0,2173.0346870216927
2025-07-26 10:00:00,20083,657.4779294920788,0.0,8727.0,7712.0,269.0,2717.522070507919
2025-07-26 11:00:00,20789,694.5476244595504,0.0,8703.0,7712.0,270.0,3409.4523755404516
2025-07-26 12:00:00,21130,678.5479689676338,0.0,8699.0,7712.0,270.0,3770.452031032364
2025-07-26 13:00:00,21747,656.8584379712431,127.31012639208431,8699.0,7669.0,270.0,4324.8314356366745
2025-07-26 14:00:00,21911,672.1472516286797,1129.0,8699.0,7669.0,270.0,3471.8527483713187
2025-07-26 15:00:00,21846,821.2391713833238,0.0,8730.0,7663.0,270.0,4361.760828616676
2025-07-26 16:00:00,21697,730.7444273649356,0.0,8723.0,7719.0,270.0,4254.255572635062
2025-07-26 17:00:00,21314,647.2290282769827,0.0,8723.0,7684.0,270.0,3989.7709717230173
2025-07-26 18:00:00,20903,550.4980143111316,0.0,8723.0,7684.0,270.0,3675.5019856888684
2025-07-26 19:00:00,20378,556.1224754757467,0.0,8679.0,7684.0,270.0,3188.877524524254
2025-07-26 20:00:00,20195,738.4898663330106,1129.0,8664.0,7684.0,270.0,1709.5101336669904
2025-07-26 21:00:00,19565,1039.616423341584,0.0,8664.0,7719.0,187.0,1955.3835766584161
2025-07-26 22:00:00,18502,1290.0716312068084,0.0,8664.0,7719.0,104.0,724.9283687931893
2025-07-26 23:00:00,17267,1424.696126609776,0.0,8082.303873390225,7719.0,21.0,20.0
2025-07-27 00:00:00,16478,1307.4921482904415,0.0,7428.507851709559,7719.0,3.0,20.0
2025-07-27 01:00:00,16077,147.54562567686446,0.0,8187.454374323135,7719.0,3.0,20.0
2025-07-27 02:00:00,15585,178.2792937467898,0.0,7664.720706253211,7719.0,3.0,20.0
2025-07-27 03:00:00,15337,98.81901760850724,0.0,7496.180982391493,7719.0,3.0,20.0
2025-07-27 04:00:00,15323,-0.0,0.0,7581.0,7719.0,3.0,20.0
2025-07-27 05:00:00,15415,-0.0,0.0,7673.0,7719.0,3.0,20.0
2025-07-27 06:00:00,16018,624.4067986202157,0.0,7654.593201379785,7697.0,22.0,20.0
2025-07-27 07:00:00,17190,559.6545268542777,0.0,8671.0,7697.0,93.0,169.3454731457241
2025-07-27 08:00:00,18576,612.6773832748953,0.0,8671.0,7719.0,65.0,1508.322616725105
2025-07-27 09:00:00,19837,615.4907615547647,0.0,8671.0,7719.0,87.0,2744.5092384452364
2025-07-27 10:00:00,20575,666.9270372840682,0.0,8671.0,7728.0,88.0,3421.0729627159308
2025-07-27 11:00:00,21092,660.7855287307722,0.0,8671.0,7728.0,88.0,3944.214471269228
2025-07-27 12:00:00,21602,695.8506548205618,0.0,8671.0,7720.0,88.0,4427.149345179438
2025-07-27 13:00:00,22048,792.0593756326176,577.1333413088161,8671.0,7720.0,88.0,4199.807283058564
2025-07-27 14:00:00,22343,889.1317226007434,0.0,8671.0,7720.0,88.0,4974.868277399255
2025-07-27 15:00:00,22612,863.1188262535745,0.0,8671.0,7696.0,88.0,5293.8811737464275
2025-07-27 16:00:00,23270,756.1598259379007,126.8401740620975,8671.0,7698.0,88.0,5930.0
2025-07-27 17:00:00,23347,667.2332157920603,259.76678420793905,8704.0,7698.0,88.0,5930.0
2025-07-27 18:00:00,23103,485.1886965808743,198.8113034191265,8704.0,7698.0,88.0,5929.0
2025-07-27 19:00:00,22457,346.49032614702566,0.0,8704.0,7698.0,88.0,5620.5096738529755
2025-07-27 20:00:00,22117,434.39624666952096,1129.0,8704.0,7698.0,88.0,4063.603753330477
2025-07-27 21:00:00,21146,425.3736971067215,0.0,8704.0,7698.0,88.0,4230.626302893277
2025-07-27 22:00:00,19553,263.76186695291165,0.0,8704.0,7698.0,88.0,2799.238133047089
2025-07-27 23:00:00,18189,429.8634487997143,0.0,8704.0,7698.0,88.0,1269.1365512002849
2025-07-28 00:00:00,17228,494.0590436588467,0.0,8704.0,7665.0,63.0,301.94095634115365
2025-07-28 01:00:00,16509,76.0,0.0,8704.0,7665.0,38.0,26.0
2025-07-28 02:00:00,15989,-0.0,0.0,8284.0,7665.0,14.0,26.0
2025-07-28 03:00:00,15706,-0.0,0.0,8012.0,7665.0,3.0,26.0
2025-07-28 04:00:00,15981,-0.0,0.0,8256.0,7665.0,34.0,26.0
2025-07-28 05:00:00,16501,-0.0,0.0,8704.0,7665.0,105.0,27.0
2025-07-28 06:00:00,17839,785.6915937797731,0.0,8704.0,7665.0,176.0,508.30840622022515
2025-07-28 07:00:00,19242,920.9496677770574,0.0,8704.0,7661.0,247.0,1709.0503322229415
2025-07-28 08:00:00,20542,876.9139533717546,0.0,8704.0,7661.0,248.0,3052.0860466282465
2025-07-28 09:00:00,21598,998.165863255494,0.0,8704.0,7661.0,248.0,3986.8341367445064
2025-07-28 10:00:00,22012,1149.6322188720037,0.0,8704.0,7720.0,248.0,4190.367781127996
2025-07-28 11:00:00,22657,1308.6542651324708,0.0,8704.0,7741.0,248.0,4655.345734867529
2025-07-28 12:00:00,23402,1408.7213810154576,0.0,8696.0,7741.0,248.0,5308.278618984543
2025-07-28 13:00:00,23492,1312.4091182156171,0.0,8696.0,7736.0,248.0,5499.590881784381
2025-07-28 14:00:00,23846,1269.43724905746,24.562750942539424,8696.0,7682.0,248.0,5926.0
2025-07-28 15:00:00,24211,1023.08403694662,627.9159630533795,8696.0,7682.0,248.0,5934.0
2025-07-28 16:00:00,24187,888.5340730605227,776.465926939476,8696.0,7682.0,248.0,5896.0
2025-07-28 17:00:00,23948,995.6303792793864,430.3696207206158,8696.0,7682.0,248.0,5896.0
2025-07-28 18:00:00,23685,765.05274719693,393.9472528030674,8696.0,7686.0,248.0,5896.0
2025-07-28 19:00:00,23889,623.4018261599633,702.5981738400369,8696.0,7686.0,248.0,5933.0
2025-07-28 20:00:00,23636,706.5201408580631,375.6006352012636,8696.0,7686.0,248.0,5923.879223940675
2025-07-28 21:00:00,22571,588.8059323639114,0.0,8696.0,7686.0,248.0,5352.19406763609
2025-07-28 22:00:00,20952,601.3583337072224,0.0,8704.0,7686.0,248.0,3712.641666292777
2025-07-28 23:00:00,19782,602.0283093506843,0.0,8704.0,7686.0,248.0,2541.971690649316
2025-07-29 00:00:00,18580,653.175934707842,0.0,8704.0,7686.0,248.0,1288.8240652921595
2025-07-29 01:00:00,17683,627.4981999738927,0.0,8704.0,7686.0,248.0,417.50180002610796
2025-07-29 02:00:00,16990,318.1207760593251,0.0,8704.0,7686.0,248.0,33.879223940674876
2025-07-29 03:00:00,16639,-0.0,0.0,8704.0,7686.0,223.0,26.0
2025-07-29 04:00:00,16727,-0.0,0.0,8704.0,7686.0,248.0,89.0
2025-07-29 05:00:00,17126,-0.0,0.0,8714.0,7686.0,248.0,478.0
2025-07-29 06:00:00,18357,224.94771870915216,0.0,8714.0,7686.0,248.0,1484.0522812908457
2025-07-29 07:00:00,19547,239.98322249626065,0.0,8714.0,7681.0,248.0,2664.0167775037407
2025-07-29 08:00:00,20445,332.27881100421007,0.0,8714.0,7735.0,248.0,3415.7211889957907
2025-07-29 09:00:00,21257,367.19050384383866,0.0,8714.0,7735.0,248.0,4192.80949615616
2025-07-29 10:00:00,21863,391.97693328124944,0.0,8704.0,7735.0,248.0,4784.02306671875
2025-07-29 11:00:00,22443,460.38415498659685,0.0,8704.0,7759.0,248.0,5271.615845013403
2025-07-29 12:00:00,23023,569.0693000780532,0.0,8684.0,7705.0,248.0,5816.930699921948
2025-07-29 13:00:00,22994,753.2620274020144,0.0,8684.0,7746.0,248.0,5562.7379725979845
2025-07-29 14:00:00,23205,621.5027927796493,0.0,8664.0,7792.0,248.0,5879.497207220353
2025-07-29 15:00:00,23492,483.0547019956445,161.94529800435703,8689.0,7768.0,248.0,6142.0
2025-07-29 16:00:00,23525,456.5713030801055,201.42869691989472,8709.0,7768.0,248.0,6142.0
2025-07-29 17:00:00,23607,367.6183395832078,449.3816604167914,8709.0,7691.0,248.0,6142.0
2025-07-29 18:00:00,23238,287.0324540853639,283.9675459146383,8709.0,7556.0,248.0,6154.0
2025-07-29 19:00:00,23407,220.86381807757076,650.1361819224294,8719.0,7415.0,248.0,6154.0
2025-07-29 20:00:00,22812,165.33543673275574,99.00193946034383,8719.0,7473.0,248.0,6107.6626238069
2025-07-29 21:00:00,21525,117.3766616923707,0.0,8719.0,7501.0,248.0,4939.623338307629
2025-07-29 22:00:00,20175,120.86492344511645,0.0,8719.0,7501.0,248.0,3586.135076554885
2025-07-29 23:00:00,18723,146.80296280857667,0.0,8704.0,7501.0,248.0,2123.1970371914213
2025-07-30 00:00:00,17603,184.36024533178897,0.0,8704.0,7501.0,180.0,1033.6397546682128
2025-07-30 01:00:00,16854,251.4847702098985,0.0,8704.0,7501.0,97.0,300.5152297901004
2025-07-30 02:00:00,16226,-0.0,0.0,8678.3373761931,7501.0,14.0,32.66262380690053
2025-07-30 03:00:00,15913,-0.0,0.0,8386.0,7501.0,3.0,23.0
2025-07-30 04:00:00,16210,-0.0,0.0,8652.0,7501.0,34.0,23.0
2025-07-30 05:00:00,16675,239.65715470925684,0.0,8717.0,7501.0,105.0,112.34284529074284
2025-07-30 06:00:00,17803,290.97059569370856,0.0,8717.0,7403.0,176.0,1216.0294043062895
2025-07-30 07:00:00,18884,260.10700103527654,0.0,8717.0,7461.0,247.0,2198.892998964722
2025-07-30 08:00:00,19842,274.67444094552746,0.0,8717.0,7483.0,248.0,3119.3255590544723
2025-07-30 09:00:00,20599,362.17873809589986,0.0,8717.0,7238.0,248.0,4033.8212619041005
2025-07-30 10:00:00,21262,419.0410351133098,0.0,8717.0,7188.0,248.0,4689.9589648866895
2025-07-30 11:00:00,21925,520.2468998589943,0.0,8717.0,7294.0,248.0,5145.753100141006
2025-07-30 12:00:00,22893,520.5472513565965,568.4527486434017,8687.0,7288.0,248.0,5581.0
2025-07-30 13:00:00,22634,589.3931664640277,71.60683353597415,8717.0,7427.0,248.0,5581.0
2025-07-30 14:00:00,23048,701.1731723888383,141.82682761116305,8717.0,7444.0,248.0,5796.0
2025-07-30 15:00:00,22837,787.4321999017914,0.0,8717.0,7444.0,248.0,5640.567800098208
2025-07-30 16:00:00,23005,785.2284563936611,134.77154360633722,8675.0,7340.0,248.0,5822.0
2025-07-30 17:00:00,22693,924.8931314350532,0.0,8675.0,7346.0,248.0,5499.106868564944
2025-07-30 18:00:00,21457,1581.4902488404048,0.0,8675.0,7336.0,248.0,3616.509751159596
2025-07-30 19:00:00,20973,1921.1651069455163,0.0,8675.0,7336.0,248.0,2792.8348930544817
2025-07-30 20:00:00,20632,2030.0969112212356,0.0,8705.0,7336.0,248.0,2312.9030887787667
2025-07-30 21:00:00,19172,1900.3567223248472,0.0,8705.0,7336.0,180.0,1050.6432776751535
2025-07-30 22:00:00,18048,1655.4614636002923,0.0,8750.0,7336.0,97.0,209.5385363997084
2025-07-30 23:00:00,16556,1740.522498295221,0.0,7079.47750170478,7701.0,14.0,21.0
2025-07-31 00:00:00,15642,684.4420777070909,0.0,7228.557922292909,7705.0,3.0,21.0
2025-07-31 01:00:00,14796,637.8326783627135,0.0,6429.1673216372865,7705.0,3.0,21.0
2025-07-31 02:00:00,14292,441.9819679757941,0.0,6121.018032024206,7705.0,3.0,21.0
2025-07-31 03:00:00,14278,195.7783481242052,0.0,6354.221651875795,7705.0,3.0,20.0
2025-07-31 04:00:00,14659,1254.5362524109996,0.0,5676.463747589001,7705.0,3.0,20.0
2025-07-31 05:00:00,15056,1175.2009505641915,0.0,6151.799049435809,7705.0,3.0,21.0
2025-07-31 06:00:00,15948,1257.661462786083,0.0,7045.338537213916,7621.0,3.0,21.0
2025-07-31 07:00:00,16832,1121.8246699761369,0.0,8238.175330023863,7448.0,3.0,21.0
2025-07-31 08:00:00,17165,1195.3860075586947,0.0,8492.613992441306,7453.0,3.0,21.0
2025-07-31 09:00:00,17224,1124.646148986238,0.0,8660.0,7412.0,6.353851013762323,21.0
2025-07-31 10:00:00,17395,1107.3921898954152,0.0,8660.0,7453.0,77.35385101376232,97.25395909082363
2025-07-31 11:00:00,17398,1133.5322599300375,0.0,8660.0,7453.0,130.46774006996202,21.0
2025-07-31 12:00:00,17609,1258.9449320513872,0.0,8690.0,7457.0,86.0,117.0550679486114
2025-07-31 13:00:00,17414,1718.8595970067915,0.0,8160.140402993209,7511.0,3.0,21.0
2025-07-31 14:00:00,17364,1830.474027708642,0.0,7864.525972291358,7592.0,56.0,21.0
2025-07-31 15:00:00,18481,1851.8276686798008,0.0,8690.0,7773.0,127.0,39.17233132020192
2025-07-31 16:00:00,19080,1556.4402284456771,203.6473516878519,8690.0,7773.0,198.0,658.9124198664707
2025-07-31 17:00:00,19053,1383.862223715442,899.1377762845586,8690.0,7790.0,269.0,21.0
2025-07-31 18:00:00,19057,913.4283857585082,1129.0,8690.0,7790.0,270.0,264.57161424148944
2025-07-31 19:00:00,18658,814.9755115557673,1129.0,8690.0,7790.0,199.0,35.0244884442327
2025-07-31 20:00:00,18227,904.3851279724108,703.6148720275887,8680.0,7790.0,128.0,21.0
2025-07-31 21:00:00,17253,800.8224240998313,0.0,8622.177575900168,7790.0,19.0,21.0
2025-07-31 22:00:00,16083,755.3658626589267,0.0,7514.634137341072,7790.0,2.0,21.0
2025-07-31 23:00:00,14938,934.9650099159138,0.0,6190.0349900840865,7790.0,2.0,21.0
2025-08-01 00:00:00,13990,104.2264001955184,0.0,6097.773599804482,7764.0,3.0,21.0
2025-08-01 01:00:00,13534,-0.0,0.0,5746.0,7764.0,3.0,21.0
2025-08-01 02:00:00,13423,0.0,0.0,5636.0,7764.0,2.0,21.0
2025-08-01 03:00:00,13216,-0.0,0.0,5430.0,7764.0,2.0,20.0
2025-08-01 04:00:00,13452,-0.0,0.0,5653.0,7777.0,2.0,20.0
2025-08-01 05:00:00,13995,820.3050834135142,0.0,5374.694916586486,7777.0,2.0,21.0
2025-08-01 06:00:00,14940,792.4726526389001,0.0,6385.5273473611,7738.0,3.0,21.0
2025-08-01 07:00:00,16042,718.9199623726446,0.0,7647.080037627355,7652.0,3.0,21.0
2025-08-01 08:00:00,16420,696.394023241734,0.0,8038.6059767582665,7662.0,2.0,21.0
2025-08-01 09:00:00,16598,538.3967116940499,0.0,8339.60328830595,7697.0,2.0,21.0
2025-08-01 10:00:00,16945,402.8372507567208,85.16274924327809,8675.0,7697.0,64.0,21.0
2025-08-01 11:00:00,17010,778.1449813119912,0.0,8444.85501868801,7763.0,3.0,21.0
2025-08-01 12:00:00,17077,978.2118628458855,0.0,8301.788137154115,7773.0,3.0,21.0
2025-08-01 13:00:00,17164,1128.6261267837444,0.0,8239.373873216256,7773.0,2.0,21.0
2025-08-01 14:00:00,17403,1284.1964902776272,0.0,8312.803509722373,7783.0,2.0,21.0
2025-08-01 15:00:00,17948,1360.4346949954272,21.56530500457302,8660.0,7783.0,102.0,21.0
2025-08-01 16:00:00,18519,1425.136149278302,541.8638507216965,8650.0,7717.0,164.0,21.0
2025-08-01 17:00:00,18686,1281.2275826975049,881.776735604495,8650.0,7734.0,117.99568169799943,21.0
2025-08-01 18:00:00,18689,1129.320953808383,1119.6833644936175,8650.0,7734.0,34.995681697999544,21.0
2025-08-01 19:00:00,18356,930.8569699360388,1018.1430300639622,8650.0,7734.0,2.0,21.0
2025-08-01 20:00:00,17832,898.9181150050941,464.0818849949064,8650.0,7734.0,64.0,21.0
2025-08-01 21:00:00,16718,889.5936218052462,0.0,8070.406378194753,7734.0,3.0,21.0
2025-08-01 22:00:00,15599,860.2865369101237,0.0,6980.713463089876,7734.0,3.0,21.0
2025-08-01 23:00:00,14406,920.9373300014854,0.0,5727.062669998515,7734.0,3.0,21.0
2025-08-02 00:00:00,13752,-0.0,0.0,5972.0,7756.0,3.0,21.0
2025-08-02 01:00:00,13255,-0.0,0.0,5475.0,7756.0,3.0,21.0
2025-08-02 02:00:00,12793,-0.0,0.0,5013.0,7756.0,3.0,21.0
2025-08-02 03:00:00,12660,-0.0,0.0,4881.0,7756.0,2.0,21.0
2025-08-02 04:00:00,12788,-0.0,0.0,5009.0,7756.0,2.0,21.0
2025-08-02 05:00:00,12722,-0.0,0.0,4943.0,7756.0,2.0,21.0
2025-08-02 06:00:00,13134,-0.0,0.0,5355.0,7756.0,2.0,21.0
2025-08-02 07:00:00,13767,462.2365626233553,0.0,5526.763437376645,7756.0,2.0,20.0
2025-08-02 08:00:00,14509,394.524682925946,0.0,6336.475317074054,7756.0,2.0,20.0
2025-08-02 09:00:00,15234,509.35373046818904,0.0,6946.646269531811,7756.0,2.0,20.0
2025-08-02 10:00:00,15641,691.3131977884559,0.0,7171.686802211545,7756.0,2.0,20.0
2025-08-02 11:00:00,16028,726.6815651472878,0.0,7521.318434852712,7756.0,3.0,21.0
2025-08-02 12:00:00,16343,832.9431276302569,0.0,7730.056872369743,7756.0,3.0,21.0
2025-08-02 13:00:00,16719,871.9664487305249,0.0,8067.033551269475,7756.0,3.0,21.0
2025-08-02 14:00:00,17309,902.4424993227028,0.0,8583.557500677298,7746.0,56.0,21.0
2025-08-02 15:00:00,17946,906.5493034472,0.0,8650.0,7756.0,127.0,506.45069655279804
2025-08-02 16:00:00,18610,785.5186268948257,1129.0,8650.0,7756.0,198.0,91.48137310517632
2025-08-02 17:00:00,18854,625.9813268160395,1129.0,8650.0,7756.0,269.0,424.01867318396035
2025-08-02 18:00:00,18562,495.8321207122232,1129.0,8650.0,7756.0,270.0,261.1678792877792
2025-08-02 19:00:00,17921,540.8743014548056,766.1256985451946,8650.0,7756.0,187.0,21.0
2025-08-02 20:00:00,17585,631.3813771765633,131.12807545092556,8650.0,7756.0,104.0,312.4905473725109
2025-08-02 21:00:00,16687,693.1720649853451,0.0,8202.827935014655,7750.0,21.0,20.0
2025-08-02 22:00:00,15697,620.9839980123048,0.0,7303.016001987695,7750.0,3.0,20.0
2025-08-02 23:00:00,14675,77.86208420610484,0.0,6824.137915793895,7750.0,3.0,20.0
2025-08-03 00:00:00,13880,-0.0,0.0,6107.0,7750.0,3.0,20.0
2025-08-03 01:00:00,13346,0.0,0.0,5572.0,7750.0,3.0,21.0
2025-08-03 02:00:00,12958,-0.0,0.0,5184.0,7750.0,3.0,21.0
2025-08-03 03:00:00,12753,-0.0,0.0,4979.0,7750.0,3.0,21.0
2025-08-03 04:00:00,12602,-0.0,0.0,4830.0,7750.0,3.0,19.0
2025-08-03 05:00:00,12604,-0.0,0.0,4919.0,7663.0,3.0,19.0
2025-08-03 06:00:00,13050,-0.0,0.0,5365.0,7663.0,3.0,19.0
2025-08-03 07:00:00,13830,-0.0,0.0,6145.0,7663.0,3.0,19.0
2025-08-03 08:00:00,14638,0.0,0.0,6953.0,7663.0,3.0,19.0
2025-08-03 09:00:00,15491,396.9966540594835,0.0,7409.003345940517,7663.0,3.0,19.0
2025-08-03 10:00:00,16314,477.69016238875855,0.0,8151.309837611241,7663.0,3.0,19.0
2025-08-03 11:00:00,16931,612.190022333905,0.0,8580.809977666095,7663.0,56.0,19.0
2025-08-03 12:00:00,17535,742.1915398224871,0.0,8675.0,7663.0,127.0,327.80846017751173
2025-08-03 13:00:00,17974,740.040788053662,0.0,8675.0,7663.0,198.0,697.9592119463377
2025-08-03 14:00:00,18565,697.0827634932829,0.0,8675.0,7663.0,269.0,1260.917236506717
2025-08-03 15:00:00,19155,586.4877245169894,0.0,8675.0,7663.0,270.0,1960.5122754830081
2025-08-03 16:00:00,19699,471.50118180295897,1129.0,8675.0,7750.0,270.0,1403.4988181970402
2025-08-03 17:00:00,19854,392.3878158029874,1129.0,8675.0,7750.0,270.0,1637.6121841970125
2025-08-03 18:00:00,19563,325.7561820196124,1129.0,8675.0,7750.0,270.0,1413.2438179803867
2025-08-03 19:00:00,18909,314.87934593098873,121.4092317097006,8675.0,7750.0,270.0,1777.7114223593103
2025-08-03 20:00:00,18479,349.00833937116244,0.0,8675.0,7750.0,187.0,1517.9916606288389
2025-08-03 21:00:00,17519,366.1088442152047,0.0,8675.0,7728.0,104.0,645.8911557847969
2025-08-03 22:00:00,16435,-0.0,0.0,8667.0,7728.0,21.0,19.0
2025-08-03 23:00:00,15282,-0.0,0.0,7532.0,7728.0,3.0,19.0
2025-08-04 00:00:00,14426,-0.0,0.0,6676.0,7728.0,3.0,19.0
2025-08-04 01:00:00,13830,-0.0,0.0,6080.0,7728.0,3.0,19.0
2025-08-04 02:00:00,13436,-0.0,0.0,5686.0,7728.0,3.0,19.0
2025-08-04 03:00:00,13121,-0.0,0.0,5372.0,7728.0,3.0,18.0
2025-08-04 04:00:00,13126,-0.0,0.0,5377.0,7728.0,3.0,18.0
2025-08-04 05:00:00,13239,-0.0,0.0,5490.0,7728.0,3.0,18.0
2025-08-04 06:00:00,13656,-0.0,0.0,5907.0,7728.0,3.0,18.0
2025-08-04 07:00:00,14393,-0.0,0.0,6643.0,7728.0,3.0,19.0
2025-08-04 08:00:00,15406,-0.0,0.0,7655.0,7728.0,4.0,19.0
2025-08-04 09:00:00,16525,8.0,0.0,8695.0,7728.0,75.0,19.0
2025-08-04 10:00:00,17344,535.9272717013183,0.0,8685.0,7728.0,146.0,249.0727282986809
2025-08-04 11:00:00,17993,562.9517010970974,0.0,8685.0,7728.0,217.0,800.0482989029042
2025-08-04 12:00:00,18826,589.3491924884443,0.0,8685.0,7728.0,270.0,1553.6508075115562
2025-08-04 13:00:00,19143,571.0878916816296,0.0,8685.0,7728.0,270.0,1888.9121083183709
2025-08-04 14:00:00,19551,579.749655344734,0.0,8692.0,7728.0,270.0,2281.2503446552655
2025-08-04 15:00:00,20272,542.4129655687584,897.2537739961201,8692.0,7728.0,270.0,2142.333260435122
2025-08-04 16:00:00,20900,484.2081236146685,1129.0,8715.0,7728.0,270.0,2573.7918763853304
2025-08-04 17:00:00,20854,374.8274183280378,1129.0,8715.0,7728.0,270.0,2637.1725816719627
2025-08-04 18:00:00,20372,291.97739130406717,1129.0,8715.0,7728.0,270.0,2238.0226086959337
2025-08-04 19:00:00,19639,290.97967125871355,0.0,8690.0,7728.0,270.0,2660.020328741288
2025-08-04 20:00:00,19156,450.413593573561,0.0,8685.0,7728.0,187.0,2105.5864064264388
2025-08-04 21:00:00,18074,514.83419904511,0.0,8685.0,7794.0,104.0,976.1658009548919
2025-08-04 22:00:00,16909,744.3328617832377,0.0,8330.667138216762,7794.0,21.0,19.0
2025-08-04 23:00:00,15531,913.3103511656818,0.0,6801.689648834319,7794.0,3.0,19.0
2025-08-05 00:00:00,14860,-0.0,0.0,7044.0,7794.0,3.0,19.0
2025-08-05 01:00:00,14327,-0.0,0.0,6511.0,7794.0,3.0,19.0
2025-08-05 02:00:00,13860,-0.0,0.0,6044.0,7794.0,3.0,19.0
2025-08-05 03:00:00,13812,-0.0,0.0,5996.0,7794.0,3.0,19.0
2025-08-05 04:00:00,14130,-0.0,0.0,6401.0,7707.0,3.0,19.0
2025-08-05 05:00:00,15061,1008.1421907911908,0.0,6323.85780920881,7707.0,3.0,19.0
2025-08-05 06:00:00,16001,928.1028599242712,0.0,7343.897140075729,7707.0,3.0,19.0
2025-08-05 07:00:00,17153,612.8894185441849,1009.0585668804472,7853.052014575369,7656.0,3.0,19.0
2025-08-05 08:00:00,17910,486.96632208967617,1129.0,8733.033677910324,7539.0,3.0,19.0
2025-08-05 09:00:00,18795,640.4510681610711,0.0,9487.0,7539.0,72.0,1056.54893183893
2025-08-05 10:00:00,19273,574.8247052809033,0.0,9487.0,7539.0,94.0,1578.175294719098
2025-08-05 11:00:00,19944,554.4826962742294,0.0,9487.0,7539.0,116.0,2247.51730372577
2025-08-05 12:00:00,20517,719.5039327120392,0.0,9487.0,7566.0,135.0,2609.4960672879606
2025-08-05 13:00:00,20760,873.2707855372818,0.0,9487.0,7566.0,136.0,2697.729214462721
2025-08-05 14:00:00,21130,974.116566676067,0.0,9487.0,7608.0,136.0,2924.8834333239356
2025-08-05 15:00:00,21764,950.6809533859767,0.0,9487.0,7608.0,136.0,3582.319046614022
2025-08-05 16:00:00,22101,845.9565151571965,0.0,9476.0,7608.0,185.0,3986.043484842805
2025-08-05 17:00:00,22514,698.8225034455984,1013.12688699806,9476.0,7659.0,234.0,3433.050609556343
2025-08-05 18:00:00,22200,485.8057771043988,1129.0,9329.0,7659.0,270.0,3327.194222895603
2025-08-05 19:00:00,21382,485.2459378228274,0.0,9314.0,7659.0,270.0,3653.754062177173
2025-08-05 20:00:00,20776,753.0708247033531,0.0,9314.0,7659.0,187.0,2862.9291752966456
2025-08-05 21:00:00,19254,974.9736588856284,0.0,9283.0,7659.0,104.0,1233.0263411143715
2025-08-05 22:00:00,17964,1039.4509099791549,0.0,9225.549090020846,7659.0,21.0,19.0
2025-08-05 23:00:00,16753,997.5099317147902,0.0,8074.490068285209,7659.0,3.0,19.0
2025-08-06 00:00:00,15633,858.4761050056024,0.0,7093.523894994398,7659.0,3.0,19.0
2025-08-06 01:00:00,14984,119.92765060181728,0.0,7183.072349398182,7659.0,3.0,19.0
2025-08-06 02:00:00,14525,85.24037980061485,0.0,6758.759620199386,7659.0,3.0,19.0
2025-08-06 03:00:00,14453,8.919482833291113,0.0,6763.080517166709,7659.0,3.0,19.0
2025-08-06 04:00:00,14776,-0.0,0.0,7095.0,7659.0,3.0,19.0
2025-08-06 05:00:00,15544,857.8772201505966,0.0,7019.122779849404,7645.0,3.0,19.0
2025-08-06 06:00:00,16467,896.3428985025591,0.0,7973.6571014974415,7575.0,3.0,19.0
2025-08-06 07:00:00,17220,810.713994461386,0.0,8880.286005538614,7488.0,22.0,19.0
2025-08-06 08:00:00,17844,642.4571562798885,0.0,9420.0,7297.0,93.0,391.5428437201117
2025-08-06 09:00:00,18827,657.6147740042811,0.0,9420.0,7302.0,164.0,1283.3852259957202
2025-08-06 10:00:00,19272,1019.549400514355,0.0,9420.0,7475.0,233.0,1124.4505994856445
2025-08-06 11:00:00,19859,1160.883474697078,0.0,9420.0,7458.0,176.0,1644.1165253029212
2025-08-06 12:00:00,20523,1091.903740614985,0.0,9420.0,7475.0,118.0,2418.0962593850127
2025-08-06 13:00:00,20976,978.1718508829414,0.0,9420.0,7536.0,167.0,2874.8281491170565
2025-08-06 14:00:00,21680,1012.5230789813712,0.0,9420.0,7536.0,216.0,3495.4769210186278
2025-08-06 15:00:00,22200,902.1344961231796,897.2537739961201,9420.0,7626.0,265.0,3089.6117298806994
2025-08-06 16:00:00,22638,906.3927222899227,1129.0,9420.0,7643.0,270.0,3269.607277710078
2025-08-06 17:00:00,22591,800.3571177730954,1129.0,9420.0,7680.0,270.0,3291.6428822269045
2025-08-06 18:00:00,22101,600.6551871016248,1129.0,9420.0,7694.0,270.0,2987.3448128983728
2025-08-06 19:00:00,21699,628.8204500412559,0.0,9420.0,7694.0,270.0,3686.179549958746
2025-08-06 20:00:00,20942,851.0787428650746,0.0,9420.0,7694.0,187.0,2789.921257134927
2025-08-06 21:00:00,19562,1090.5220482132213,0.0,9388.0,7694.0,104.0,1285.4779517867792
2025-08-06 22:00:00,18086,1242.130149499447,0.0,9109.869850500552,7694.0,21.0,19.0
2025-08-06 23:00:00,16875,1477.5754200051954,0.0,7681.424579994804,7694.0,3.0,19.0
2025-08-07 00:00:00,15833,1698.0459555225457,0.0,6418.954044477454,7694.0,3.0,19.0
2025-08-07 01:00:00,15142,657.2592441968873,0.0,6768.740755803113,7694.0,3.0,19.0
2025-08-07 02:00:00,14819,637.7756531552504,0.0,6465.22434684475,7694.0,3.0,19.0
2025-08-07 03:00:00,14771,454.593619242522,0.0,6600.4063807574785,7694.0,3.0,19.0
2025-08-07 04:00:00,15205,163.2296501565777,0.0,7325.770349843422,7694.0,3.0,19.0
2025-08-07 05:00:00,15810,1294.0571823063658,0.0,6813.942817693634,7680.0,3.0,19.0
2025-08-07 06:00:00,16682,1221.1499897226877,0.0,7792.850010277312,7646.0,3.0,19.0
2025-08-07 07:00:00,17944,1036.632862387498,0.0,9186.367137612502,7646.0,56.0,19.0
2025-08-07 08:00:00,18811,1105.6371728940844,0.0,9388.0,7546.0,127.0,644.3628271059133
2025-08-07 09:00:00,19458,946.9600663308372,0.0,9353.0,7546.0,198.0,1414.0399336691626
2025-08-07 10:00:00,20028,832.5327035990413,0.0,9348.0,7546.0,269.0,2032.4672964009587
2025-08-07 11:00:00,20584,804.1306433031223,0.0,9368.0,7428.0,270.0,2713.8693566968795
2025-08-07 12:00:00,21212,818.963687356814,0.0,9368.0,7528.0,270.0,3227.036312643184
2025-08-07 13:00:00,21579,949.8411403492472,0.0,9368.0,7480.0,270.0,3511.1588596507536
2025-08-07 14:00:00,21863,956.7155816942724,0.0,9368.0,7597.0,270.0,3671.2844183057277
2025-08-07 15:00:00,22289,925.3055798663256,1129.0,9368.0,7656.0,270.0,2940.6944201336737
2025-08-07 16:00:00,22703,704.6805388720423,1129.0,9368.0,7690.0,270.0,3541.3194611279578
2025-08-07 17:00:00,22453,535.0295048194229,1129.0,9368.0,7690.0,270.0,3460.970495180576
2025-08-07 18:00:00,22110,426.0678826291648,0.0,9368.0,7653.0,270.0,4392.932117370834
2025-08-07 19:00:00,21580,486.40296955523326,435.3467086286551,9368.0,7653.0,270.0,3367.2503218161105
2025-08-07 20:00:00,20925,648.2899594865225,0.0,9368.0,7653.0,270.0,2985.710040513477
2025-08-07 21:00:00,19636,814.4838197963447,0.0,9368.0,7653.0,187.0,1613.5161802036528
2025-08-07 22:00:00,18322,975.6306944913978,0.0,9400.0,7653.0,104.0,189.36930550860416
2025-08-07 23:00:00,17154,1043.454433076658,0.0,8503.545566923342,7565.0,21.0,21.0
2025-08-08 00:00:00,16006,1276.650333702323,0.0,7140.349666297678,7565.0,3.0,21.0
2025-08-08 01:00:00,15418,168.644809724364,0.0,7660.355190275636,7565.0,3.0,21.0
2025-08-08 02:00:00,15013,63.32652042441532,0.0,7360.673479575585,7565.0,3.0,21.0
2025-08-08 03:00:00,14756,69.8364326658234,0.0,7097.163567334177,7565.0,3.0,21.0
2025-08-08 04:00:00,15033,-0.0,0.0,7444.0,7565.0,3.0,21.0
2025-08-08 05:00:00,15942,958.5335583078996,0.0,7408.4664416921005,7551.0,3.0,21.0
2025-08-08 06:00:00,16727,892.9424830200148,0.0,8240.057516979985,7517.0,56.0,21.0
2025-08-08 07:00:00,18139,890.36056676278,0.0,9394.0,7517.0,127.0,210.63943323722197
2025-08-08 08:00:00,19137,799.6173248434274,0.0,9394.0,7517.0,198.0,1228.382675156572
2025-08-08 09:00:00,20028,843.0077583566133,0.0,9394.0,7517.0,269.0,2004.9922416433874
2025-08-08 10:00:00,20538,929.7972350138356,0.0,9394.0,7517.0,270.0,2427.202764986163
2025-08-08 11:00:00,21250,1002.7776901690831,0.0,9394.0,7517.0,270.0,3066.2223098309187
2025-08-08 12:00:00,22186,1098.9380241449885,1129.0,9394.0,7517.0,270.0,2777.061975855013
2025-08-08 13:00:00,22364,1053.7374104695823,1129.0,9394.0,7537.0,270.0,2980.2625895304154
2025-08-08 14:00:00,22483,1005.3373370203636,1129.0,9394.0,7537.0,270.0,3147.6626629796374
2025-08-08 15:00:00,22643,820.8439429722005,677.3999999999991,9394.0,7501.0,270.0,3979.7560570278024
2025-08-08 16:00:00,22299,743.402920280211,0.0,9394.0,7501.0,270.0,4390.597079719788
2025-08-08 17:00:00,21899,808.4751162608351,0.0,9394.0,7501.0,270.0,3925.5248837391628
2025-08-08 18:00:00,21722,807.3418791956964,0.0,9394.0,7515.0,270.0,3735.6581208043062
2025-08-08 19:00:00,21636,809.7158436094437,0.0,9394.0,7515.0,270.0,3647.2841563905567
2025-08-08 20:00:00,21310,987.058868496992,0.0,9394.0,7515.0,270.0,3143.9411315030084
2025-08-08 21:00:00,20029,1264.461321980988,0.0,9394.0,7515.0,187.0,1668.5386780190129
2025-08-08 22:00:00,18578,1382.1950948203612,0.0,9394.0,7515.0,104.0,182.80490517964063
2025-08-08 23:00:00,17433,1269.6082308370342,0.0,8606.391769162965,7515.0,21.0,21.0
2025-08-09 00:00:00,16588,1359.5695940830713,0.0,7689.430405916928,7515.0,3.0,21.0
2025-08-09 01:00:00,15610,1477.930472458902,0.0,6593.069527541098,7515.0,3.0,21.0
2025-08-09 02:00:00,14939,365.3228998285661,0.0,7034.677100171434,7515.0,3.0,21.0
2025-08-09 03:00:00,14810,311.92096071908054,0.0,6959.0790392809195,7515.0,3.0,21.0
2025-08-09 04:00:00,14823,205.52890114497905,0.0,7078.471098855021,7515.0,3.0,21.0
2025-08-09 05:00:00,15005,69.12766224712254,0.0,7410.872337752878,7501.0,3.0,21.0
2025-08-09 06:00:00,15671,1044.8661629350163,0.0,7101.133837064983,7501.0,3.0,21.0
2025-08-09 07:00:00,17262,944.2064499819816,0.0,8739.79355001802,7501.0,56.0,21.0
2025-08-09 08:00:00,18291,883.4566072476181,0.0,9394.0,7501.0,127.0,385.54339275238453
2025-08-09 09:00:00,19895,1049.982757347133,0.0,9394.0,7501.0,198.0,1752.0172426528661
2025-08-09 10:00:00,20937,1429.1968959688872,0.0,9394.0,7576.0,269.0,2268.8031040311107
2025-08-09 11:00:00,21618,1750.77302807774,0.0,9394.0,7576.0,270.0,2627.2269719222604
2025-08-09 12:00:00,22024,1902.55101428464,0.0,9394.0,7576.0,270.0,2881.4489857153603
2025-08-09 13:00:00,22529,1858.1039320029136,0.0,9394.0,7576.0,270.0,3430.896067997084
2025-08-09 14:00:00,22827,1546.3864835810575,677.3999999999991,9394.0,7576.0,270.0,3363.213516418941
2025-08-09 15:00:00,23040,1501.505675005957,1129.0,9394.0,7627.0,270.0,3118.4943249940407
2025-08-09 16:00:00,23217,1396.9895010027326,0.0,9394.0,7627.0,270.0,4529.010498997268
2025-08-09 17:00:00,23248,1050.2016315908045,1129.0,9394.0,7641.0,270.0,3763.798368409196
2025-08-09 18:00:00,23049,927.9694012111464,1129.0,9366.0,7632.0,270.0,3724.0305987888532
2025-08-09 19:00:00,22186,987.8509904126204,0.0,9366.0,7608.0,270.0,3954.1490095873814
2025-08-09 20:00:00,21726,1343.0551269238963,0.0,9361.0,7078.0,270.0,3673.9448730761032
2025-08-09 21:00:00,20686,1487.7886234882642,0.0,9361.0,6978.0,187.0,2672.2113765117356
2025-08-09 22:00:00,19362,1498.9048197289842,0.0,9361.0,7060.0,104.0,1338.0951802710151
2025-08-09 23:00:00,18026,1605.561461128755,0.0,8824.438538871245,7554.0,21.0,21.0
2025-08-10 00:00:00,16908,1671.9374115891,0.0,7658.0625884108995,7554.0,3.0,21.0
2025-08-10 01:00:00,16135,678.1124173458281,0.0,7878.887582654172,7554.0,3.0,21.0
2025-08-10 02:00:00,15644,473.3365521033586,0.0,7592.663447896642,7554.0,3.0,21.0
2025-08-10 03:00:00,15376,119.90629581820326,0.0,7678.093704181797,7554.0,3.0,21.0
2025-08-10 04:00:00,15092,103.763145793886,0.0,7410.236854206114,7554.0,3.0,21.0
2025-08-10 05:00:00,15299,1140.5434806624648,0.0,6738.456519337535,7396.0,3.0,21.0
2025-08-10 06:00:00,15859,1020.2250773753972,0.0,7418.774922624603,7396.0,3.0,21.0
2025-08-10 07:00:00,17456,873.1045346262147,0.0,9123.895465373786,7382.0,56.0,21.0
2025-08-10 08:00:00,18787,826.5108851622499,0.0,9361.0,7473.0,127.0,999.4891148377501
2025-08-10 09:00:00,20209,1026.2595141442343,0.0,9361.0,7473.0,198.0,2150.740485855764
2025-08-10 10:00:00,21098,1363.9687799701896,0.0,9361.0,7473.0,269.0,2631.0312200298104
2025-08-10 11:00:00,22009,1619.552303954585,0.0,9361.0,7473.0,270.0,3285.447696045416
2025-08-10 12:00:00,22450,1664.4547817710409,0.0,9361.0,7473.0,270.0,3681.545218228959
2025-08-10 13:00:00,22860,1454.7020599572131,0.0,9361.0,7473.0,270.0,4301.297940042787
2025-08-10 14:00:00,23244,1358.9061548583786,0.0,9361.0,7531.0,270.0,4723.093845141622
2025-08-10 15:00:00,23726,1095.7831897773085,0.0,9361.0,7545.0,270.0,5454.216810222693
2025-08-10 16:00:00,23993,1061.9363138377798,167.0636861622188,9361.0,7545.0,270.0,5588.0
2025-08-10 17:00:00,24063,974.8382882283836,1129.0,9361.0,7545.0,270.0,4783.161711771616
2025-08-10 18:00:00,23824,892.818842015774,1129.0,9361.0,7517.0,270.0,4654.181157984225
2025-08-10 19:00:00,23292,942.8080087211952,1129.0,9361.0,7517.0,270.0,4072.191991278807
2025-08-10 20:00:00,22998,1084.000668328161,510.3363138377802,9361.0,7545.0,270.0,4227.663017834059
2025-08-10 21:00:00,21494,1556.1387977385152,0.0,9361.0,7545.0,270.0,2761.8612022614834
2025-08-10 22:00:00,19966,1545.1500025609537,0.0,9361.0,7545.0,187.0,1327.849997439047
2025-08-10 23:00:00,18880,1321.09244539617,0.0,9340.0,7545.0,104.0,569.9075546038293
2025-08-11 00:00:00,17745,1306.7877112362596,0.0,8851.21228876374,7545.0,21.0,21.0
2025-08-11 01:00:00,16898,306.8727875106449,0.0,9022.127212489355,7545.0,3.0,21.0
2025-08-11 02:00:00,16259,355.22144436779126,0.0,8358.778555632209,7521.0,3.0,21.0
2025-08-11 03:00:00,16089,132.79906400675804,0.0,8411.200935993242,7521.0,3.0,21.0
2025-08-11 04:00:00,16390,36.87100499996973,0.0,8808.12899500003,7521.0,3.0,21.0
2025-08-11 05:00:00,17198,1040.757201235491,0.0,8693.24279876451,7387.0,56.0,21.0
2025-08-11 06:00:00,18536,1034.2262987778015,0.0,9355.0,7387.0,127.0,632.7737012221987
2025-08-11 07:00:00,19946,776.3212314981957,0.0,9355.0,7440.0,198.0,2176.678768501806
2025-08-11 08:00:00,21262,648.8660119883156,0.0,9355.0,7440.0,269.0,3549.1339880116866
2025-08-11 09:00:00,22240,716.0697802547329,0.0,9355.0,7440.0,270.0,4458.930219745267
2025-08-11 10:00:00,22975,902.771433457522,0.0,9355.0,7440.0,270.0,5007.228566542479
2025-08-11 11:00:00,23484,1122.6897981988227,0.0,9355.0,7440.0,270.0,5296.310201801178
2025-08-11 12:00:00,24493,1455.4448867548924,56.55511324510735,9355.0,7440.0,270.0,5916.0
2025-08-11 13:00:00,24270,1641.2275242432252,0.0,9355.0,7344.0,270.0,5659.772475756774
2025-08-11 14:00:00,24107,1918.7307218448027,0.0,9355.0,7344.0,270.0,5219.269278155196
2025-08-11 15:00:00,24094,1944.0216404560608,0.0,9355.0,7431.0,270.0,5093.97835954394
2025-08-11 16:00:00,24500,1795.7696028309344,571.1456509887274,9332.0,7408.0,270.0,5123.084746180336
2025-08-11 17:00:00,24789,1421.0347399749198,1129.0,9332.0,7273.0,270.0,5363.965260025081
2025-08-11 18:00:00,24584,953.2953106496316,1129.0,9332.0,7109.0,270.0,5790.704689350368
2025-08-11 19:00:00,24101,1061.401375309603,324.59862469039945,9332.0,7246.0,270.0,5867.0
2025-08-11 20:00:00,23762,1231.2532522386546,0.0,9304.0,7246.0,270.0,5710.746747761346
2025-08-11 21:00:00,22427,1231.157360624626,0.0,9304.0,7304.0,270.0,4317.842639375376
2025-08-11 22:00:00,20925,1158.09804752025,0.0,9304.0,7275.0,270.0,2917.9019524797477
2025-08-11 23:00:00,19529,1161.7297280148496,0.0,9304.0,7275.0,270.0,1518.2702719851513
2025-08-12 00:00:00,18577,1142.2522236354223,0.0,9304.0,7400.0,187.0,543.7477763645802
2025-08-12 01:00:00,17795,1063.357015477342,0.0,9219.642984522658,7385.0,104.0,23.0
2025-08-12 02:00:00,17245,358.0,0.0,9304.0,7385.0,175.0,23.0
2025-08-12 03:00:00,17087,164.0,0.0,9304.0,7385.0,211.0,23.0
2025-08-12 04:00:00,17362,538.5829725422612,0.0,9287.41702745774,7385.0,128.0,23.0
2025-08-12 05:00:00,18080,349.181637730449,0.0,9304.0,7385.0,199.0,842.8183622695506
2025-08-12 06:00:00,19177,340.4759587213782,0.0,9304.0,7300.0,270.0,1962.5240412786225
2025-08-12 07:00:00,20481,385.4871405683056,0.0,9304.0,7300.0,270.0,3221.5128594316957
2025-08-12 08:00:00,21648,471.8684451197566,0.0,9304.0,7300.0,270.0,4302.131554880245
2025-08-12 09:00:00,22747,623.2229924558972,33.77700754410398,9304.0,7315.0,270.0,5201.0
2025-08-12 10:00:00,23367,938.3666359337782,0.0,9304.0,7315.0,270.0,5539.63336406622
2025-08-12 11:00:00,23781,1148.002743220963,0.0,9304.0,7315.0,270.0,5743.997256779039
2025-08-12 12:00:00,24006,1412.8913401077173,0.0,9304.0,7313.0,270.0,5706.108659892285
2025-08-12 13:00:00,23894,1631.7608472027018,0.0,9304.0,7330.0,270.0,5358.239152797298
2025-08-12 14:00:00,23973,1253.505356422953,0.0,9304.0,7330.0,270.0,5815.494643577047
2025-08-12 15:00:00,23233,841.306885752226,0.0,9304.0,7306.0,270.0,5511.693114247773
2025-08-12 16:00:00,22874,651.7123956334351,0.0,9304.0,7391.0,270.0,5257.287604366564
2025-08-12 17:00:00,23312,571.5155242040862,979.349879453956,9304.0,7464.0,270.0,4723.134596341958
2025-08-12 18:00:00,23726,502.1129829159459,1129.0,9304.0,7464.0,270.0,5056.887017084053
2025-08-12 19:00:00,23594,702.655317585054,0.0,9304.0,7464.0,270.0,5853.344682414947
2025-08-12 20:00:00,23084,1158.874124914894,0.0,9304.0,7464.0,270.0,4887.125875085105
2025-08-12 21:00:00,21846,1537.1439403606564,0.0,9304.0,7464.0,270.0,3270.8560596393436
2025-08-12 22:00:00,20493,1252.8065097505676,0.0,9304.0,7464.0,270.0,2202.193490249432
2025-08-12 23:00:00,19212,904.9714880920454,0.0,9304.0,6641.0,187.0,2175.0285119079563
2025-08-13 00:00:00,18288,738.4274703323867,0.0,9304.0,7431.0,104.0,710.5725296676137
2025-08-13 01:00:00,17551,774.2070401598905,0.0,9302.79295984011,7431.0,21.0,22.0
2025-08-13 02:00:00,16938,534.9774413482335,0.0,8948.022558651766,7431.0,3.0,21.0
2025-08-13 03:00:00,16681,-0.0,0.0,9226.0,7431.0,3.0,21.0
2025-08-13 04:00:00,16690,-0.0,0.0,9182.0,7431.0,56.0,21.0
2025-08-13 05:00:00,17468,520.910913528673,0.0,9304.0,7431.0,127.0,85.08908647132921
2025-08-13 06:00:00,18662,531.6226127790973,0.0,9304.0,7297.0,198.0,1331.3773872209022
2025-08-13 07:00:00,19399,325.56711850397,0.0,9324.0,7297.0,269.0,2183.4328814960318
2025-08-13 08:00:00,19904,316.63083126004443,0.0,9307.0,7203.0,270.0,2807.369168739955
2025-08-13 09:00:00,20430,414.5274073328261,0.0,9307.0,7249.0,270.0,3189.4725926671745
2025-08-13 10:00:00,21016,363.542346583802,0.0,9307.0,7277.0,270.0,3798.457653416197
2025-08-13 11:00:00,21758,425.44700012301655,0.0,9307.0,7277.0,270.0,4478.552999876985
2025-08-13 12:00:00,22120,455.9640602410078,0.0,9307.0,7258.0,270.0,4829.035939758993
2025-08-13 13:00:00,22768,510.5844365819528,0.0,9307.0,7291.0,270.0,5389.415563418046
2025-08-13 14:00:00,22905,711.9609582453277,0.0,9307.0,7258.0,270.0,5358.039041754673
2025-08-13 15:00:00,23389,885.8540226094384,0.0,9307.0,7248.0,270.0,5678.145977390563
2025-08-13 16:00:00,23843,973.7228025770104,553.2761537242076,9307.0,7356.0,270.0,5383.001043698783
2025-08-13 17:00:00,23752,811.3334108146732,250.6665891853263,9307.0,7380.0,270.0,5733.0
2025-08-13 18:00:00,23259,692.326059714699,0.0,9307.0,7384.0,270.0,5605.673940285302
2025-08-13 19:00:00,22657,745.3483863856767,0.0,9307.0,7384.0,270.0,4950.6516136143255
2025-08-13 20:00:00,21983,578.1023579113144,0.0,9337.0,7367.0,270.0,4430.897642088687
2025-08-13 21:00:00,20438,640.1412079644354,0.0,9352.0,7367.0,187.0,2891.858792035564
2025-08-13 22:00:00,18796,634.9658432293717,0.0,9352.0,7367.0,104.0,1338.0341567706273
2025-08-13 23:00:00,17304,795.4127800742548,0.0,9096.587219925746,7370.0,21.0,21.0
2025-08-14 00:00:00,16122,-0.0,0.0,8986.0,7112.0,3.0,21.0
2025-08-14 01:00:00,15543,-0.0,0.0,8153.0,7370.0,3.0,17.0
2025-08-14 02:00:00,15109,-0.0,0.0,7715.0,7370.0,3.0,21.0
2025-08-14 03:00:00,14950,-0.0,0.0,7556.0,7370.0,3.0,21.0
2025-08-14 04:00:00,15186,-0.0,0.0,7871.0,7291.0,3.0,21.0
2025-08-14 05:00:00,15846,-0.0,0.0,8531.0,7291.0,3.0,21.0
2025-08-14 06:00:00,16944,763.3661398441872,0.0,8951.633860155813,7152.0,56.0,21.0
2025-08-14 07:00:00,18094,596.069594725271,0.0,9392.0,7026.0,127.0,952.9304052747284
2025-08-14 08:00:00,18718,480.26009478128935,0.0,9352.0,7106.0,198.0,1581.7399052187102
2025-08-14 09:00:00,19491,528.0951964323402,0.0,9352.0,7199.0,269.0,2142.9048035676606
2025-08-14 10:00:00,20118,544.481107462685,0.0,9369.0,7199.0,270.0,2735.518892537315
2025-08-14 11:00:00,20723,544.3965841047363,0.0,9369.0,7286.0,270.0,3253.6034158952643
2025-08-14 12:00:00,21363,553.7422995399936,0.0,9359.0,7244.0,270.0,3936.257700460006
2025-08-14 13:00:00,21609,574.4850126412877,0.0,9329.0,7276.0,270.0,4159.514987358714
2025-08-14 14:00:00,21883,559.690675954509,0.0,9329.0,7137.0,270.0,4587.309324045491
2025-08-14 15:00:00,22395,512.7966994716734,0.0,9329.0,7335.0,270.0,4948.2033005283265
2025-08-14 16:00:00,22834,459.3032904654467,1129.0,9329.0,7367.0,270.0,4279.6967095345535
2025-08-14 17:00:00,22949,325.3582653500158,1129.0,9314.0,7389.0,270.0,4521.641734649984
2025-08-14 18:00:00,22532,245.64865613183864,1129.0,9314.0,7334.0,270.0,4239.351343868162
2025-08-14 19:00:00,21855,297.32414800623394,413.7938665230268,9314.0,7334.0,270.0,4225.881985470738
2025-08-14 20:00:00,21129,395.35665487621213,0.0,9359.0,7334.0,270.0,3770.64334512379
2025-08-14 21:00:00,19681,384.72639124852,0.0,9374.0,7334.0,270.0,2318.2736087514786
2025-08-14 22:00:00,18301,438.9054062396208,0.0,9394.0,7334.0,187.0,947.0945937603792
2025-08-14 23:00:00,16936,100.0,0.0,9374.0,7337.0,104.0,21.0
2025-08-15 00:00:00,16017,-0.0,0.0,8638.0,7337.0,21.0,21.0
2025-08-15 01:00:00,15342,-0.0,0.0,7981.0,7337.0,3.0,21.0
2025-08-15 02:00:00,14913,-0.0,0.0,7552.0,7337.0,3.0,21.0
2025-08-15 03:00:00,14654,-0.0,0.0,7293.0,7337.0,3.0,21.0
2025-08-15 04:00:00,15001,-0.0,0.0,7640.0,7337.0,3.0,21.0
2025-08-15 05:00:00,15574,-0.0,0.0,8213.0,7337.0,3.0,21.0
2025-08-15 06:00:00,16420,-0.0,0.0,9006.0,7337.0,56.0,21.0
2025-08-15 07:00:00,17559,448.3434199994491,0.0,9334.0,7337.0,127.0,312.6565800005519
2025-08-15 08:00:00,18487,387.004250717772,0.0,9341.0,7337.0,198.0,1223.9957492822286
2025-08-15 09:00:00,19465,447.6588274153579,0.0,9331.0,7366.0,269.0,2051.3411725846418
2025-08-15 10:00:00,20208,501.0627494600452,0.0,9331.0,7421.0,270.0,2684.937250539955
2025-08-15 11:00:00,20799,546.3577477474014,0.0,9331.0,7355.0,270.0,3296.6422522525972
2025-08-15 12:00:00,21453,550.7068517914577,0.0,9331.0,7355.0,270.0,3946.2931482085405
2025-08-15 13:00:00,21805,612.9805662579893,0.0,9331.0,7321.0,270.0,4270.019433742011
2025-08-15 14:00:00,22194,564.7120758989976,0.0,9331.0,7527.0,270.0,4501.287924101001
2025-08-15 15:00:00,22717,520.2673156883549,897.2537739961201,9331.0,7527.0,270.0,4171.478910315526
2025-08-15 16:00:00,23257,467.0886178674127,1129.0,9331.0,7527.0,270.0,4532.911382132588
2025-08-15 17:00:00,23110,361.9130774400392,1129.0,9331.0,7527.0,270.0,4491.08692255996
2025-08-15 18:00:00,22670,255.14081854793864,1129.0,9331.0,7527.0,270.0,4157.859181452062
2025-08-15 19:00:00,21945,255.39015129867036,0.0,9321.0,7527.0,270.0,4571.60984870133
2025-08-15 20:00:00,21281,311.06250621093903,0.0,9321.0,7527.0,270.0,3851.9374937890607
2025-08-15 21:00:00,19915,343.9836123785661,0.0,9377.0,7527.0,245.0,2422.0163876214356
2025-08-15 22:00:00,18232,404.36349685118046,0.0,9377.0,7527.0,162.0,761.6365031488203
2025-08-15 23:00:00,17004,-0.0,0.0,9377.0,7527.0,79.0,21.0
2025-08-16 00:00:00,16054,-0.0,0.0,8503.0,7527.0,3.0,21.0
2025-08-16 01:00:00,15515,-0.0,0.0,8162.0,7329.0,3.0,21.0
2025-08-16 02:00:00,14899,-0.0,0.0,7546.0,7329.0,3.0,21.0
2025-08-16 03:00:00,14600,-0.0,0.0,7247.0,7329.0,3.0,21.0
2025-08-16 04:00:00,14550,-0.0,0.0,7197.0,7329.0,3.0,21.0
2025-08-16 05:00:00,14852,-0.0,0.0,7499.0,7329.0,3.0,21.0
2025-08-16 06:00:00,15379,-0.0,0.0,8026.0,7329.0,3.0,21.0
2025-08-16 07:00:00,16262,-0.0,0.0,8856.0,7329.0,56.0,21.0
2025-08-16 08:00:00,17638,387.72203875861146,0.0,9377.0,7329.0,127.0,417.27796124138695
2025-08-16 09:00:00,18887,497.16604461184454,0.0,9377.0,7329.0,198.0,1485.833955388156
2025-08-16 10:00:00,20024,595.558442836144,0.0,9377.0,7329.0,269.0,2453.4415571638565
2025-08-16 11:00:00,20886,580.0104887353202,0.0,9377.0,7329.0,270.0,3329.989511264681
2025-08-16 12:00:00,21233,592.7020444282632,0.0,9377.0,7271.0,270.0,3722.2979555717357
2025-08-16 13:00:00,21673,765.2786831690137,0.0,9377.0,7271.0,270.0,3989.7213168309863
2025-08-16 14:00:00,22214,743.6598817999403,0.0,9377.0,7271.0,270.0,4552.34011820006
2025-08-16 15:00:00,22698,601.2563845493748,1027.2324561816515,9377.0,7469.0,270.0,3953.511159268973
2025-08-16 16:00:00,23070,552.9321097519999,1129.0,9377.0,7469.0,270.0,4272.0678902479995
2025-08-16 17:00:00,23079,548.5764873028427,1129.0,9321.0,7469.0,270.0,4341.423512697158
2025-08-16 18:00:00,22579,440.3574011752901,0.0,9321.0,7469.0,270.0,5078.64259882471
2025-08-16 19:00:00,21887,599.623125944814,0.0,9321.0,7469.0,270.0,4227.376874055186
2025-08-16 20:00:00,21173,943.323194408393,0.0,9321.0,7271.0,270.0,3367.6768055916073
2025-08-16 21:00:00,20068,822.4616709247948,0.0,9321.0,7329.0,256.7643200066268,2338.77400906858
2025-08-16 22:00:00,18624,1026.9387386398314,0.0,9321.0,7329.0,173.7643200066268,773.2969413535429
2025-08-16 23:00:00,17627,865.2356799933733,0.0,9321.0,7329.0,90.7643200066268,21.0
2025-08-17 00:00:00,16747,866.6104984208655,0.0,8522.625181572508,7329.0,7.764320006626804,21.0
2025-08-17 01:00:00,16133,717.0698593917891,0.0,8062.93014060821,7329.0,3.0,21.0
2025-08-17 02:00:00,15765,703.9287604304025,0.0,7709.071239569597,7329.0,2.0,21.0
2025-08-17 03:00:00,15597,-0.0,0.0,8245.0,7329.0,2.0,21.0
2025-08-17 04:00:00,15437,67.9254684184707,0.0,8016.074531581529,7329.0,3.0,21.0
2025-08-17 05:00:00,15474,-0.0,0.0,8121.0,7329.0,3.0,21.0
2025-08-17 06:00:00,15791,48.00465022096637,0.0,8389.995349779034,7329.0,3.0,21.0
2025-08-17 07:00:00,16477,1304.2507787079371,0.0,7892.749221292062,7257.0,2.0,21.0
2025-08-17 08:00:00,17211,1212.0890997300476,0.0,8718.910900269952,7257.0,2.0,21.0
2025-08-17 09:00:00,17950,1714.1005906359549,0.0,8954.899409364045,7257.0,3.0,21.0
2025-08-17 10:00:00,18607,2045.4944951370092,0.0,9280.505504862991,7257.0,3.0,21.0
2025-08-17 11:00:00,18949,2131.625512400029,215.37448759996911,9321.0,7257.0,3.0,21.0
2025-08-17 12:00:00,19001,2311.888476262129,145.111523737869,9321.0,7199.0,3.0,21.0
2025-08-17 13:00:00,18371,2485.438062257736,0.0,8662.561937742264,7199.0,3.0,21.0
2025-08-17 14:00:00,18248,2280.045420757659,0.0,8744.954579242341,7199.0,3.0,21.0
2025-08-17 15:00:00,18136,2995.347758378487,0.0,7731.652241621512,7385.0,3.0,21.0
2025-08-17 16:00:00,18516,2788.278720969466,0.0,8318.721279030535,7385.0,3.0,21.0
2025-08-17 17:00:00,19103,2329.887035429796,968.671217312926,8395.441747257279,7385.0,3.0,21.0
2025-08-17 18:00:00,19009,2072.31712051128,1129.0,8452.68287948872,7331.0,3.0,21.0
2025-08-17 19:00:00,18516,2012.2571558842112,1129.0,8020.74284411579,7331.0,2.0,21.0
2025-08-17 20:00:00,17738,1499.4708359937715,0.0,9082.529164006228,7133.0,2.0,21.0
2025-08-17 21:00:00,16626,1881.820572982596,0.0,7587.179427017403,7133.0,3.0,21.0
2025-08-17 22:00:00,15546,1987.9131274935728,0.0,6347.086872506428,7187.0,3.0,21.0
2025-08-17 23:00:00,14430,1964.36526187084,0.0,5196.63473812916,7245.0,3.0,21.0
2025-08-18 00:00:00,13571,2207.377669876887,0.0,4094.622330123113,7245.0,3.0,21.0
2025-08-18 01:00:00,13360,703.3356968948763,0.0,5387.6643031051235,7245.0,3.0,21.0
2025-08-18 02:00:00,13052,742.9317067872873,0.0,5040.068293212713,7245.0,3.0,21.0
2025-08-18 03:00:00,12834,979.879264078464,0.0,4586.120735921536,7245.0,2.0,21.0
2025-08-18 04:00:00,13329,1005.1110484091988,0.0,5055.888951590801,7245.0,2.0,21.0
2025-08-18 05:00:00,14063,2247.7537628183863,0.0,4547.246237181615,7245.0,2.0,21.0
2025-08-18 06:00:00,14803,2105.403753784027,0.0,5575.596246215973,7098.0,3.0,21.0
2025-08-18 07:00:00,15572,1874.8786237113625,0.0,6845.121376288638,6828.0,3.0,21.0
2025-08-18 08:00:00,15935,1648.4276280467948,0.0,7512.572371953205,6751.0,2.0,21.0
2025-08-18 09:00:00,15962,1816.6847757510172,0.0,7305.315224248983,6818.0,1.0,21.0
2025-08-18 10:00:00,16405,1575.6375766991596,0.0,7988.362423300841,6818.0,2.0,21.0
2025-08-18 11:00:00,16873,1331.504836914222,0.0,8699.495163085778,6818.0,3.0,21.0
2025-08-18 12:00:00,17139,1249.7899918322578,0.0,9002.210008167742,6863.0,3.0,21.0
2025-08-18 13:00:00,17318,1224.2303900288605,0.0,9105.76960997114,6965.0,2.0,21.0
2025-08-18 14:00:00,17457,1135.1598978045365,0.0,9290.840102195463,6965.0,45.0,21.0
2025-08-18 15:00:00,18073,971.0678451315324,637.9321548684675,9317.0,6973.0,153.0,21.0
2025-08-18 16:00:00,18932,884.7635369046337,1129.0,9317.0,6915.0,211.0,475.23646309536707
2025-08-18 17:00:00,18769,876.4344583726015,1129.0,9317.0,6893.0,219.0,334.5655416273985
2025-08-18 18:00:00,18401,958.5224463699162,1049.477553630084,9317.0,6893.0,162.0,21.0
2025-08-18 19:00:00,18177,1091.1313325769615,338.8440654975684,9317.0,6893.0,118.0,419.02460192546914
2025-08-18 20:00:00,17574,1366.329271654366,0.0,9284.670728345634,6893.0,9.0,21.0
2025-08-18 21:00:00,16655,1127.1046779030105,0.0,8611.895322096989,6893.0,2.0,21.0
2025-08-18 22:00:00,15455,1305.4284074610084,0.0,7233.571592538992,6893.0,2.0,21.0
2025-08-18 23:00:00,14528,1606.07613208023,0.0,6218.92386791977,6680.0,2.0,21.0
2025-08-19 00:00:00,13886,469.589964616486,0.0,6580.410035383514,6813.0,2.0,21.0
2025-08-19 01:00:00,13403,202.21953369783137,0.0,6363.780466302169,6813.0,3.0,21.0
2025-08-19 02:00:00,13283,0.0,0.0,6446.0,6813.0,3.0,21.0
2025-08-19 03:00:00,13441,924.3545175086296,0.0,5679.645482491371,6813.0,3.0,21.0
2025-08-19 04:00:00,13513,33.97339482364737,0.0,6642.026605176353,6813.0,3.0,21.0
2025-08-19 05:00:00,14322,1153.9668047663854,0.0,6331.033195233615,6813.0,3.0,21.0
2025-08-19 06:00:00,15314,1076.3936896786884,0.0,7483.606310321312,6730.0,3.0,21.0
2025-08-19 07:00:00,16213,890.1643047310079,1013.12688699806,7699.7088082709315,6586.0,3.0,21.0
2025-08-19 08:00:00,16670,644.5525447048961,1129.0,8300.447455295103,6572.0,3.0,21.0
2025-08-19 09:00:00,16910,753.5880528243342,0.0,9317.0,6572.0,74.0,193.41194717566395
2025-08-19 10:00:00,17156,860.0311251880872,0.0,9317.0,6770.0,145.0,63.96887481191152
2025-08-19 11:00:00,17430,966.7353423922192,0.0,9337.0,6779.0,216.0,131.26465760778228
2025-08-19 12:00:00,17928,1123.1627043527956,0.0,9337.0,6830.0,269.0,368.8372956472049
2025-08-19 13:00:00,17759,1159.4960841282273,0.0,9240.0,6717.0,270.0,372.50391587177364
2025-08-19 14:00:00,17693,1124.6006039536446,0.0,9337.0,6958.0,259.39939604635583,14.0
2025-08-19 15:00:00,18175,772.3444141148415,0.0,9337.0,6751.0,270.0,1044.655585885157
2025-08-19 16:00:00,18418,688.6511780279743,0.0,9337.0,6751.0,270.0,1371.3488219720239
2025-08-19 17:00:00,18292,598.1502675847887,0.0,9337.0,6751.0,270.0,1335.8497324152122
2025-08-19 18:00:00,18217,600.1662814368946,0.0,9337.0,6751.0,270.0,1258.8337185631062
2025-08-19 19:00:00,18397,633.7495117737968,1129.0,9337.0,6804.0,208.74004077676364,284.5104474494401
2025-08-19 20:00:00,17979,643.1779118420205,1013.12688699806,9337.0,6804.0,125.74004077676364,55.95516038315634
2025-08-19 21:00:00,16917,719.2599592232383,0.0,9337.0,6804.0,42.740040776763635,14.0
2025-08-19 22:00:00,15879,908.8712374590614,0.0,8149.128762540939,6804.0,3.0,14.0
2025-08-19 23:00:00,15191,869.8826242018815,0.0,7500.117375798119,6804.0,3.0,14.0
2025-08-20 00:00:00,14577,0.0,0.0,7756.0,6804.0,3.0,14.0
2025-08-20 01:00:00,14193,0.0,0.0,7372.0,6804.0,3.0,14.0
2025-08-20 02:00:00,13917,0.0,0.0,7096.0,6804.0,3.0,14.0
2025-08-20 03:00:00,13876,0.0,0.0,6857.0,7002.0,3.0,14.0
2025-08-20 04:00:00,14257,-0.0,0.0,7238.0,7002.0,3.0,14.0
2025-08-20 05:00:00,15196,262.63030515979506,0.0,7914.369694840205,7002.0,3.0,14.0
2025-08-20 06:00:00,16129,822.582349947867,0.0,8549.417650052133,6740.0,3.0,14.0
2025-08-20 07:00:00,16847,858.937904638184,0.0,9285.062095361816,6686.0,3.0,14.0
2025-08-20 08:00:00,16994,979.9124155365234,31.08758446347565,9287.0,6608.0,74.0,14.0
2025-08-20 09:00:00,17073,1144.7367297295364,0.0,9287.0,6567.0,60.263270270465,14.0
2025-08-20 10:00:00,17316,1217.2655217346692,58.47120799486584,9287.0,6608.0,131.263270270465,14.0
2025-08-20 11:00:00,17495,1258.8217632676333,0.0,9287.0,6817.0,118.17823673236853,14.0
2025-08-20 12:00:00,17527,1213.7066352827185,109.29336471728313,9287.0,6817.0,86.0,14.0
2025-08-20 13:00:00,17555,1167.2179693788887,223.7820306211106,9272.0,6875.0,3.0,14.0
2025-08-20 14:00:00,17547,1101.4181580335808,163.58184196642105,9232.0,6962.0,74.0,14.0
2025-08-20 15:00:00,17603,1095.5257196799912,154.4742803200097,9232.0,6962.0,145.0,14.0
2025-08-20 16:00:00,17954,1152.7445677877945,436.21788656337304,9212.0,6962.0,177.037545648832,14.0
2025-08-20 17:00:00,17877,1095.431156071967,345.5312982792028,9212.0,6962.0,248.03754564883198,14.0
2025-08-20 18:00:00,17917,954.4509023949588,609.5115519562103,9212.0,6962.0,165.03754564883212,14.0
2025-08-20 19:00:00,18222,926.6845646282532,1025.2778897229152,9212.0,6962.0,82.03754564883207,14.0
2025-08-20 20:00:00,17814,886.4438549836876,736.5561450163113,9212.0,6962.0,3.0,14.0
2025-08-20 21:00:00,16923,908.6554303153642,0.0,9035.344569684636,6962.0,3.0,14.0
2025-08-20 22:00:00,15882,790.572282920098,0.0,8112.427717079902,6962.0,3.0,14.0
2025-08-20 23:00:00,14766,719.636420911146,0.0,7067.363579088854,6962.0,3.0,14.0
2025-08-21 00:00:00,14031,-0.0,0.0,7128.0,6886.0,3.0,14.0
2025-08-21 01:00:00,13616,-0.0,0.0,6634.0,6965.0,3.0,14.0
2025-08-21 02:00:00,13371,-0.0,0.0,6389.0,6965.0,3.0,14.0
2025-08-21 03:00:00,13443,-0.0,0.0,6461.0,6965.0,3.0,14.0
2025-08-21 04:00:00,13823,-0.0,0.0,6841.0,6965.0,3.0,14.0
2025-08-21 05:00:00,14381,-0.0,0.0,7399.0,6965.0,3.0,14.0
2025-08-21 06:00:00,15414,872.0613467779258,0.0,7667.938653222074,6857.0,3.0,14.0
2025-08-21 07:00:00,16218,1005.9637409370686,0.0,8338.03625906293,6857.0,3.0,14.0
2025-08-21 08:00:00,16290,1032.0319957492088,0.0,8383.968004250792,6857.0,3.0,14.0
2025-08-21 09:00:00,16772,1175.1448497756294,0.0,8722.855150224372,6857.0,3.0,14.0
2025-08-21 10:00:00,17081,1198.5617481061515,0.0,9108.438251893847,6757.0,3.0,14.0
2025-08-21 11:00:00,17270,1234.8804751216776,0.0,9121.119524878322,6844.0,56.0,14.0
2025-08-21 12:00:00,17605,1156.5019566213682,0.0,9105.0,6837.0,127.0,379.49804337863316
2025-08-21 13:00:00,17951,1037.4846320675715,0.0,9202.0,6826.0,198.0,687.5153679324285
2025-08-21 14:00:00,18241,988.2529344898768,0.0,9202.0,6932.0,269.0,849.7470655101242
2025-08-21 15:00:00,18639,959.3508375484336,0.0,9202.0,6932.0,270.0,1275.6491624515656
2025-08-21 16:00:00,19478,918.9144068857428,0.0,9202.0,6943.0,270.0,2144.085593114258
2025-08-21 17:00:00,19597,838.085061621587,0.0,9202.0,6943.0,270.0,2343.9149383784134
2025-08-21 18:00:00,19486,576.9076375049439,1129.0,9202.0,6943.0,270.0,1365.0923624950556
2025-08-21 19:00:00,19084,392.63986010324777,443.50133848712426,9202.0,7043.0,270.0,1732.858801409627
2025-08-21 20:00:00,18525,378.39722269357185,0.0,9202.0,6850.0,270.0,1824.602777306427
2025-08-21 21:00:00,17358,381.38255089385615,0.0,9202.0,6850.0,187.0,737.6174491061429
2025-08-21 22:00:00,16138,13.0,0.0,9202.0,6805.0,104.0,14.0
2025-08-21 23:00:00,15073,-0.0,0.0,8233.0,6805.0,21.0,14.0
2025-08-22 00:00:00,14205,-0.0,0.0,7338.0,6850.0,3.0,14.0
2025-08-22 01:00:00,13766,-0.0,0.0,6899.0,6850.0,3.0,14.0
2025-08-22 02:00:00,13681,-0.0,0.0,6814.0,6850.0,3.0,14.0
2025-08-22 03:00:00,13709,-0.0,0.0,6842.0,6850.0,3.0,14.0
2025-08-22 04:00:00,13786,-0.0,0.0,6919.0,6850.0,3.0,14.0
2025-08-22 05:00:00,14509,-0.0,0.0,7642.0,6850.0,3.0,14.0
2025-08-22 06:00:00,15424,-0.0,0.0,8524.0,6830.0,56.0,14.0
2025-08-22 07:00:00,16338,54.0,0.0,9337.0,6806.0,127.0,14.0
2025-08-22 08:00:00,16986,303.3478903742454,0.0,9337.0,6806.0,198.0,341.65210962575657
2025-08-22 09:00:00,17592,401.73171756897176,0.0,9337.0,6790.0,269.0,794.2682824310286
2025-08-22 10:00:00,18216,553.1479607088874,0.0,9357.0,6799.0,270.0,1236.8520392911123
2025-08-22 11:00:00,18763,536.2374106555307,0.0,9407.0,6775.0,270.0,1774.762589344471
2025-08-22 12:00:00,19176,567.8215651374793,0.0,9347.0,6973.0,270.0,2018.1784348625224
2025-08-22 13:00:00,19548,611.578910003118,0.0,9347.0,7070.0,270.0,2249.421089996882
2025-08-22 14:00:00,19782,590.9115030244395,0.0,9347.0,7070.0,270.0,2504.0884969755607
2025-08-22 15:00:00,20256,544.6051862721479,0.0,9367.0,7070.0,270.0,3004.394813727853
2025-08-22 16:00:00,20922,431.50205929077504,1129.0,9367.0,7070.0,270.0,2654.497940709225
2025-08-22 17:00:00,20808,292.49312712751316,1129.0,9367.0,7070.0,270.0,2679.5068728724873
2025-08-22 18:00:00,20401,235.1388326962564,1129.0,9367.0,7070.0,270.0,2329.861167303745
2025-08-22 19:00:00,19863,293.73566062351546,897.2537739961201,9367.0,6872.0,270.0,2163.010565380365
2025-08-22 20:00:00,19271,377.3507213915128,0.0,9367.0,6872.0,212.0,2442.6492786084855
2025-08-22 21:00:00,18005,427.1135313371991,0.0,9367.0,6872.0,154.0,1184.8864686628003
2025-08-22 22:00:00,16677,507.3851951148257,0.0,9277.614804885176,6870.0,8.0,14.0
2025-08-22 23:00:00,15636,707.3714974982513,0.0,7896.628502501749,7017.0,1.0,14.0
2025-08-23 00:00:00,14667,776.1799335771283,0.0,6921.820066422872,6954.0,1.0,14.0
2025-08-23 01:00:00,14083,804.6146442687265,0.0,6309.385355731273,6954.0,1.0,14.0
2025-08-23 02:00:00,13715,-0.0,0.0,6746.0,6954.0,1.0,14.0
2025-08-23 03:00:00,13382,-0.0,0.0,6413.0,6954.0,1.0,14.0
2025-08-23 04:00:00,13427,74.25817817801908,0.0,6383.741821821981,6954.0,1.0,14.0
2025-08-23 05:00:00,13554,63.07507843939629,0.0,6516.924921560603,6959.0,1.0,14.0
2025-08-23 06:00:00,14291,773.0399308075255,0.0,6707.960069192474,6795.0,1.0,14.0
2025-08-23 07:00:00,15242,1189.931290382979,0.0,7222.068709617021,6815.0,1.0,14.0
2025-08-23 08:00:00,16265,1125.4234752657544,0.0,8111.576524734246,7013.0,1.0,14.0
2025-08-23 09:00:00,17208,1353.0918914480364,0.0,8826.908108551963,7013.0,1.0,14.0
2025-08-23 10:00:00,17607,1753.7915901184208,1129.0,7705.208409881579,7004.0,1.0,14.0
2025-08-23 11:00:00,17759,2217.256972967539,0.0,8513.743027032462,7013.0,1.0,14.0
2025-08-23 12:00:00,17776,2541.8680326248464,0.0,8211.131967375153,7008.0,1.0,14.0
2025-08-23 13:00:00,17942,2644.2132434457253,0.0,8274.786756554275,7008.0,1.0,14.0
2025-08-23 14:00:00,17976,2584.2482879531217,0.0,8368.751712046878,7008.0,1.0,14.0
2025-08-23 15:00:00,18394,2488.0299594077633,0.0,8882.970040592238,7008.0,1.0,14.0
2025-08-23 16:00:00,18466,2581.8570036393976,0.0,8861.142996360602,7008.0,1.0,14.0
2025-08-23 17:00:00,18444,2401.682174437088,0.0,9019.317825562912,7008.0,1.0,14.0
2025-08-23 18:00:00,18052,2047.6122572399504,0.0,8981.38774276005,7008.0,1.0,14.0
2025-08-23 19:00:00,18146,1732.6819716869811,1129.0,8256.318028313019,7013.0,1.0,14.0
2025-08-23 20:00:00,17711,1708.0981884788846,1129.0,7845.901811521115,7013.0,1.0,14.0
2025-08-23 21:00:00,16960,1393.958000047401,897.2537739961201,7640.7882259564785,7013.0,1.0,14.0
2025-08-23 22:00:00,16066,1145.3524900729665,0.0,7892.647509927034,7013.0,1.0,14.0
2025-08-23 23:00:00,15150,1051.8838031363,0.0,7012.1161968637,7071.0,1.0,14.0
2025-08-24 00:00:00,14241,1017.9864394198098,0.0,6195.01356058019,7013.0,1.0,14.0
2025-08-24 01:00:00,13583,15.905316862422865,0.0,6539.094683137577,7013.0,1.0,14.0
2025-08-24 02:00:00,13107,-0.0,0.0,6079.0,7013.0,1.0,14.0
2025-08-24 03:00:00,13042,0.0,0.0,6030.0,6997.0,1.0,14.0
2025-08-24 04:00:00,12931,-0.0,0.0,5919.0,6997.0,1.0,14.0
2025-08-24 05:00:00,13038,-0.0,0.0,6026.0,6997.0,1.0,14.0
2025-08-24 06:00:00,13430,762.7756564846904,0.0,5655.22434351531,6997.0,1.0,14.0
2025-08-24 07:00:00,14299,707.7779864035467,0.0,6579.2220135964535,6997.0,1.0,14.0
2025-08-24 08:00:00,14990,702.4949254544231,0.0,7217.505074545577,7055.0,1.0,14.0
2025-08-24 09:00:00,15822,797.2798937095386,0.0,7954.720106290461,7055.0,1.0,14.0
2025-08-24 10:00:00,16563,950.0112301309462,0.0,8542.988769869055,7055.0,1.0,14.0
2025-08-24 11:00:00,17118,1284.0249227367003,0.0,8763.9750772633,7055.0,1.0,14.0
2025-08-24 12:00:00,17084,1740.3039662533513,0.0,8273.696033746648,7055.0,1.0,14.0
2025-08-24 13:00:00,17007,2031.8851986510872,0.0,7905.114801348913,7055.0,1.0,14.0
2025-08-24 14:00:00,17354,2032.83291136656,0.0,8251.16708863344,7055.0,1.0,14.0
2025-08-24 15:00:00,17754,2092.5217333867886,0.0,8591.478266613212,7055.0,1.0,14.0
2025-08-24 16:00:00,18526,2028.281666348139,1129.0,8298.718333651861,7055.0,1.0,14.0
2025-08-24 17:00:00,18610,2012.7222707473975,1129.0,8596.277729252603,6857.0,1.0,14.0
2025-08-24 18:00:00,18330,1684.6981483643851,1129.0,8702.301851635615,6799.0,1.0,14.0
2025-08-24 19:00:00,17810,1820.8474122590655,897.2537739961201,8290.898813744814,6786.0,1.0,14.0
2025-08-24 20:00:00,17286,1725.8624918293294,0.0,8759.13750817067,6786.0,1.0,14.0
2025-08-24 21:00:00,16197,1677.6156464771109,0.0,7718.38435352289,6786.0,1.0,14.0
2025-08-24 22:00:00,15210,1594.6881928553178,0.0,6814.3118071446825,6786.0,1.0,14.0
2025-08-24 23:00:00,14310,1463.6204835190524,0.0,6045.379516480947,6786.0,1.0,14.0
2025-08-25 00:00:00,13675,1417.8251428995372,0.0,5457.174857100463,6786.0,1.0,13.0
2025-08-25 01:00:00,13230,308.6538590404775,0.0,6121.346140959522,6786.0,1.0,13.0
2025-08-25 02:00:00,12934,467.7388622439023,0.0,5666.261137756098,6786.0,1.0,13.0
2025-08-25 03:00:00,12929,385.3292437976984,0.0,5545.670756202302,6984.0,1.0,13.0
2025-08-25 04:00:00,13291,325.40898927050966,0.0,5967.59101072949,6984.0,1.0,13.0
2025-08-25 05:00:00,14113,1630.9554981381216,0.0,5526.0445018618775,6942.0,1.0,13.0
2025-08-25 06:00:00,15016,1670.0979314656652,0.0,6581.902068534335,6750.0,1.0,13.0
2025-08-25 07:00:00,15812,1654.5292112853183,0.0,7498.4707887146815,6645.0,1.0,13.0
2025-08-25 08:00:00,15989,1908.0501133415023,0.0,7421.949886658498,6645.0,1.0,13.0
2025-08-25 09:00:00,16135,2328.9840274201692,0.0,7147.015972579831,6645.0,1.0,13.0
2025-08-25 10:00:00,16538,2473.6990540718944,0.0,7559.300945928106,6491.0,1.0,13.0
2025-08-25 11:00:00,16875,2597.6327419065587,0.0,7759.367258093442,6504.0,1.0,13.0
2025-08-25 12:00:00,16717,2680.0607254038323,0.0,7458.939274596167,6564.0,1.0,13.0
2025-08-25 13:00:00,16568,2494.1079739933957,0.0,7337.892026006604,6722.0,1.0,13.0
2025-08-25 14:00:00,16803,2149.0356608445263,0.0,7917.964339155475,6722.0,1.0,13.0
2025-08-25 15:00:00,17024,2154.7502742850033,0.0,8133.249725714997,6722.0,1.0,13.0
2025-08-25 16:00:00,17528,2061.475195451515,0.0,8730.524804548484,6722.0,1.0,13.0
2025-08-25 17:00:00,17804,1852.389611853779,1129.0,8086.610388146222,6722.0,1.0,13.0
2025-08-25 18:00:00,17561,1466.90579564139,1129.0,8229.094204358611,6722.0,1.0,13.0
2025-08-25 19:00:00,17417,1330.8533853800266,1129.0,8221.146614619975,6722.0,1.0,13.0
2025-08-25 20:00:00,16603,1084.7112492124809,677.3999999999994,8104.888750787521,6722.0,1.0,13.0
2025-08-25 21:00:00,15654,1243.4616522048143,0.0,7674.5383477951855,6722.0,1.0,13.0
2025-08-25 22:00:00,14551,1391.117756014604,0.0,6451.882243985396,6694.0,1.0,13.0
2025-08-25 23:00:00,13804,1516.40793042893,0.0,5579.59206957107,6694.0,1.0,13.0
2025-08-26 00:00:00,13213,468.0357370216566,0.0,6037.964262978343,6694.0,1.0,12.0
2025-08-26 01:00:00,12862,443.8674131426567,0.0,5711.132586857343,6694.0,1.0,12.0
2025-08-26 02:00:00,12717,144.60023453760095,0.0,5865.399765462399,6694.0,1.0,12.0
2025-08-26 03:00:00,12748,-0.0,0.0,6041.0,6694.0,1.0,12.0
2025-08-26 04:00:00,12966,1015.209366102714,0.0,5243.790633897286,6694.0,1.0,12.0
2025-08-26 05:00:00,13638,1017.654503382548,0.0,5980.345496617452,6627.0,1.0,12.0
2025-08-26 06:00:00,14702,1004.0291710793948,0.0,7193.9708289206055,6490.0,1.0,13.0
2025-08-26 07:00:00,15482,1016.8143109372334,1129.0,6857.185689062768,6465.0,1.0,13.0
2025-08-26 08:00:00,15477,1210.0259043097622,737.5934093126341,7077.3806863776035,6438.0,1.0,13.0
2025-08-26 09:00:00,15522,560.1989934009102,0.0,8540.80100659909,6412.0,1.0,8.0
2025-08-26 10:00:00,15903,1907.7679924369115,0.0,7684.232007563089,6302.0,1.0,8.0
2025-08-26 11:00:00,15905,950.3890547005552,0.0,8507.610945299444,6438.0,1.0,8.0
2025-08-26 12:00:00,16001,1971.4604528490145,0.0,7609.5395471509855,6412.0,0.0,8.0
2025-08-26 13:00:00,15948,1851.406489865011,0.0,7623.59351013499,6465.0,0.0,8.0
2025-08-26 14:00:00,15988,1480.0194754047163,0.0,8037.980524595284,6462.0,0.0,8.0
2025-08-26 15:00:00,16261,1484.849801639854,0.0,8372.150198360145,6396.0,0.0,8.0
2025-08-26 16:00:00,16790,1255.7885958894854,0.0,9130.211404110514,6396.0,0.0,8.0
2025-08-26 17:00:00,16780,964.4718625143448,787.3268869980594,8621.201250487595,6399.0,0.0,8.0
2025-08-26 18:00:00,16754,754.8114387668649,1129.0,8438.188561233135,6424.0,0.0,8.0
2025-08-26 19:00:00,17083,448.8190771742535,1129.0,9073.180922825746,6424.0,0.0,8.0
2025-08-26 20:00:00,16526,381.4473736867643,1129.0,8605.552626313236,6402.0,0.0,8.0
2025-08-26 21:00:00,15550,382.8441295410131,0.0,8757.155870458988,6402.0,0.0,8.0
2025-08-26 22:00:00,14547,411.901468962702,0.0,7725.098531037298,6402.0,0.0,8.0
2025-08-26 23:00:00,13738,-0.0,0.0,7328.0,6402.0,0.0,8.0
2025-08-27 00:00:00,13124,-0.0,0.0,6714.0,6402.0,0.0,8.0
2025-08-27 01:00:00,12740,-0.0,0.0,6330.0,6402.0,0.0,8.0
2025-08-27 02:00:00,12512,-0.0,0.0,6074.0,6430.0,0.0,8.0
2025-08-27 03:00:00,12534,-0.0,0.0,6096.0,6430.0,0.0,8.0
2025-08-27 04:00:00,12961,-0.0,0.0,6523.0,6430.0,0.0,8.0
2025-08-27 05:00:00,13973,-0.0,0.0,7535.0,6430.0,0.0,8.0
2025-08-27 06:00:00,14628,741.3924186663737,0.0,7649.6075813336265,6229.0,0.0,8.0
2025-08-27 07:00:00,15203,690.669844036885,0.0,8288.330155963115,6216.0,0.0,8.0
2025-08-27 08:00:00,15304,628.0125851987792,0.0,8497.98741480122,6170.0,0.0,8.0
2025-08-27 09:00:00,15233,1030.684778976139,0.0,8090.315221023861,6104.0,0.0,8.0
2025-08-27 10:00:00,15424,1083.989450990291,0.0,8128.0105490097085,6204.0,0.0,8.0
2025-08-27 11:00:00,15711,1067.1790552185928,0.0,8431.820944781408,6204.0,0.0,8.0
2025-08-27 12:00:00,15859,1116.461640277265,0.0,8307.538359722736,6427.0,0.0,8.0
2025-08-27 13:00:00,15936,1143.4595026231198,0.0,8357.54049737688,6427.0,0.0,8.0
2025-08-27 14:00:00,16064,1220.1731040862237,0.0,8408.826895913777,6427.0,0.0,8.0
2025-08-27 15:00:00,16666,1404.790084643841,0.0,8757.20991535616,6496.0,0.0,8.0
2025-08-27 16:00:00,17142,1473.4261521801543,900.3033618483008,8089.270485971545,6671.0,0.0,8.0
2025-08-27 17:00:00,17396,1378.2576429986352,1129.0,8209.742357001365,6671.0,0.0,8.0
2025-08-27 18:00:00,17335,1262.7470208676743,1129.0,8264.252979132325,6671.0,0.0,8.0
2025-08-27 19:00:00,17124,1656.8558603494455,0.0,8788.144139650554,6671.0,0.0,8.0
2025-08-27 20:00:00,16412,2107.3386002738066,0.0,7973.661399726194,6323.0,0.0,8.0
2025-08-27 21:00:00,15266,2283.2218864057813,0.0,6538.778113594219,6436.0,0.0,8.0
2025-08-27 22:00:00,14393,2236.427795485378,0.0,6348.572204514622,5800.0,0.0,8.0
2025-08-27 23:00:00,13584,2228.6938038491776,0.0,4924.306196150823,6423.0,0.0,8.0
2025-08-28 00:00:00,13029,1144.374754583209,0.0,5419.625245416791,6457.0,0.0,8.0
2025-08-28 01:00:00,12601,1149.0287501177932,0.0,4973.971249882206,6470.0,0.0,8.0
2025-08-28 02:00:00,12722,914.1230229851284,0.0,5329.876977014872,6470.0,0.0,8.0
2025-08-28 03:00:00,12712,826.9665181251085,0.0,5407.033481874892,6470.0,0.0,8.0
2025-08-28 04:00:00,13032,1927.5787769747117,0.0,4626.421223025289,6470.0,0.0,8.0
2025-08-28 05:00:00,13810,2142.619972114066,0.0,5255.380027885934,6404.0,0.0,8.0
2025-08-28 06:00:00,14964,2095.883622135735,0.0,6481.116377864266,6379.0,0.0,8.0
2025-08-28 07:00:00,15651,1705.3055943658485,0.0,7448.694405634153,6489.0,0.0,8.0
2025-08-28 08:00:00,15924,1619.2983796918063,0.0,7973.701620308193,6323.0,0.0,8.0
2025-08-28 09:00:00,16274,1788.1254686075124,0.0,8153.874531392487,6324.0,0.0,8.0
2025-08-28 10:00:00,16510,1710.018835274162,0.0,8467.981164725838,6324.0,0.0,8.0
2025-08-28 11:00:00,16654,1625.9112045975555,0.0,8671.088795402444,6349.0,0.0,8.0
2025-08-28 12:00:00,16955,1463.9821184378886,0.0,9134.017881562111,6349.0,0.0,8.0
2025-08-28 13:00:00,16670,1588.7824570651906,0.0,8724.21754293481,6349.0,0.0,8.0
2025-08-28 14:00:00,16544,1486.9643069235522,0.0,8700.035693076448,6349.0,0.0,8.0
2025-08-28 15:00:00,16718,1292.3377886861178,0.0,8902.662211313882,6515.0,0.0,8.0
2025-08-28 16:00:00,17009,1333.5465207697548,897.2537739961201,8255.199705234125,6515.0,0.0,8.0
2025-08-28 17:00:00,17008,1263.0014730949874,1129.0,8024.998526905012,6582.0,1.0,8.0
2025-08-28 18:00:00,16911,1235.481709531358,1129.0,7952.518290468641,6585.0,1.0,8.0
2025-08-28 19:00:00,17028,1222.121373100645,1129.0,7901.878626899355,6766.0,1.0,8.0
2025-08-28 20:00:00,16569,1243.8138623475456,0.0,8864.186137652454,6452.0,1.0,8.0
2025-08-28 21:00:00,15599,1233.4468903587724,0.0,7590.553109641228,6766.0,1.0,8.0
2025-08-28 22:00:00,14627,1251.783606496429,0.0,7552.216393503571,5814.0,1.0,8.0
2025-08-28 23:00:00,13717,-0.0,0.0,7258.0,6450.0,1.0,8.0
2025-08-29 00:00:00,13182,0.0,0.0,6724.0,6449.0,1.0,8.0
2025-08-29 01:00:00,12834,-0.0,0.0,6376.0,6449.0,1.0,8.0
2025-08-29 02:00:00,12773,-0.0,0.0,6315.0,6449.0,1.0,8.0
2025-08-29 03:00:00,12751,-0.0,0.0,6293.0,6449.0,1.0,8.0
2025-08-29 04:00:00,12988,0.0,0.0,6530.0,6449.0,1.0,8.0
2025-08-29 05:00:00,13842,279.9412351552429,0.0,7104.058764844757,6449.0,1.0,8.0
2025-08-29 06:00:00,14763,564.9170570658091,0.0,7740.082942934191,6449.0,1.0,8.0
2025-08-29 07:00:00,15359,451.929424990827,0.0,8600.070575009173,6298.0,1.0,8.0
2025-08-29 08:00:00,15379,628.8274499719969,0.0,8442.172550028003,6299.0,1.0,8.0
2025-08-29 09:00:00,15359,861.0698555796457,0.0,8189.930144420354,6299.0,1.0,8.0
2025-08-29 10:00:00,15483,923.7500830798408,0.0,8265.249916920158,6285.0,1.0,8.0
2025-08-29 11:00:00,15541,982.1842855559836,0.0,8261.815714444016,6288.0,1.0,8.0
2025-08-29 12:00:00,15267,1147.333667000362,0.0,7807.666332999638,6303.0,1.0,8.0
2025-08-29 13:00:00,15111,1253.6144179619291,0.0,7413.38558203807,6435.0,1.0,8.0
2025-08-29 14:00:00,15033,1148.9374557774763,0.0,7414.062544222524,6461.0,1.0,8.0
2025-08-29 15:00:00,15372,1158.4028433054095,0.0,7771.59715669459,6433.0,1.0,8.0
2025-08-29 16:00:00,15890,1105.7710951773242,0.0,8342.228904822676,6433.0,1.0,8.0
2025-08-29 17:00:00,16145,795.2872064224422,785.7429495351078,8187.969844042449,6367.0,1.0,8.0
2025-08-29 18:00:00,16160,533.8580649288854,1129.0,8024.141935071115,6464.0,1.0,8.0
2025-08-29 19:00:00,16330,466.8958575954432,1129.0,8261.104142404558,6464.0,1.0,8.0
2025-08-29 20:00:00,15915,447.64193570761927,1129.0,8063.358064292381,6266.0,1.0,8.0
2025-08-29 21:00:00,15110,432.65877901970566,0.0,8402.341220980295,6266.0,1.0,8.0
2025-08-29 22:00:00,14294,461.16283163480904,0.0,7557.837168365191,6266.0,1.0,8.0
2025-08-29 23:00:00,13289,-0.0,0.0,7014.0,6266.0,1.0,8.0
2025-08-30 00:00:00,12695,-0.0,0.0,6420.0,6266.0,1.0,8.0
2025-08-30 01:00:00,12388,-0.0,0.0,6113.0,6266.0,1.0,8.0
2025-08-30 02:00:00,12192,-0.0,0.0,5917.0,6266.0,1.0,8.0
2025-08-30 03:00:00,12170,-0.0,0.0,5895.0,6266.0,1.0,8.0
2025-08-30 04:00:00,12385,-0.0,0.0,6110.0,6266.0,1.0,8.0
2025-08-30 05:00:00,12698,-0.0,0.0,6510.0,6179.0,1.0,8.0
2025-08-30 06:00:00,13398,-0.0,0.0,7104.0,6285.0,1.0,8.0
2025-08-30 07:00:00,13565,-0.0,0.0,7271.0,6285.0,1.0,8.0
2025-08-30 08:00:00,13812,339.6337700228876,0.0,7178.366229977112,6285.0,1.0,8.0
2025-08-30 09:00:00,13985,512.5816626528915,0.0,7178.418337347109,6285.0,1.0,8.0
2025-08-30 10:00:00,14142,664.1006090349474,0.0,7183.899390965053,6285.0,1.0,8.0
2025-08-30 11:00:00,14249,707.5674297230798,0.0,7160.43257027692,6372.0,1.0,8.0
2025-08-30 12:00:00,14071,749.5139756110664,0.0,6940.486024388933,6372.0,1.0,8.0
2025-08-30 13:00:00,14060,813.6368519673133,0.0,6865.363148032687,6372.0,1.0,8.0
2025-08-30 14:00:00,14134,-0.0,0.0,7753.0,6372.0,1.0,8.0
2025-08-30 15:00:00,14561,848.6425823543998,0.0,7331.3574176456,6372.0,1.0,8.0
2025-08-30 16:00:00,15443,566.3055924019628,0.0,8495.694407598037,6372.0,1.0,8.0
2025-08-30 17:00:00,15809,370.49247911868974,1007.7661444686634,8049.741376412647,6372.0,1.0,8.0
2025-08-30 18:00:00,15802,281.181317132987,1129.0,8010.818682867013,6372.0,1.0,8.0
2025-08-30 19:00:00,15705,249.28782126389643,1129.0,7945.712178736104,6372.0,1.0,8.0
2025-08-30 20:00:00,15266,232.84243917749248,0.0,8988.157560822507,6036.0,1.0,8.0
2025-08-30 21:00:00,14715,223.4631853242282,0.0,8132.536814675772,6350.0,1.0,8.0
2025-08-30 22:00:00,13835,-0.0,0.0,7808.0,6018.0,1.0,8.0
2025-08-30 23:00:00,13190,-0.0,0.0,6841.0,6340.0,1.0,8.0
2025-08-31 00:00:00,12674,-0.0,0.0,6325.0,6340.0,1.0,8.0
2025-08-31 01:00:00,12345,-0.0,0.0,5996.0,6340.0,1.0,8.0
2025-08-31 02:00:00,12185,-0.0,0.0,5836.0,6340.0,1.0,8.0
2025-08-31 03:00:00,12133,-0.0,0.0,5784.0,6340.0,1.0,8.0
2025-08-31 04:00:00,12209,-0.0,0.0,5862.0,6338.0,1.0,8.0
2025-08-31 05:00:00,12340,-0.0,0.0,5984.0,6347.0,1.0,8.0
2025-08-31 06:00:00,12571,-0.0,0.0,6244.0,6318.0,1.0,8.0
2025-08-31 07:00:00,13027,-0.0,0.0,6700.0,6318.0,1.0,8.0
2025-08-31 08:00:00,13265,-0.0,0.0,6938.0,6318.0,1.0,8.0
2025-08-31 09:00:00,13532,-0.0,0.0,7176.0,6347.0,1.0,8.0
2025-08-31 10:00:00,13754,-0.0,0.0,7398.0,6347.0,1.0,8.0
2025-08-31 11:00:00,14059,0.0,0.0,7703.0,6347.0,1.0,8.0
2025-08-31 12:00:00,14141,0.0,0.0,7785.0,6347.0,1.0,8.0
2025-08-31 13:00:00,14383,482.4903775408199,0.0,7544.50962245918,6347.0,1.0,8.0
2025-08-31 14:00:00,14764,505.6297286366212,0.0,7902.370271363378,6347.0,1.0,8.0
2025-08-31 15:00:00,15441,491.00548702055806,0.0,8593.994512979443,6347.0,1.0,8.0
2025-08-31 16:00:00,16314,371.7592287317386,1129.0,8457.240771268262,6347.0,1.0,8.0
2025-08-31 17:00:00,16710,248.89921094161872,1129.0,8976.100789058382,6347.0,1.0,8.0
2025-08-31 18:00:00,16515,162.35770161808156,1129.0,8787.642298381917,6427.0,1.0,8.0
2025-08-31 19:00:00,16192,201.6886500977215,771.744290302554,8782.567059599725,6427.0,1.0,8.0
2025-08-31 20:00:00,15641,232.004583236885,0.0,8972.995416763115,6427.0,1.0,8.0
2025-08-31 21:00:00,14934,268.0378616810982,0.0,8229.9621383189,6427.0,1.0,8.0
2025-08-31 22:00:00,14104,-0.0,0.0,7668.0,6427.0,1.0,8.0
2025-08-31 23:00:00,13268,-0.0,0.0,6832.0,6427.0,1.0,8.0
2025-09-01 00:00:00,12784,-0.0,0.0,6348.0,6427.0,1.0,8.0
2025-09-01 01:00:00,12420,-0.0,0.0,5984.0,6427.0,1.0,8.0
2025-09-01 02:00:00,12259,-0.0,0.0,5823.0,6427.0,1.0,8.0
2025-09-01 03:00:00,12202,-0.0,0.0,5766.0,6427.0,1.0,8.0
2025-09-01 04:00:00,12262,-0.0,0.0,5826.0,6427.0,1.0,8.0
2025-09-01 05:00:00,12521,-0.0,0.0,6085.0,6427.0,1.0,8.0
2025-09-01 06:00:00,12772,-0.0,0.0,6336.0,6427.0,1.0,8.0
2025-09-01 07:00:00,13232,-0.0,0.0,6796.0,6427.0,1.0,8.0
2025-09-01 08:00:00,13444,-0.0,0.0,7008.0,6427.0,1.0,8.0
2025-09-01 09:00:00,14030,-0.0,0.0,7594.0,6427.0,1.0,8.0
2025-09-01 10:00:00,14415,-0.0,0.0,7979.0,6427.0,1.0,8.0
2025-09-01 11:00:00,14958,504.9641164923811,0.0,8017.035883507619,6427.0,1.0,8.0
2025-09-01 12:00:00,15487,503.1925440310934,0.0,8547.807455968907,6427.0,1.0,8.0
2025-09-01 13:00:00,15547,489.78961469672834,0.0,8621.210385303271,6427.0,1.0,8.0
2025-09-01 14:00:00,15799,514.8676195365433,0.0,8826.169557113928,6427.0,22.962823349527753,8.0
2025-09-01 15:00:00,16804,506.7799944354887,136.70664113623732,9612.0,6427.0,71.96282334952775,49.55054107874659
2025-09-01 16:00:00,17713,421.0371766504711,1129.0,9612.0,6422.0,120.96282334952777,8.0
2025-09-01 17:00:00,17923,292.6888397283632,1129.0,9612.0,6422.0,257.96282334952775,209.34833692211032
2025-09-01 18:00:00,17750,313.7720787357629,1129.0,9612.0,6422.0,265.22792126423883,8.0
2025-09-01 19:00:00,17405,408.22494587587744,760.5471328598833,9612.0,6422.0,194.22792126423883,8.0
2025-09-01 20:00:00,16661,504.27243220217144,0.0,9612.0,6422.0,85.22792126423883,37.49964653358984
2025-09-01 21:00:00,15614,554.4070670532001,0.0,8549.365011682561,6488.0,14.22792126423883,8.0
2025-09-01 22:00:00,14530,-0.0,0.0,8032.0,6488.0,2.0,8.0
2025-09-01 23:00:00,13645,-0.0,0.0,6948.0,6686.0,3.0,8.0
2025-09-02 00:00:00,13157,-0.0,0.0,6502.0,6644.0,3.0,8.0
2025-09-02 01:00:00,12853,-0.0,0.0,6157.0,6685.0,3.0,8.0
2025-09-02 02:00:00,12627,-0.0,0.0,5931.0,6685.0,3.0,8.0
2025-09-02 03:00:00,12687,-0.0,0.0,6049.0,6627.0,3.0,8.0
2025-09-02 04:00:00,13298,-0.0,0.0,6679.0,6608.0,3.0,8.0
2025-09-02 05:00:00,14186,-0.0,0.0,7577.0,6598.0,3.0,8.0
2025-09-02 06:00:00,15422,247.68274517074465,0.0,8618.317254829255,6545.0,3.0,8.0
2025-09-02 07:00:00,15858,288.4271630607584,1129.0,7902.572836939242,6527.0,3.0,8.0
2025-09-02 08:00:00,15886,283.7069244796379,902.4614661619516,8161.831609358412,6527.0,3.0,8.0
2025-09-02 09:00:00,16204,-0.0,0.0,9597.0,6543.0,56.0,8.0
2025-09-02 10:00:00,16732,460.0912849638374,0.0,9612.0,6406.0,127.0,126.9087150361629
2025-09-02 11:00:00,17155,502.10275975626143,0.0,9612.0,6543.0,198.0,299.89724024373936
2025-09-02 12:00:00,17736,542.9198579982251,0.0,9612.0,6543.0,269.0,769.0801420017742
2025-09-02 13:00:00,18015,573.1860329072676,0.0,9612.0,6568.0,270.0,991.813967092734
2025-09-02 14:00:00,18387,521.165253994596,0.0,9612.0,6568.0,270.0,1415.8347460054028
2025-09-02 15:00:00,18931,446.02375285210826,0.0,9612.0,6597.0,270.0,2005.9762471478898
2025-09-02 16:00:00,19302,351.72234501416705,0.0,9612.0,6597.0,270.0,2471.2776549858318
2025-09-02 17:00:00,19199,230.70480995556096,103.40674509376382,9612.0,6597.0,270.0,2385.888444950675
2025-09-02 18:00:00,19098,221.48525952332713,1041.6262955259974,9612.0,6597.0,270.0,1355.8884449506747
2025-09-02 19:00:00,19116,288.73554800830027,1129.0,9612.0,6597.0,270.0,1219.2644519917012
2025-09-02 20:00:00,18332,351.6786960113187,211.434554031508,9612.0,6597.0,199.0,1360.8867499571752
2025-09-02 21:00:00,17099,445.11325004282577,0.0,9607.0,6588.0,128.0,330.8867499571752
2025-09-02 22:00:00,15846,537.7835460818951,0.0,8693.216453918105,6588.0,19.0,8.0
2025-09-02 23:00:00,14739,639.3615411869714,0.0,7501.638458813029,6588.0,2.0,8.0
2025-09-03 00:00:00,13944,-0.0,0.0,7427.0,6508.0,1.0,8.0
2025-09-03 01:00:00,13510,-0.0,0.0,6993.0,6508.0,1.0,8.0
2025-09-03 02:00:00,13188,-0.0,0.0,6671.0,6508.0,1.0,8.0
2025-09-03 03:00:00,13217,-0.0,0.0,6700.0,6508.0,1.0,8.0
2025-09-03 04:00:00,13626,-0.0,0.0,7108.0,6508.0,2.0,8.0
2025-09-03 05:00:00,14567,1156.9340638468093,0.0,6921.065936153191,6479.0,2.0,8.0
2025-09-03 06:00:00,15322,1465.4062994896549,0.0,7684.593700510345,6162.0,2.0,8.0
2025-09-03 07:00:00,15873,1585.2614099265477,0.0,8116.7385900734525,6162.0,1.0,8.0
2025-09-03 08:00:00,16272,1549.274114182546,0.0,8655.725885817454,6058.0,1.0,8.0
2025-09-03 09:00:00,16727,1475.641047834972,0.0,9155.358952165028,6087.0,1.0,8.0
2025-09-03 10:00:00,16875,2044.007042068913,0.0,8787.992957931086,6035.0,0.0,8.0
2025-09-03 11:00:00,17135,2472.9212319858766,0.0,8473.078768014124,6181.0,0.0,8.0
2025-09-03 12:00:00,17413,2726.246481239784,0.0,8463.753518760215,6214.0,1.0,8.0
2025-09-03 13:00:00,17843,2887.7991269306212,0.0,8335.200873069378,6610.0,2.0,8.0
2025-09-03 14:00:00,18201,3058.0292528483933,0.0,8522.970747151607,6610.0,2.0,8.0
2025-09-03 15:00:00,18866,3020.251106495628,0.0,9192.748893504373,6610.0,35.0,8.0
2025-09-03 16:00:00,19502,2817.2581704292875,396.7876730608707,9550.0,6588.0,84.0,65.95415650983955
2025-09-03 17:00:00,19695,2025.9112217644624,1129.0,9525.0,6498.0,133.0,384.0887782355385
2025-09-03 18:00:00,19452,1969.1907057153935,1129.0,9525.0,6325.0,182.0,321.80929428460513
2025-09-03 19:00:00,19011,2224.785002160923,739.2149978390771,9525.0,6325.0,189.0,8.0
2025-09-03 20:00:00,18328,1630.1062593482334,721.8937406517653,9525.0,6325.0,118.0,8.0
2025-09-03 21:00:00,17261,1538.7255842058871,0.0,9380.274415794112,6325.0,9.0,8.0
2025-09-03 22:00:00,15786,1481.0496445596066,0.0,7895.950355440394,6400.0,1.0,8.0
2025-09-03 23:00:00,14713,1567.5375242102682,0.0,6711.462475789732,6425.0,1.0,8.0
2025-09-04 00:00:00,14171,428.0359137684047,0.0,7267.9640862315955,6466.0,1.0,8.0
2025-09-04 01:00:00,13734,230.15101788507172,0.0,7028.848982114929,6466.0,1.0,8.0
2025-09-04 02:00:00,13533,238.95738946266465,0.0,6965.042610537335,6320.0,1.0,8.0
2025-09-04 03:00:00,13672,-0.0,0.0,7343.0,6320.0,1.0,8.0
2025-09-04 04:00:00,13814,1070.3972902680655,0.0,6268.602709731935,6466.0,1.0,8.0
2025-09-04 05:00:00,14799,1418.7422786563943,0.0,7106.257721343605,6265.0,1.0,8.0
2025-09-04 06:00:00,16316,1533.6013993117829,0.0,8508.398600688217,6265.0,1.0,8.0
2025-09-04 07:00:00,16733,1430.3299973693397,0.0,9029.67000263066,6264.0,1.0,8.0
2025-09-04 08:00:00,16489,1437.3220287966967,0.0,8853.677971203302,6189.0,1.0,8.0
2025-09-04 09:00:00,16518,1498.7045832705005,0.0,8821.2954167295,6189.0,1.0,8.0
2025-09-04 10:00:00,16352,1364.2928912994892,0.0,8790.70710870051,6189.0,0.0,8.0
2025-09-04 11:00:00,16434,1026.6991380942677,0.0,9227.300861905733,6172.0,0.0,8.0
2025-09-04 12:00:00,16442,902.6878434155464,0.0,9359.312156584454,6172.0,0.0,8.0
2025-09-04 13:00:00,16514,864.5718980354134,0.0,9459.428101964586,6181.0,1.0,8.0
2025-09-04 14:00:00,16770,1000.791240428822,52.208759571178234,9527.0,6181.0,1.0,8.0
2025-09-04 15:00:00,17068,997.954823078934,353.04517692106674,9527.0,6181.0,1.0,8.0
2025-09-04 16:00:00,17509,779.1339309069933,882.9922407889627,9375.873828304044,6462.0,1.0,8.0
2025-09-04 17:00:00,17376,634.3360723356727,1129.0,9141.663927664327,6462.0,1.0,8.0
2025-09-04 18:00:00,17316,473.4447795835654,1129.0,9240.555220416434,6465.0,0.0,8.0
2025-09-04 19:00:00,17221,712.1445415951714,508.8554584048288,9527.0,6465.0,0.0,8.0
2025-09-04 20:00:00,16623,824.7095297533833,0.0,9325.290470246617,6465.0,0.0,8.0
2025-09-04 21:00:00,15518,987.7958771672,0.0,8066.2041228328,6455.0,1.0,8.0
2025-09-04 22:00:00,14478,1149.0551331852148,0.0,6864.944866814785,6455.0,1.0,8.0
2025-09-04 23:00:00,13715,1140.4217191994069,0.0,6110.578280800593,6455.0,1.0,8.0
2025-09-05 00:00:00,13208,936.3061287699122,0.0,5667.693871230088,6595.0,1.0,8.0
2025-09-05 01:00:00,12887,884.2222759936201,0.0,5398.77772400638,6595.0,1.0,8.0
2025-09-05 02:00:00,12721,1118.5673897564714,0.0,4998.432610243529,6595.0,1.0,8.0
2025-09-05 03:00:00,12661,1558.7610203617342,0.0,4499.238979638266,6595.0,0.0,8.0
2025-09-05 04:00:00,13034,1360.4919254391457,0.0,5149.508074560854,6516.0,0.0,8.0
2025-09-05 05:00:00,13993,2186.238581105521,0.0,5281.761418894479,6516.0,1.0,8.0
2025-09-05 06:00:00,15060,2450.7825064848585,0.0,6135.2174935151415,6465.0,1.0,8.0
2025-09-05 07:00:00,15504,3972.7669294266807,0.0,4982.233070573318,6540.0,1.0,8.0
2025-09-05 08:00:00,15601,4038.5592785837903,0.0,5012.440721416209,6541.0,1.0,8.0
2025-09-05 09:00:00,15547,4338.571848242587,0.0,4675.428151757413,6524.0,1.0,8.0
2025-09-05 10:00:00,15557,3392.454758535614,0.0,5631.545241464386,6524.0,1.0,8.0
2025-09-05 11:00:00,15421,4586.286389657542,0.0,4284.713610342458,6541.0,1.0,8.0
2025-09-05 12:00:00,15776,4440.616414816207,0.0,4775.383585183794,6551.0,1.0,8.0
2025-09-05 13:00:00,15736,4454.276074712005,0.0,4721.723925287995,6551.0,1.0,8.0
2025-09-05 14:00:00,15869,4362.6358075045355,0.0,4946.3641924954645,6551.0,1.0,8.0
2025-09-05 15:00:00,16386,4240.887791422103,0.0,5585.112208577897,6551.0,1.0,8.0
2025-09-05 16:00:00,16743,4065.359440541321,0.0,6117.6405594586795,6551.0,1.0,8.0
2025-09-05 17:00:00,16867,3824.9022756803897,0.0,6479.09772431961,6554.0,1.0,8.0
2025-09-05 18:00:00,16892,3328.983145043823,1129.0,5871.016854956177,6554.0,1.0,8.0
2025-09-05 19:00:00,17010,2816.862135135794,1129.0,6392.137864864206,6663.0,1.0,8.0
2025-09-05 20:00:00,16328,2552.6810543036854,1129.0,5974.3189456963155,6663.0,1.0,8.0
2025-09-05 21:00:00,15432,2528.5894651284807,457.5462260038783,5773.864308867642,6663.0,1.0,8.0
2025-09-05 22:00:00,14364,2423.4761602375856,0.0,5268.523839762414,6663.0,1.0,8.0
2025-09-05 23:00:00,13550,2057.6383070670963,0.0,4820.361692932904,6663.0,1.0,8.0
2025-09-06 00:00:00,13029,532.0854861607284,0.0,5824.914513839271,6663.0,1.0,8.0
2025-09-06 01:00:00,12714,416.90210796887686,0.0,5625.097892031123,6663.0,1.0,8.0
2025-09-06 02:00:00,12536,363.59322916161,0.0,5500.40677083839,6663.0,1.0,8.0
2025-09-06 03:00:00,12477,255.114544671859,0.0,5550.885455328141,6663.0,0.0,8.0
2025-09-06 04:00:00,12674,1256.5698456125854,0.0,4745.430154387414,6663.0,1.0,8.0
2025-09-06 05:00:00,13056,1303.9770019291584,0.0,5080.022998070842,6663.0,1.0,8.0
2025-09-06 06:00:00,13557,1285.9446594215306,0.0,5599.055340578469,6663.0,1.0,8.0
2025-09-06 07:00:00,14152,1264.8173574375692,0.0,6219.182642562431,6659.0,1.0,8.0
2025-09-06 08:00:00,14716,1357.292845603115,0.0,6884.707154396885,6465.0,1.0,8.0
2025-09-06 09:00:00,14357,1536.958122944274,0.0,6346.041877055726,6465.0,1.0,8.0
2025-09-06 10:00:00,14500,1871.4849674351065,0.0,6154.515032564894,6465.0,1.0,8.0
2025-09-06 11:00:00,14565,1963.187262048158,0.0,6128.812737951841,6465.0,0.0,8.0
2025-09-06 12:00:00,14524,1965.7393424883328,0.0,6085.260657511668,6465.0,0.0,8.0
2025-09-06 13:00:00,14561,1824.223267725735,0.0,6068.776732274266,6660.0,0.0,8.0
2025-09-06 14:00:00,14789,1943.9667798877451,0.0,6377.033220112255,6459.0,1.0,8.0
2025-09-06 15:00:00,15064,1949.3965333232752,0.0,6646.603466676725,6459.0,1.0,8.0
2025-09-06 16:00:00,15520,1937.9702041887615,0.0,6910.029795811239,6663.0,1.0,8.0
2025-09-06 17:00:00,15678,1613.358627023224,897.2537739961201,6495.387598980656,6663.0,1.0,8.0
2025-09-06 18:00:00,15752,954.8347342691064,1129.0,6996.165265730893,6663.0,1.0,8.0
2025-09-06 19:00:00,15799,1035.889350702007,1129.0,6979.1106492979925,6646.0,1.0,8.0
2025-09-06 20:00:00,15279,957.5436533796266,1129.0,6537.456346620373,6646.0,1.0,8.0
2025-09-06 21:00:00,14570,898.9643367297575,0.0,7016.035663270242,6646.0,1.0,8.0
2025-09-06 22:00:00,13737,897.8049222085502,0.0,6184.19507779145,6646.0,1.0,8.0
2025-09-06 23:00:00,13137,887.17854665378,0.0,5594.82145334622,6646.0,1.0,8.0
2025-09-07 00:00:00,12671,748.946559564192,0.0,5347.053440435808,6566.0,1.0,8.0
2025-09-07 01:00:00,12553,557.2316269940505,0.0,5433.76837300595,6553.0,1.0,8.0
2025-09-07 02:00:00,12227,-0.0,0.0,5665.0,6553.0,1.0,8.0
2025-09-07 03:00:00,12270,-0.0,0.0,5708.0,6553.0,1.0,8.0
2025-09-07 04:00:00,12386,-0.0,0.0,5824.0,6553.0,1.0,8.0
2025-09-07 05:00:00,12645,-0.0,0.0,5885.0,6751.0,1.0,8.0
2025-09-07 06:00:00,12991,900.3007440391119,0.0,5330.699255960888,6751.0,1.0,8.0
2025-09-07 07:00:00,13503,867.0289151696891,0.0,5875.971084830311,6751.0,1.0,8.0
2025-09-07 08:00:00,13559,864.0791614827519,0.0,5934.920838517248,6751.0,1.0,8.0
2025-09-07 09:00:00,13456,497.48048774369215,0.0,6265.519512256308,6684.0,1.0,8.0
2025-09-07 10:00:00,13776,426.3023375594755,0.0,6667.697662440524,6673.0,1.0,8.0
2025-09-07 11:00:00,14184,1670.5820963024978,0.0,5831.417903697502,6673.0,1.0,8.0
2025-09-07 12:00:00,14338,1817.5175047680864,0.0,5838.482495231914,6673.0,1.0,8.0
2025-09-07 13:00:00,14361,1931.760157690771,0.0,5747.239842309229,6673.0,1.0,8.0
2025-09-07 14:00:00,14397,1834.9257294261256,0.0,5925.074270573874,6628.0,1.0,8.0
2025-09-07 15:00:00,14993,1812.3606999117492,0.0,6556.639300088251,6615.0,1.0,8.0
2025-09-07 16:00:00,15545,1629.876932159054,0.0,7292.1230678409465,6615.0,0.0,8.0
2025-09-07 17:00:00,15913,1375.403871395917,0.0,7914.596128604084,6615.0,0.0,8.0
2025-09-07 18:00:00,16101,1131.1184562778783,1129.0,7216.881543722122,6615.0,1.0,8.0
2025-09-07 19:00:00,16281,925.266358578611,1129.0,7602.73364142139,6615.0,1.0,8.0
2025-09-07 20:00:00,15451,719.4969670892276,701.9836119888023,7405.51942092197,6615.0,1.0,8.0
2025-09-07 21:00:00,14608,510.31770355070586,0.0,7473.682296449294,6615.0,1.0,8.0
2025-09-07 22:00:00,13817,590.3540975396369,0.0,6602.645902460363,6615.0,1.0,8.0
2025-09-07 23:00:00,12772,-0.0,0.0,6149.0,6615.0,0.0,8.0
2025-09-08 00:00:00,12525,-0.0,0.0,5902.0,6615.0,0.0,8.0
2025-09-08 01:00:00,12370,-0.0,0.0,5747.0,6615.0,0.0,8.0
2025-09-08 02:00:00,12254,-0.0,0.0,5631.0,6615.0,0.0,8.0
2025-09-08 03:00:00,12420,-0.0,0.0,5797.0,6615.0,0.0,8.0
2025-09-08 04:00:00,12962,-0.0,0.0,6339.0,6615.0,0.0,8.0
2025-09-08 05:00:00,14183,371.4958483247744,0.0,7188.504151675225,6615.0,0.0,8.0
2025-09-08 06:00:00,15324,356.0676078203221,0.0,8466.932392179679,6493.0,0.0,8.0
2025-09-08 07:00:00,15425,331.4024405994058,0.0,8612.597559400594,6473.0,0.0,8.0
2025-09-08 08:00:00,15038,351.7478651340799,0.0,8545.252134865921,6133.0,0.0,8.0
2025-09-08 09:00:00,14897,431.451014309798,0.0,8344.548985690202,6113.0,0.0,8.0
2025-09-08 10:00:00,15360,440.92551074154096,0.0,8746.0,6153.0,0.0,20.074489258458925
2025-09-08 11:00:00,15363,477.52614943723427,0.0,8328.473850562765,6549.0,0.0,8.0
2025-09-08 12:00:00,15424,556.3766457673642,0.0,8310.623354232635,6549.0,0.0,8.0
2025-09-08 13:00:00,15486,617.8614815101341,0.0,8482.138518489866,6378.0,0.0,8.0
2025-09-08 14:00:00,15585,680.9797656553369,0.0,8317.020234344664,6579.0,0.0,8.0
2025-09-08 15:00:00,16069,618.9049266167638,0.0,8746.0,6591.0,88.0,25.095073383236013
2025-09-08 16:00:00,16804,462.4140017172427,828.5859982827569,8746.0,6671.0,88.0,8.0
2025-09-08 17:00:00,17111,295.05340567663524,1129.0,8746.0,6684.0,88.0,168.9465943233663
2025-09-08 18:00:00,17053,220.0242137934896,1129.0,8746.0,6690.0,88.0,179.97578620650893
2025-09-08 19:00:00,17145,271.3384002061607,1129.0,8746.0,6690.0,63.0,245.66159979383883
2025-09-08 20:00:00,16349,331.43992262995977,68.66777571336341,8746.0,6690.0,38.0,474.8923016566755
2025-09-08 21:00:00,15227,317.3320614181016,0.0,8198.667938581899,6690.0,13.0,8.0
2025-09-08 22:00:00,14262,394.5050729136073,0.0,7168.494927086393,6690.0,1.0,8.0
2025-09-08 23:00:00,13442,-0.0,0.0,7461.0,5972.0,1.0,8.0
2025-09-09 00:00:00,12977,-0.0,0.0,6370.0,6597.0,2.0,8.0
2025-09-09 01:00:00,12709,-0.0,0.0,6095.0,6604.0,2.0,8.0
2025-09-09 02:00:00,12573,-0.0,0.0,5953.0,6610.0,2.0,8.0
2025-09-09 03:00:00,12548,-0.0,0.0,5928.0,6610.0,2.0,8.0
2025-09-09 04:00:00,13079,-0.0,0.0,6459.0,6610.0,2.0,8.0
2025-09-09 05:00:00,14151,886.2258780484283,0.0,6779.774121951572,6475.0,2.0,8.0
2025-09-09 06:00:00,15168,1002.9199537422858,1129.0,6650.080046257714,6376.0,2.0,8.0
2025-09-09 07:00:00,15268,1011.854687420004,879.9782516204264,7061.167060959569,6305.0,2.0,8.0
2025-09-09 08:00:00,15056,813.8737560900315,0.0,7879.126243909968,6353.0,2.0,8.0
2025-09-09 09:00:00,15012,0.0,0.0,8746.0,6119.0,24.0,123.0
2025-09-09 10:00:00,15131,-0.0,0.0,8746.0,6139.0,27.0,219.0
2025-09-09 11:00:00,15238,859.4392424061249,0.0,8283.560757593874,6085.0,2.0,8.0
2025-09-09 12:00:00,15455,840.2923809567449,0.0,8563.707619043256,6041.0,2.0,8.0
2025-09-09 13:00:00,15462,669.0,0.0,8746.0,6015.0,24.0,8.0
2025-09-09 14:00:00,15556,753.6590164653121,0.0,8665.340983534688,6107.0,22.0,8.0
2025-09-09 15:00:00,16434,600.2191680786539,0.0,8746.0,6342.0,44.0,701.7808319213473
2025-09-09 16:00:00,17036,361.57367357238047,437.48559216311264,8746.0,6342.0,66.0,1082.940734264507
2025-09-09 17:00:00,17281,308.834486077069,1129.0,8746.0,6400.0,88.0,609.1655139229333
2025-09-09 18:00:00,17158,400.79210202424775,1129.0,8746.0,6448.0,88.0,346.20789797575344
2025-09-09 19:00:00,17140,509.48177764504305,1129.0,8746.0,6428.0,63.0,264.5182223549564
2025-09-09 20:00:00,16472,601.7296339529439,0.0,8746.0,6520.0,38.0,566.2703660470561
2025-09-09 21:00:00,15292,830.6338535626852,0.0,7920.3661464373145,6520.0,13.0,8.0
2025-09-09 22:00:00,14369,938.9270484751046,0.0,7618.072951524895,5802.0,2.0,8.0
2025-09-09 23:00:00,13560,-0.0,0.0,6999.0,6551.0,2.0,8.0
2025-09-10 00:00:00,13096,-0.0,0.0,6566.0,6520.0,2.0,8.0
2025-09-10 01:00:00,12736,0.0,0.0,6190.0,6536.0,2.0,8.0
2025-09-10 02:00:00,12662,-0.0,0.0,6116.0,6536.0,2.0,8.0
2025-09-10 03:00:00,12752,-0.0,0.0,6206.0,6536.0,2.0,8.0
2025-09-10 04:00:00,13392,104.0674609048749,0.0,7172.932539095125,6105.0,2.0,8.0
2025-09-10 05:00:00,14349,576.1054855402392,0.0,7226.894514459761,6536.0,2.0,8.0
2025-09-10 06:00:00,15306,488.0259289359867,0.0,8415.974071064014,6392.0,2.0,8.0
2025-09-10 07:00:00,15521,437.76334307074217,0.0,8682.236656929257,6372.0,21.0,8.0
2025-09-10 08:00:00,15469,341.3797410750602,0.0,8746.0,6066.0,43.0,272.6202589249406
2025-09-10 09:00:00,15499,418.4472729527528,0.0,8746.0,5797.0,65.0,472.5527270472485
2025-09-10 10:00:00,15681,444.1489625773633,0.0,8746.0,5840.0,87.0,563.8510374226371
2025-09-10 11:00:00,16013,450.00991715100406,0.0,8746.0,5977.0,88.0,751.9900828489954
2025-09-10 12:00:00,16668,430.03332806299926,0.0,8746.0,5977.0,88.0,1426.9666719369998
2025-09-10 13:00:00,16664,445.94911931491174,0.0,8746.0,6155.0,88.0,1229.0508806850885
2025-09-10 14:00:00,16944,436.88805983899294,0.0,8746.0,6155.0,88.0,1518.1119401610067
2025-09-10 15:00:00,17600,383.8725319441541,0.0,8738.0,6222.0,88.0,2168.1274680558454
2025-09-10 16:00:00,18027,242.64894740845824,81.91465886365754,8730.0,6263.0,88.0,2621.436393727883
2025-09-10 17:00:00,18051,88.64063511389443,1129.0,8720.0,6261.0,88.0,1764.359364886106
2025-09-10 18:00:00,17967,36.86031752314277,1129.0,8720.0,6305.0,88.0,1688.1396824768563
2025-09-10 19:00:00,17989,50.077224053894675,1129.0,8720.0,6296.0,88.0,1705.9227759461064
2025-09-10 20:00:00,17250,64.09205614714286,125.06600090064968,8720.0,6296.0,63.0,1981.8419429522073
2025-09-10 21:00:00,16087,96.1580570477916,0.0,8705.0,6296.0,38.0,951.8419429522073
2025-09-10 22:00:00,14917,-0.0,0.0,8600.0,6296.0,13.0,8.0
2025-09-10 23:00:00,14117,-0.0,0.0,7811.0,6296.0,2.0,8.0
2025-09-11 00:00:00,13498,-0.0,0.0,7192.0,6296.0,2.0,8.0
2025-09-11 01:00:00,13084,-0.0,0.0,6778.0,6296.0,2.0,8.0
2025-09-11 02:00:00,12895,-0.0,0.0,6572.0,6313.0,2.0,8.0
2025-09-11 03:00:00,12927,-0.0,0.0,6604.0,6313.0,2.0,8.0
2025-09-11 04:00:00,13478,-0.0,0.0,7123.0,6345.0,2.0,8.0
2025-09-11 05:00:00,14579,-0.0,0.0,8253.0,6316.0,2.0,8.0
2025-09-11 06:00:00,15265,235.7949996105131,0.0,8703.205000389487,6297.0,21.0,8.0
2025-09-11 07:00:00,15642,356.98300812097625,0.0,8710.0,6297.0,43.0,235.0169918790234
2025-09-11 08:00:00,15688,383.60610449624073,0.0,8710.0,6244.0,65.0,285.39389550375927
2025-09-11 09:00:00,15874,416.5203957090231,0.0,8710.0,6244.0,87.0,416.47960429097657
2025-09-11 10:00:00,16127,471.94933221150063,0.0,8710.0,6326.0,88.0,531.0506677884987
2025-09-11 11:00:00,16235,489.8259631141136,0.0,8710.0,6326.0,88.0,621.1740368858864
2025-09-11 12:00:00,16662,474.0249851315773,0.0,8710.0,6309.0,88.0,1080.9750148684216
2025-09-11 13:00:00,16944,526.4189194559609,0.0,8710.0,6326.0,88.0,1293.5810805440378
2025-09-11 14:00:00,17250,566.8219449565065,0.0,8710.0,6309.0,88.0,1576.1780550434923
2025-09-11 15:00:00,17840,613.2332830744369,0.0,8710.0,6363.0,88.0,2065.766716925562
2025-09-11 16:00:00,18438,594.3601663677132,0.0,8710.0,6310.0,88.0,2735.639833632289
2025-09-11 17:00:00,18484,450.8818050845943,1044.606266106537,8710.0,6310.0,88.0,1880.511928808868
2025-09-11 18:00:00,18296,431.4880711911307,0.0,8710.0,6332.0,88.0,2734.511928808868
2025-09-11 19:00:00,18269,559.1476417719604,242.95999830783512,8710.0,6332.0,88.0,2336.8923599202044
2025-09-11 20:00:00,17504,691.2574547106082,375.8501853691869,8710.0,6332.0,88.0,1306.8923599202044
2025-09-11 21:00:00,16219,817.1076400797956,0.0,8710.0,6352.0,63.0,276.8923599202044
2025-09-11 22:00:00,15119,0.0,0.0,8710.0,6352.0,38.0,19.0
2025-09-11 23:00:00,14284,-0.0,0.0,7911.0,6352.0,13.0,8.0
2025-09-12 00:00:00,13635,-0.0,0.0,7273.0,6352.0,2.0,8.0
2025-09-12 01:00:00,13262,-0.0,0.0,6900.0,6352.0,2.0,8.0
2025-09-12 02:00:00,13195,-0.0,0.0,6816.0,6369.0,2.0,8.0
2025-09-12 03:00:00,13319,-0.0,0.0,6940.0,6369.0,2.0,8.0
2025-09-12 04:00:00,13465,-0.0,0.0,7053.0,6402.0,2.0,8.0
2025-09-12 05:00:00,14482,-0.0,0.0,8070.0,6402.0,2.0,8.0
2025-09-12 06:00:00,15525,234.66814431397975,0.0,8810.331855686021,6470.0,2.0,8.0
2025-09-12 07:00:00,15684,255.0768668109019,0.0,9013.923133189099,6405.0,2.0,8.0
2025-09-12 08:00:00,15651,308.6549935563045,0.0,8927.345006443695,6405.0,2.0,8.0
2025-09-12 09:00:00,15674,-0.0,0.0,9259.0,6405.0,2.0,8.0
2025-09-12 10:00:00,16005,456.98052536283296,0.0,9078.019474637167,6460.0,2.0,8.0
2025-09-12 11:00:00,16262,447.5383473334451,0.0,9325.461652666556,6460.0,21.0,8.0
2025-09-12 12:00:00,16613,414.2588536759234,0.0,9527.0,6354.0,43.0,274.7411463240769
2025-09-12 13:00:00,16813,473.4655689128226,0.0,9527.0,6354.0,65.0,393.5344310871769
2025-09-12 14:00:00,17074,476.24853174890984,0.0,9517.0,6337.0,87.0,656.75146825109
2025-09-12 15:00:00,17415,371.1517300503456,0.0,9517.0,6481.0,88.0,957.8482699496526
2025-09-12 16:00:00,17999,215.32809911450437,737.7288677335764,9517.0,6376.0,88.0,1064.9430331519197
2025-09-12 17:00:00,17879,117.1793832941484,1129.0,9517.0,6376.0,88.0,651.8206167058524
2025-09-12 18:00:00,17908,91.15554113198336,1129.0,9517.0,6381.0,88.0,701.8444588680177
2025-09-12 19:00:00,17840,75.63056851714535,1129.0,9517.0,6381.0,88.0,649.3694314828535
2025-09-12 20:00:00,16998,66.33017920157795,1.138361705101488,9075.0,6381.0,63.0,1411.5314590933212
2025-09-12 21:00:00,15976,100.4685409066788,0.0,9075.0,6381.0,38.0,381.53145909332125
2025-09-12 22:00:00,15004,-0.0,0.0,8602.0,6381.0,13.0,8.0
2025-09-12 23:00:00,14009,-0.0,0.0,7618.0,6381.0,2.0,8.0
2025-09-13 00:00:00,13329,-0.0,0.0,6938.0,6381.0,2.0,8.0
2025-09-13 01:00:00,13074,-0.0,0.0,6683.0,6381.0,2.0,8.0
2025-09-13 02:00:00,12902,-0.0,0.0,6494.0,6398.0,2.0,8.0
2025-09-13 03:00:00,12827,-0.0,0.0,6419.0,6398.0,2.0,8.0
2025-09-13 04:00:00,12940,-0.0,0.0,6512.0,6418.0,2.0,8.0
2025-09-13 05:00:00,13291,-0.0,0.0,6863.0,6418.0,2.0,8.0
2025-09-13 06:00:00,13885,-0.0,0.0,7457.0,6418.0,2.0,8.0
2025-09-13 07:00:00,14354,-0.0,0.0,8127.0,6217.0,2.0,8.0
2025-09-13 08:00:00,15172,-0.0,0.0,8937.772451787492,6217.0,9.227548212507827,8.0
2025-09-13 09:00:00,15885,164.77245178749178,0.0,9517.0,6164.0,31.227548212507827,8.0
2025-09-13 10:00:00,16201,161.50544397429033,0.0,9517.0,6164.0,53.22754821250783,305.2670078132014
2025-09-13 11:00:00,16185,175.8031393649518,0.0,9517.0,6217.0,75.22754821250783,199.9693124225414
2025-09-13 12:00:00,16048,233.5456490107279,0.0,9517.0,6199.0,88.0,10.454350989271916
2025-09-13 13:00:00,15808,-0.0,0.0,9517.0,6199.0,84.0,8.0
2025-09-13 14:00:00,15774,-0.0,0.0,9517.0,6182.0,67.0,8.0
2025-09-13 15:00:00,16276,290.375473784581,0.0,9470.0,6182.0,88.0,245.62452621541888
2025-09-13 16:00:00,16982,277.20944050565015,0.0,9517.0,6162.0,88.0,937.7905594943495
2025-09-13 17:00:00,17185,194.78781877768176,831.0654202770451,9517.0,6068.0,88.0,486.1467609452744
2025-09-13 18:00:00,17084,158.37829978162753,926.1492366331876,9517.0,6162.0,88.0,232.4724635851853
2025-09-13 19:00:00,16939,137.52753641481374,0.0,9517.0,6135.0,63.0,1086.4724635851853
2025-09-13 20:00:00,16319,138.66571669372215,0.0,9517.0,6135.0,38.0,490.33428330627794
2025-09-13 21:00:00,15443,-0.0,0.0,9287.0,6135.0,13.0,8.0
2025-09-13 22:00:00,14559,-0.0,0.0,8414.0,6135.0,2.0,8.0
2025-09-13 23:00:00,13716,-0.0,0.0,7571.0,6135.0,2.0,8.0
2025-09-14 00:00:00,13169,-0.0,0.0,7024.0,6135.0,2.0,8.0
2025-09-14 01:00:00,12799,-0.0,0.0,6654.0,6135.0,2.0,8.0
2025-09-14 02:00:00,12628,-0.0,0.0,6483.0,6135.0,2.0,8.0
2025-09-14 03:00:00,12480,-0.0,0.0,6318.0,6152.0,2.0,8.0
2025-09-14 04:00:00,12531,-0.0,0.0,6369.0,6152.0,2.0,8.0
2025-09-14 05:00:00,12843,-0.0,0.0,6661.0,6172.0,2.0,8.0
2025-09-14 06:00:00,13090,-0.0,0.0,6890.0,6190.0,2.0,8.0
2025-09-14 07:00:00,13656,-0.0,0.0,7456.0,6190.0,2.0,8.0
2025-09-14 08:00:00,14134,-0.0,0.0,7934.0,6190.0,2.0,8.0
2025-09-14 09:00:00,14614,-0.0,0.0,8414.0,6190.0,2.0,8.0
2025-09-14 10:00:00,15151,-0.0,0.0,8932.0,6190.0,21.0,8.0
2025-09-14 11:00:00,15846,88.0,0.0,9517.0,6190.0,43.0,8.0
2025-09-14 12:00:00,16480,473.9801020856929,0.0,9517.0,6190.0,65.0,234.01989791430606
2025-09-14 13:00:00,16741,527.3819126861217,0.0,9517.0,6190.0,87.0,419.6180873138783
2025-09-14 14:00:00,16804,561.6957263584615,0.0,9517.0,6173.0,88.0,464.3042736415373
2025-09-14 15:00:00,17533,551.396460326541,0.0,9517.0,6173.0,88.0,1203.6035396734587
2025-09-14 16:00:00,18493,444.4509439301029,1129.0,9517.0,6180.0,88.0,1134.5490560698963
2025-09-14 17:00:00,18520,321.0662823581285,1129.0,9517.0,6180.0,88.0,1284.9337176418703
2025-09-14 18:00:00,18421,323.51364232636206,1129.0,9517.0,6103.0,88.0,1260.4863576736388
2025-09-14 19:00:00,18092,492.3850298626351,897.2537739961201,9517.0,6103.0,63.0,1019.361196141245
2025-09-14 20:00:00,17214,679.1519885390026,0.0,9517.0,6162.0,38.0,817.8480114609974
2025-09-14 21:00:00,16105,838.1729426157464,0.0,9141.827057384253,6104.0,13.0,8.0
2025-09-14 22:00:00,14996,882.9772936104889,0.0,8456.02270638951,5647.0,2.0,8.0
2025-09-14 23:00:00,14105,0.0,0.0,8128.0,5967.0,2.0,8.0
2025-09-15 00:00:00,13399,0.0,0.0,7416.0,5973.0,2.0,8.0
2025-09-15 01:00:00,13059,-0.0,0.0,7076.0,5973.0,2.0,8.0
2025-09-15 02:00:00,12865,-0.0,0.0,6865.0,5990.0,2.0,8.0
2025-09-15 03:00:00,12962,-0.0,0.0,6962.0,5990.0,2.0,8.0
2025-09-15 04:00:00,13271,-0.0,0.0,7248.0,6013.0,2.0,8.0
2025-09-15 05:00:00,14439,378.7341580061879,0.0,8037.2658419938125,6013.0,2.0,8.0
2025-09-15 06:00:00,15644,793.3514624344359,0.0,8828.648537565565,6012.0,2.0,8.0
2025-09-15 07:00:00,15801,869.8858453992966,0.0,8909.114154600704,6012.0,2.0,8.0
2025-09-15 08:00:00,16048,639.5495580650821,0.0,9367.450441934918,6012.0,21.0,8.0
2025-09-15 09:00:00,16358,555.4899980723394,0.0,9517.0,5934.0,43.0,308.5100019276615
2025-09-15 10:00:00,16426,676.2868554588631,0.0,9517.0,5925.0,65.0,242.713144541136
2025-09-15 11:00:00,16802,719.7729641207018,0.0,9517.0,5925.0,87.0,553.2270358792994
2025-09-15 12:00:00,17317,750.7063894901271,0.0,9512.0,5970.0,88.0,996.2936105098725
2025-09-15 13:00:00,17362,783.1062767897674,0.0,9512.0,5970.0,88.0,1008.8937232102326
2025-09-15 14:00:00,17442,1008.3059682241978,0.0,9512.0,5953.0,88.0,880.6940317758017
2025-09-15 15:00:00,18592,1023.2487515159694,871.0265071297337,9512.0,6009.0,88.0,1088.7247413542964
2025-09-15 16:00:00,19436,789.162166819227,1129.0,9512.0,6009.0,88.0,1908.8378331807726
2025-09-15 17:00:00,19467,567.7149864896028,1129.0,9512.0,6014.0,88.0,2156.285013510398
2025-09-15 18:00:00,18886,621.3444960701657,1129.0,9512.0,6014.0,88.0,1521.6555039298328
2025-09-15 19:00:00,18377,840.5367974752379,0.0,9512.0,6014.0,77.0,1933.463202524763
2025-09-15 20:00:00,17664,910.7727331336137,26.227266866386344,9512.0,6125.0,52.0,1038.0
2025-09-15 21:00:00,16142,950.5425363453048,0.0,9031.457463654695,6125.0,27.0,8.0
2025-09-15 22:00:00,15185,1030.6225897732456,0.0,8019.377410226754,6125.0,2.0,8.0
2025-09-15 23:00:00,14133,1081.115502248496,0.0,6916.884497751504,6125.0,2.0,8.0
2025-09-16 00:00:00,13511,0.0,0.0,7404.0,6098.0,1.0,8.0
2025-09-16 01:00:00,13144,-0.0,0.0,7037.0,6098.0,1.0,8.0
2025-09-16 02:00:00,12961,0.0,0.0,6837.0,6115.0,1.0,8.0
2025-09-16 03:00:00,12943,0.0,0.0,6819.0,6115.0,1.0,8.0
2025-09-16 04:00:00,13377,321.2960983887293,0.0,6908.70390161127,6138.0,1.0,8.0
2025-09-16 05:00:00,14282,948.9511259566632,0.0,7185.048874043337,6138.0,2.0,8.0
2025-09-16 06:00:00,15455,1028.901319921774,0.0,8287.098680078227,6129.0,2.0,8.0
2025-09-16 07:00:00,15753,835.8578204642785,1013.12688699806,7770.0152925376615,6124.0,2.0,8.0
2025-09-16 08:00:00,15891,552.210250061438,1129.0,8075.789749938562,6124.0,2.0,8.0
2025-09-16 09:00:00,16087,460.2815470316253,0.0,9473.718452968375,6124.0,21.0,8.0
2025-09-16 10:00:00,16472,530.273626513493,0.0,9492.0,6119.0,43.0,287.72637348650824
2025-09-16 11:00:00,16743,601.5377514548809,0.0,9507.0,6128.0,65.0,441.46224854511814
2025-09-16 12:00:00,17075,600.5621557418104,0.0,9444.0,6128.0,87.0,815.4378442581892
2025-09-16 13:00:00,17346,657.2308965783127,0.0,9444.0,6128.0,88.0,1028.7691034216878
2025-09-16 14:00:00,17816,708.735950580672,0.0,9469.0,6128.0,88.0,1422.2640494193292
2025-09-16 15:00:00,18762,678.8619233452043,121.8740272354662,9469.0,6128.0,88.0,2276.2640494193292
2025-09-16 16:00:00,19530,565.5808529589098,500.4191470410915,9469.0,6079.0,88.0,2828.0
2025-09-16 17:00:00,19447,411.2886358108758,862.551379752093,9469.0,6119.0,88.0,2497.1599844370335
2025-09-16 18:00:00,19008,443.34344009275384,141.65655990724554,9469.0,6124.0,88.0,2742.0
2025-09-16 19:00:00,18657,634.536970234918,296.46302976508196,9457.0,6124.0,77.0,2068.0
2025-09-16 20:00:00,17656,759.8372567029187,219.16274329708176,9457.0,6130.0,52.0,1038.0
2025-09-16 21:00:00,16262,691.246444347833,0.0,9428.753555652167,6107.0,27.0,8.0
2025-09-16 22:00:00,15163,-0.0,0.0,9046.0,6107.0,2.0,8.0
2025-09-16 23:00:00,14143,-0.0,0.0,8026.0,6107.0,2.0,8.0
2025-09-17 00:00:00,13430,-0.0,0.0,7335.0,6085.0,2.0,8.0
2025-09-17 01:00:00,13044,-0.0,0.0,6949.0,6085.0,2.0,8.0
2025-09-17 02:00:00,13031,-0.0,0.0,6891.0,6130.0,2.0,8.0
2025-09-17 03:00:00,13087,-0.0,0.0,6947.0,6130.0,2.0,8.0
2025-09-17 04:00:00,13537,-0.0,0.0,7347.0,6180.0,2.0,8.0
2025-09-17 05:00:00,14677,-0.0,0.0,8487.0,6180.0,2.0,8.0
2025-09-17 06:00:00,15535,-0.0,0.0,9345.0,6180.0,2.0,8.0
2025-09-17 07:00:00,15721,57.0,0.0,9457.0,6175.0,24.0,8.0
2025-09-17 08:00:00,15620,-0.0,0.0,9393.0,6197.0,22.0,8.0
2025-09-17 09:00:00,16005,-0.0,0.0,9457.0,6111.0,44.0,393.0
2025-09-17 10:00:00,16450,397.23452391292955,0.0,9457.0,6011.0,66.0,518.76547608707
2025-09-17 11:00:00,16832,413.0201333411304,0.0,9457.0,6111.0,88.0,762.9798666588686
2025-09-17 12:00:00,17539,412.1138703448648,0.0,9457.0,6197.0,88.0,1384.8861296551331
2025-09-17 13:00:00,17827,409.98476895385465,0.0,9457.0,6197.0,88.0,1675.0152310461453
2025-09-17 14:00:00,18227,387.98267339280494,0.0,9457.0,6131.0,88.0,2163.0173266071943
2025-09-17 15:00:00,18967,347.4335271279828,0.0,9302.0,6131.0,88.0,3098.5664728720185
2025-09-17 16:00:00,19536,237.71427906452791,1129.0,9282.0,6131.0,88.0,2668.2857209354697
2025-09-17 17:00:00,19544,153.422786811764,1129.0,9297.0,6136.0,88.0,2740.577213188237
2025-09-17 18:00:00,19342,146.2132866088869,1129.0,9317.0,6136.0,88.0,2525.786713391113
2025-09-17 19:00:00,18950,151.904704360353,44.09529563964679,9317.0,6141.0,88.0,3208.0
2025-09-17 20:00:00,18062,150.43698848771268,47.13614107997455,9312.0,6141.0,88.0,2323.426870432313
2025-09-17 21:00:00,16727,184.57312956768655,0.0,9312.0,6141.0,63.0,1026.426870432313
2025-09-17 22:00:00,15503,-0.0,0.0,9312.0,6141.0,38.0,12.0
2025-09-17 23:00:00,14412,-0.0,0.0,8248.0,6141.0,13.0,10.0
2025-09-18 00:00:00,13777,-0.0,0.0,7626.0,6139.0,2.0,10.0
2025-09-18 01:00:00,13519,-0.0,0.0,7368.0,6139.0,2.0,10.0
2025-09-18 02:00:00,13284,-0.0,0.0,7133.0,6139.0,2.0,10.0
2025-09-18 03:00:00,13241,-0.0,0.0,7090.0,6139.0,2.0,10.0
2025-09-18 04:00:00,13617,-0.0,0.0,7466.0,6139.0,2.0,10.0
2025-09-18 05:00:00,14560,-0.0,0.0,8390.0,6139.0,21.0,10.0
2025-09-18 06:00:00,15635,302.6469571912713,0.0,8962.0,6114.0,43.0,213.3530428087288
2025-09-18 07:00:00,15883,399.65747442945695,0.0,8962.0,6114.0,65.0,342.34252557054424
2025-09-18 08:00:00,16128,390.9783020506905,0.0,8962.0,6046.0,87.0,642.0216979493089
2025-09-18 09:00:00,16605,385.63877745000264,0.0,8949.0,6046.0,88.0,1136.3612225499965
2025-09-18 10:00:00,17061,461.4800939747002,0.0,8949.0,5589.0,88.0,1973.5199060252999
2025-09-18 11:00:00,17400,480.9393490027105,0.0,8949.0,5186.0,88.0,2696.0606509972895
2025-09-18 12:00:00,18212,614.1833661366318,0.0,8949.0,5302.0,88.0,3258.8166338633673
2025-09-18 13:00:00,18469,768.2347005022039,0.0,8949.0,5620.0,88.0,3043.765299497798
2025-09-18 14:00:00,18930,826.2552392182776,0.0,8949.0,6068.0,88.0,2998.744760781723
2025-09-18 15:00:00,19668,844.9513069029285,124.04869309707284,8939.0,6345.0,88.0,3327.0
2025-09-18 16:00:00,19931,739.1785862723123,1121.5992969508006,8939.0,6273.0,88.0,2770.2221167768876
2025-09-18 17:00:00,19641,661.80215808325,357.1978419167499,8952.0,6273.0,88.0,3309.0
2025-09-18 18:00:00,19416,531.2438597842072,279.7561402157917,8952.0,6273.0,88.0,3292.0
2025-09-18 19:00:00,19305,538.163918219002,178.83608178099894,8952.0,6273.0,88.0,3275.0
2025-09-18 20:00:00,18235,859.3978719854673,0.0,8952.0,6273.0,88.0,2062.6021280145324
2025-09-18 21:00:00,16920,1145.3708561863564,0.0,8952.0,5799.0,63.0,960.6291438136432
2025-09-18 22:00:00,15708,895.9700702792394,0.0,8952.0,5555.0,38.0,267.02992972076026
2025-09-18 23:00:00,14711,-0.0,0.0,8415.0,6273.0,13.0,10.0
2025-09-19 00:00:00,13985,-0.0,0.0,7897.0,6076.0,2.0,10.0
2025-09-19 01:00:00,13659,0.0,0.0,7571.0,6076.0,2.0,10.0
2025-09-19 02:00:00,13445,-0.0,0.0,7343.0,6090.0,2.0,10.0
2025-09-19 03:00:00,13280,-0.0,0.0,7178.0,6090.0,2.0,10.0
2025-09-19 04:00:00,13733,-0.0,0.0,7607.0,6114.0,2.0,10.0
2025-09-19 05:00:00,14747,2.449973042319584,0.0,8618.55002695768,6114.0,2.0,10.0
2025-09-19 06:00:00,15742,657.2646212016042,0.0,8939.735378798396,6114.0,21.0,10.0
2025-09-19 07:00:00,16082,639.8479698053574,0.0,8952.0,6056.0,43.0,391.1520301946439
2025-09-19 08:00:00,15975,499.1309481118625,0.0,8952.0,5843.0,65.0,615.8690518881376
2025-09-19 09:00:00,16025,529.1819582952752,0.0,8952.0,5843.0,87.0,613.818041704726
2025-09-19 10:00:00,15982,586.7358453215963,0.0,8952.0,5858.0,88.0,497.26415467840343
2025-09-19 11:00:00,16114,601.3024152472589,0.0,8952.0,5880.0,88.0,592.697584752741
2025-09-19 12:00:00,16218,629.6281120135068,0.0,8952.0,5880.0,88.0,668.3718879864937
2025-09-19 13:00:00,16496,716.1227350367676,0.0,8952.0,5938.0,88.0,801.8772649632319
2025-09-19 14:00:00,16637,815.6385369779839,0.0,8952.0,6137.0,88.0,644.3614630220163
2025-09-19 15:00:00,17164,878.2138630694526,0.0,8952.0,6239.0,88.0,1006.7861369305465
2025-09-19 16:00:00,17872,822.164817093336,1129.0,8952.0,6165.0,88.0,715.8351829066632
2025-09-19 17:00:00,17798,779.6496169801875,1129.0,8952.0,6325.0,88.0,524.3503830198133
2025-09-19 18:00:00,17680,608.4598309507694,1129.0,8952.0,6124.0,88.0,778.540169049229
2025-09-19 19:00:00,17333,901.651554563373,897.2537739961201,8952.0,6124.0,75.0,383.0946714405061
2025-09-19 20:00:00,16388,1201.917237127564,0.0,8952.0,5406.0,62.0,766.0827628724364
2025-09-19 21:00:00,15443,1367.5234378212117,0.0,7930.476562178788,6124.0,11.0,10.0
2025-09-19 22:00:00,14419,1407.8324082403285,0.0,6876.167591759671,6124.0,1.0,10.0
2025-09-19 23:00:00,13595,1380.3859229049242,0.0,6079.614077095076,6124.0,1.0,10.0
2025-09-20 00:00:00,13139,1393.5039725930274,0.0,5610.496027406973,6124.0,1.0,10.0
2025-09-20 01:00:00,12741,1658.9555391266754,0.0,4947.044460873325,6124.0,1.0,10.0
2025-09-20 02:00:00,12455,750.3927179077348,0.0,5551.607282092265,6142.0,1.0,10.0
2025-09-20 03:00:00,12472,900.172589424634,0.0,5418.827410575366,6142.0,1.0,10.0
2025-09-20 04:00:00,12587,994.6522119573416,0.0,5416.347788042658,6165.0,1.0,10.0
2025-09-20 05:00:00,12975,1084.0947690551902,0.0,5743.90523094481,6136.0,1.0,10.0
2025-09-20 06:00:00,13511,2255.3289573479233,0.0,5108.671042652077,6136.0,1.0,10.0
2025-09-20 07:00:00,13776,2082.9686698069427,0.0,5546.031330193058,6136.0,1.0,10.0
2025-09-20 08:00:00,14038,1972.0931265962504,0.0,5928.906873403749,6126.0,1.0,10.0
2025-09-20 09:00:00,14014,2011.3540867999984,0.0,5865.645913200002,6126.0,1.0,10.0
2025-09-20 10:00:00,14280,1744.1721285183935,0.0,6359.827871481606,6165.0,1.0,10.0
2025-09-20 11:00:00,14392,1640.1180295604725,0.0,6575.881970439527,6165.0,1.0,10.0
2025-09-20 12:00:00,14260,1694.7176984092202,0.0,6389.28230159078,6165.0,1.0,10.0
2025-09-20 13:00:00,14158,1683.5149806013449,0.0,6298.485019398655,6165.0,1.0,10.0
2025-09-20 14:00:00,14604,1626.3186862389243,0.0,6819.681313761075,6147.0,1.0,10.0
2025-09-20 15:00:00,15278,1611.8226422030616,457.5462260038783,7050.6311317930595,6147.0,1.0,10.0
2025-09-20 16:00:00,16005,1630.3816760405923,1129.0,7184.618323959407,6050.0,1.0,10.0
2025-09-20 17:00:00,16056,1686.814009568364,1129.0,7179.185990431637,6050.0,1.0,10.0
2025-09-20 18:00:00,15775,1889.1002190128695,1129.0,6708.899780987131,6037.0,1.0,10.0
2025-09-20 19:00:00,15453,2293.064877590223,0.0,6850.935122409777,6298.0,1.0,10.0
2025-09-20 20:00:00,14915,2475.245791161807,0.0,6130.754208838192,6298.0,1.0,10.0
2025-09-20 21:00:00,14126,2514.7032384893796,0.0,5302.296761510621,6298.0,1.0,10.0
2025-09-20 22:00:00,13576,2619.3333739123204,0.0,4969.666626087679,5976.0,1.0,10.0
2025-09-20 23:00:00,12984,2583.9281160046858,0.0,4091.071883995315,6298.0,1.0,10.0
2025-09-21 00:00:00,12507,1333.237412752033,0.0,4864.7625872479675,6298.0,1.0,10.0
2025-09-21 01:00:00,12436,2289.6809417563627,0.0,3837.3190582436364,6298.0,1.0,10.0
2025-09-21 02:00:00,12151,1118.4057597362112,0.0,4705.594240263788,6316.0,1.0,10.0
2025-09-21 03:00:00,12267,881.7752218504029,0.0,5058.224778149597,6316.0,1.0,10.0
2025-09-21 04:00:00,12020,795.574911459692,0.0,4874.425088540308,6339.0,1.0,10.0
2025-09-21 05:00:00,12496,1830.1552990237433,0.0,4315.844700976257,6339.0,1.0,10.0
2025-09-21 06:00:00,12874,1909.9736958645865,0.0,4643.026304135414,6310.0,1.0,10.0
2025-09-21 07:00:00,13345,1848.3017123735804,0.0,5175.698287626419,6310.0,1.0,10.0
2025-09-21 08:00:00,13938,1266.0756397632133,0.0,6406.924360236787,6254.0,1.0,10.0
2025-09-21 09:00:00,14321,1115.9612776228669,0.0,6940.038722377133,6254.0,1.0,10.0
2025-09-21 10:00:00,14581,958.3333810562184,0.0,7334.666618943782,6277.0,1.0,10.0
2025-09-21 11:00:00,15211,836.7621131182354,0.0,8065.237886881765,6288.0,11.0,10.0
2025-09-21 12:00:00,15779,777.7700719756765,0.0,8109.0,6288.0,62.0,542.2299280243242
2025-09-21 13:00:00,15957,834.2076806279016,0.0,8109.0,6288.0,75.0,650.7923193720981
2025-09-21 14:00:00,16511,661.8760600816447,0.0,8109.0,6270.0,88.0,1382.1239399183542
2025-09-21 15:00:00,16986,560.1054963976133,0.0,8109.0,6230.0,88.0,1998.894503602387
2025-09-21 16:00:00,17860,429.24892287712134,1129.0,8109.0,6221.0,88.0,1883.7510771228772
2025-09-21 17:00:00,17764,372.7263261216528,1129.0,8109.0,6221.0,88.0,1844.273673878346
2025-09-21 18:00:00,17467,554.8250842717453,1129.0,8109.0,6221.0,88.0,1365.1749157282538
2025-09-21 19:00:00,17253,658.072351050032,386.7965778277143,8109.0,6221.0,77.0,1801.1310711222536
2025-09-21 20:00:00,16589,733.8012706410908,113.19872935890815,8109.0,6274.0,52.0,1307.0
2025-09-21 21:00:00,15430,1086.7093103300276,0.0,8032.290689669972,6274.0,27.0,10.0
2025-09-21 22:00:00,14809,1067.0821413069998,0.0,7455.917858693,6274.0,2.0,10.0
2025-09-21 23:00:00,14019,1097.5724038777,0.0,6635.4275961223,6274.0,2.0,10.0
2025-09-22 00:00:00,13507,135.8334844099852,0.0,7085.166515590015,6274.0,2.0,10.0
2025-09-22 01:00:00,13233,154.7095192489519,0.0,6792.290480751048,6274.0,2.0,10.0
2025-09-22 02:00:00,13044,61.63644690858496,0.0,6678.363553091415,6292.0,2.0,10.0
2025-09-22 03:00:00,13349,-0.0,0.0,7045.0,6292.0,2.0,10.0
2025-09-22 04:00:00,13956,892.9965512075842,0.0,6592.003448792416,6459.0,2.0,10.0
2025-09-22 05:00:00,15089,887.5194658036277,0.0,7658.480534196372,6512.0,21.0,10.0
2025-09-22 06:00:00,16364,981.7735914384672,0.0,8104.0,6352.0,43.0,883.2264085615334
2025-09-22 07:00:00,16782,1073.744849874889,0.0,8104.0,6344.0,65.0,1195.255150125111
2025-09-22 08:00:00,17132,936.7393337418754,0.0,8104.0,6190.0,87.0,1814.2606662581238
2025-09-22 09:00:00,17478,955.155398854869,0.0,8104.0,6240.0,88.0,2090.8446011451306
2025-09-22 10:00:00,17657,972.646156097654,0.0,8104.0,6262.0,88.0,2230.353843902347
2025-09-22 11:00:00,17854,1014.8558308482088,0.0,8104.0,6262.0,88.0,2385.1441691517903
2025-09-22 12:00:00,18192,935.389840946681,0.0,8104.0,6262.0,88.0,2802.610159053318
2025-09-22 13:00:00,18360,980.9377267578012,0.0,8104.0,6262.0,88.0,2925.062273242198
2025-09-22 14:00:00,18726,996.027535975681,447.52395301083504,8104.0,6381.0,88.0,2709.4485110134833
2025-09-22 15:00:00,19111,769.595067801476,1129.0,8104.0,6318.0,88.0,2702.404932198522
2025-09-22 16:00:00,19464,653.2620565447307,1129.0,8104.0,6340.0,88.0,3149.7379434552713
2025-09-22 17:00:00,18893,513.4030630307793,1129.0,8104.0,6307.0,88.0,2751.596936969221
2025-09-22 18:00:00,18842,655.2701790147149,449.7298209852852,8104.0,6338.0,88.0,3207.0
2025-09-22 19:00:00,18520,860.2652667445063,0.0,8104.0,6338.0,88.0,3129.7347332554928
2025-09-22 20:00:00,17720,845.2389555284351,0.0,8104.0,6338.0,88.0,2344.7610444715647
2025-09-22 21:00:00,16829,690.7627907967976,0.0,8104.0,6338.0,88.0,1608.237209203202
2025-09-22 22:00:00,15833,637.568760191518,0.0,8104.0,6338.0,63.0,690.4312398084821
2025-09-22 23:00:00,14934,-0.0,0.0,8104.0,6314.0,38.0,478.0
2025-09-23 00:00:00,14317,-0.0,0.0,8030.0,6261.0,13.0,13.0
2025-09-23 01:00:00,13834,-0.0,0.0,7484.0,6335.0,2.0,13.0
2025-09-23 02:00:00,13548,-0.0,0.0,7180.0,6353.0,2.0,13.0
2025-09-23 03:00:00,13556,-0.0,0.0,7188.0,6353.0,2.0,13.0
2025-09-23 04:00:00,14178,-0.0,0.0,7714.0,6430.0,21.0,13.0
2025-09-23 05:00:00,15465,303.7071682433326,0.0,8104.0,6380.0,43.0,634.2928317566675
2025-09-23 06:00:00,16472,315.4811471252202,0.0,8104.0,6380.0,65.0,1607.5188528747785
2025-09-23 07:00:00,17071,205.4731741158716,0.0,8104.0,6263.0,87.0,2411.526825884128
2025-09-23 08:00:00,17288,126.6119911423835,489.23745697876393,8104.0,6107.0,88.0,2373.1505518788513
2025-09-23 09:00:00,17374,139.4205267936808,0.0,8104.0,6066.0,88.0,2976.5794732063196
2025-09-23 10:00:00,17626,255.5220318924221,0.0,8104.0,6107.0,88.0,3071.477968107578
2025-09-23 11:00:00,18101,328.0694945619998,0.0,8129.0,6107.0,88.0,3448.930505438
2025-09-23 12:00:00,18456,364.74559251041273,0.0,8129.0,6123.0,88.0,3751.254407489587
2025-09-23 13:00:00,18680,420.73136905688534,50.26863094311466,8129.0,6123.0,88.0,3869.000000000001
2025-09-23 14:00:00,18787,402.8420128761264,183.15798712387368,8129.0,6115.0,88.0,3869.0
2025-09-23 15:00:00,19059,425.36176537153625,276.6382346284645,8129.0,6271.0,88.0,3869.0
2025-09-23 16:00:00,19379,300.2764493776166,745.7235506223842,8129.0,6247.0,88.0,3869.0
2025-09-23 17:00:00,18609,120.09290722459023,155.90709277540918,8129.0,6247.0,88.0,3869.0
2025-09-23 18:00:00,18854,87.58289411565598,358.417105884344,8129.0,6322.0,88.0,3869.0
2025-09-23 19:00:00,18854,78.88125030878,372.1187496912207,8129.0,6322.0,88.0,3864.0
2025-09-23 20:00:00,18180,89.49903901423862,0.0,8129.0,6322.0,88.0,3551.5009609857607
2025-09-23 21:00:00,16998,177.3771105085346,0.0,8129.0,6322.0,88.0,2281.6228894914657
2025-09-23 22:00:00,15864,175.33656021097423,0.0,8129.0,6322.0,63.0,1174.6634397890266
2025-09-23 23:00:00,14819,-0.0,0.0,8129.0,6322.0,38.0,330.0
2025-09-24 00:00:00,14133,-0.0,0.0,7779.0,6322.0,13.0,19.0
2025-09-24 01:00:00,13766,-0.0,0.0,7428.0,6322.0,2.0,14.0
2025-09-24 02:00:00,13548,-0.0,0.0,7192.0,6340.0,2.0,14.0
2025-09-24 03:00:00,13511,-0.0,0.0,7228.0,6267.0,2.0,14.0
2025-09-24 04:00:00,13964,-0.0,0.0,7638.0,6291.0,21.0,14.0
2025-09-24 05:00:00,15233,300.5810662093593,0.0,8129.0,6287.0,43.0,473.41893379064095
2025-09-24 06:00:00,16517,345.3929048078613,0.0,8129.0,6272.0,65.0,1705.6070951921392
2025-09-24 07:00:00,16996,363.8870340682882,0.0,8129.0,6194.0,87.0,2222.112965931712
2025-09-24 08:00:00,17188,353.0853173014436,0.0,8129.0,6247.0,88.0,2370.914682698556
2025-09-24 09:00:00,17413,397.957642655339,0.0,8129.0,6199.0,88.0,2599.0423573446606
2025-09-24 10:00:00,17395,515.8340578525274,0.0,8129.0,6320.0,88.0,2342.1659421474724
2025-09-24 11:00:00,17445,489.05071051822085,0.0,8129.0,6333.0,88.0,2405.9492894817813
2025-09-24 12:00:00,17535,444.2793450870285,0.0,8129.0,6232.0,88.0,2641.7206549129714
2025-09-24 13:00:00,17711,441.3524476294899,0.0,8129.0,6232.0,88.0,2820.6475523705103
2025-09-24 14:00:00,17948,486.4403227797964,0.0,8129.0,6192.0,88.0,3052.5596772202043
2025-09-24 15:00:00,18039,568.5050706135316,0.0,8129.0,6196.0,88.0,3057.4949293864684
2025-09-24 16:00:00,18324,605.9486326834541,0.0,8129.0,6272.0,88.0,3229.051367316546
2025-09-24 17:00:00,18041,677.455938728202,0.0,8129.0,6373.0,88.0,2773.5440612717975
2025-09-24 18:00:00,18417,695.2969697250275,0.0,8129.0,6405.0,88.0,3099.7030302749718
2025-09-24 19:00:00,18053,821.3299469758384,0.0,8129.0,6405.0,88.0,2609.6700530241615
2025-09-24 20:00:00,17492,640.8766674721215,0.0,8129.0,6400.0,88.0,2234.123332527877
2025-09-24 21:00:00,16379,542.7112823060447,0.0,8129.0,6405.0,68.0,1234.2887176939548
2025-09-24 22:00:00,15523,440.6301072695558,0.0,8129.0,6405.0,43.0,505.3698927304431
2025-09-24 23:00:00,14566,-0.0,0.0,8129.0,6405.0,18.0,14.0
2025-09-25 00:00:00,13962,-0.0,0.0,7541.0,6405.0,2.0,14.0
2025-09-25 01:00:00,13614,-0.0,0.0,7193.0,6405.0,2.0,14.0
2025-09-25 02:00:00,13419,-0.0,0.0,6980.0,6423.0,2.0,14.0
2025-09-25 03:00:00,13431,-0.0,0.0,6992.0,6423.0,2.0,14.0
2025-09-25 04:00:00,13980,-0.0,0.0,7498.0,6447.0,21.0,14.0
2025-09-25 05:00:00,14921,-0.0,0.0,8129.0,6406.0,43.0,343.0
2025-09-25 06:00:00,16380,254.38665462369343,0.0,8129.0,6406.0,65.0,1525.6133453763068
2025-09-25 07:00:00,16970,155.22426359040315,0.0,8129.0,6224.0,87.0,2374.775736409596
2025-09-25 08:00:00,17189,163.801590367068,0.0,8129.0,6224.0,88.0,2584.1984096329325
2025-09-25 09:00:00,17235,235.11672474258,0.0,8129.0,6211.0,88.0,2571.88327525742
2025-09-25 10:00:00,17331,338.3059055163983,0.0,8129.0,6211.0,88.0,2564.6940944836024
2025-09-25 11:00:00,17469,396.5627967272795,0.0,8129.0,6363.0,88.0,2492.4372032727188
2025-09-25 12:00:00,17420,496.35980615876906,0.0,8129.0,6395.0,88.0,2311.640193841231
2025-09-25 13:00:00,17358,519.1553509345603,0.0,8129.0,6329.0,88.0,2292.8446490654387
2025-09-25 14:00:00,17538,574.918744253782,0.0,8129.0,6455.0,88.0,2291.0812557462195
2025-09-25 15:00:00,17738,552.4295992209316,0.0,8129.0,6511.0,88.0,2457.570400779068
2025-09-25 16:00:00,18055,498.7517077925065,0.0,8129.0,6564.0,88.0,2775.2482922074923
2025-09-25 17:00:00,17986,360.7193110071214,0.0,8129.0,6367.0,88.0,3041.280688992878
2025-09-25 18:00:00,18181,301.0819843546686,1129.0,8129.0,6367.0,88.0,2166.9180156453313
2025-09-25 19:00:00,17947,218.1118670757875,791.3533751880676,8129.0,6367.0,88.0,2353.5347577361445
2025-09-25 20:00:00,17253,258.467936294491,0.0,8129.0,6069.0,88.0,2708.5320637055083
2025-09-25 21:00:00,16270,297.8603709277643,0.0,8129.0,6244.0,63.0,1536.1396290722369
2025-09-25 22:00:00,15371,283.14259458917616,0.0,8129.0,6244.0,38.0,676.8574054108249
2025-09-25 23:00:00,14311,-0.0,0.0,8040.0,6244.0,13.0,14.0
2025-09-26 00:00:00,13795,-0.0,0.0,7535.0,6244.0,2.0,14.0
2025-09-26 01:00:00,13507,-0.0,0.0,7247.0,6244.0,2.0,14.0
2025-09-26 02:00:00,13318,-0.0,0.0,7040.0,6262.0,2.0,14.0
2025-09-26 03:00:00,13185,-0.0,0.0,6907.0,6262.0,2.0,14.0
2025-09-26 04:00:00,13355,-0.0,0.0,7053.0,6286.0,2.0,14.0
2025-09-26 05:00:00,14442,-0.0,0.0,8121.0,6286.0,21.0,14.0
2025-09-26 06:00:00,15491,197.1969946094251,0.0,8129.0,6286.0,43.0,835.803005390575
2025-09-26 07:00:00,16092,231.5374899476779,0.0,8129.0,6286.0,65.0,1380.4625100523226
2025-09-26 08:00:00,16337,338.32405613955666,0.0,8129.0,6207.0,87.0,1575.6759438604422
2025-09-26 09:00:00,16542,449.4186757232095,0.0,8129.0,6409.0,88.0,1466.5813242767908
2025-09-26 10:00:00,16810,464.7577725954807,0.0,8129.0,6409.0,88.0,1719.2422274045202
2025-09-26 11:00:00,16898,494.52056568864793,0.0,8129.0,6479.0,88.0,1707.4794343113517
2025-09-26 12:00:00,17238,602.146556536625,0.0,8129.0,6479.0,88.0,1939.8534434633748
2025-09-26 13:00:00,17179,688.0551180544917,0.0,8129.0,6479.0,88.0,1794.9448819455083
2025-09-26 14:00:00,17273,735.8462319870289,0.0,8129.0,6470.0,88.0,1850.1537680129713
2025-09-26 15:00:00,17973,700.6240238033115,0.0,8129.0,6470.0,88.0,2585.3759761966867
2025-09-26 16:00:00,18302,555.4516674728027,1129.0,8129.0,6446.0,88.0,1954.548332527198
2025-09-26 17:00:00,18288,403.4200498889471,1129.0,8129.0,6500.0,88.0,2038.5799501110523
2025-09-26 18:00:00,18116,372.89796358719974,-0.0,8129.0,6500.0,88.0,3026.1020364128
2025-09-26 19:00:00,17690,406.0150254371132,0.0,8129.0,6500.0,88.0,2566.984974562887
2025-09-26 20:00:00,17073,321.86361684113194,-0.0,8129.0,5639.0,88.0,2895.136383158868
2025-09-26 21:00:00,16266,205.33624919115343,0.0,8129.0,6501.0,63.0,1367.663750808846
2025-09-26 22:00:00,15207,178.4816314717686,0.0,8129.0,6448.0,38.0,413.5183685282318
2025-09-26 23:00:00,14208,-0.0,0.0,7735.0,6448.0,13.0,12.0
2025-09-27 00:00:00,13587,-0.0,0.0,7126.0,6448.0,2.0,11.0
2025-09-27 01:00:00,13259,-0.0,0.0,6798.0,6448.0,2.0,11.0
2025-09-27 02:00:00,12915,-0.0,0.0,6436.0,6466.0,2.0,11.0
2025-09-27 03:00:00,12844,-0.0,0.0,6365.0,6466.0,2.0,11.0
2025-09-27 04:00:00,12986,-0.0,0.0,6484.0,6489.0,2.0,11.0
2025-09-27 05:00:00,13440,-0.0,0.0,6967.0,6460.0,2.0,11.0
2025-09-27 06:00:00,13644,-0.0,0.0,7171.0,6460.0,2.0,11.0
2025-09-27 07:00:00,14476,-0.0,0.0,7984.0,6460.0,21.0,11.0
2025-09-27 08:00:00,15102,459.0,0.0,8129.0,6460.0,43.0,11.0
2025-09-27 09:00:00,15268,576.517230584851,0.0,8129.0,6460.0,65.0,37.48276941514905
2025-09-27 10:00:00,15636,831.6116700055366,0.0,8129.0,6460.0,87.0,128.38832999446458
2025-09-27 11:00:00,16045,1252.7258012148764,0.0,8129.0,6513.0,88.0,62.2741987851241
2025-09-27 12:00:00,16104,1278.9428609224176,0.0,8129.0,6542.0,88.0,66.0571390775824
2025-09-27 13:00:00,16732,1635.2608679031373,0.0,8129.0,6542.0,88.0,337.7391320968636
2025-09-27 14:00:00,17111,1475.9017214490289,0.0,8129.0,6575.0,88.0,843.0982785509696
2025-09-27 15:00:00,17306,1227.5006458890437,0.0,8129.0,6575.0,88.0,1286.4993541109561
2025-09-27 16:00:00,17815,895.4750082407428,1129.0,8129.0,6552.0,88.0,1021.5249917592573
2025-09-27 17:00:00,17844,724.9740027195228,1129.0,8129.0,6478.0,88.0,1295.025997280478
2025-09-27 18:00:00,17431,910.474374213596,0.0,8129.0,6478.0,88.0,1825.525625786404
2025-09-27 19:00:00,16861,1083.8975164790363,-0.0,8129.0,6478.0,63.0,1107.1024835209646
2025-09-27 20:00:00,16360,1263.6145894577642,-0.0,8129.0,6478.0,38.0,451.38541054223606
2025-09-27 21:00:00,15564,1609.158022130149,0.0,7451.841977869851,6478.0,13.0,12.0
2025-09-27 22:00:00,14741,1577.2141212606762,0.0,6671.785878739323,6478.0,2.0,12.0
2025-09-27 23:00:00,13848,1340.9281455248963,0.0,5941.0718544751035,6552.0,2.0,12.0
2025-09-28 00:00:00,13333,1099.3648624553632,0.0,5667.635137544637,6552.0,2.0,12.0
2025-09-28 01:00:00,13008,777.9653855739086,0.0,5664.034614426091,6552.0,2.0,12.0
2025-09-28 02:00:00,12809,11.59121511110402,0.0,6213.408784888896,6570.0,2.0,12.0
2025-09-28 03:00:00,12530,-0.0,0.0,5946.0,6570.0,2.0,12.0
2025-09-28 04:00:00,12469,-0.0,0.0,5862.0,6593.0,2.0,12.0
2025-09-28 05:00:00,12656,-0.0,0.0,6049.0,6593.0,2.0,12.0
2025-09-28 06:00:00,13217,898.6847700561104,0.0,5711.31522994389,6593.0,2.0,12.0
2025-09-28 07:00:00,13597,700.8064338042846,0.0,6289.193566195716,6593.0,2.0,12.0
2025-09-28 08:00:00,14280,555.8235237417317,0.0,7318.176476258268,6392.0,2.0,12.0
2025-09-28 09:00:00,14596,604.3327287625688,-0.0,7585.667271237431,6392.0,2.0,12.0
2025-09-28 10:00:00,14848,694.5862428534947,-0.0,7755.413757146505,6365.0,21.0,12.0
2025-09-28 11:00:00,15373,650.9585925201071,-0.0,8129.0,6365.0,43.0,185.04140747989368
2025-09-28 12:00:00,15552,732.8371338725703,0.0,8129.0,6365.0,65.0,260.1628661274299
2025-09-28 13:00:00,15682,782.8203209536979,-0.0,8129.0,6365.0,87.0,318.1796790463013
2025-09-28 14:00:00,16088,728.250255785955,-0.0,8129.0,6347.0,88.0,795.7497442140448
2025-09-28 15:00:00,16916,597.0523424417911,0.0,8129.0,6347.0,88.0,1754.9476575582084
2025-09-28 16:00:00,17736,487.5527534493165,1129.0,8129.0,6324.0,88.0,1578.4472465506842
2025-09-28 17:00:00,17861,423.11743296570296,1129.0,8129.0,6324.0,88.0,1767.8825670342976
2025-09-28 18:00:00,17575,498.0879996815371,1129.0,8129.0,6324.0,88.0,1406.9120003184635
2025-09-28 19:00:00,16926,604.0490475645992,529.4482576806347,8129.0,6324.0,88.0,1251.5026947547651
2025-09-28 20:00:00,16160,648.2689670360471,0.0,8129.0,6324.0,63.0,995.7310329639531
2025-09-28 21:00:00,15208,663.0171552744788,0.0,8129.0,6324.0,38.0,53.98284472552041
2025-09-28 22:00:00,14236,0.0,0.0,7886.0,6324.0,13.0,13.0
2025-09-28 23:00:00,13565,0.0,0.0,7226.0,6324.0,2.0,13.0
2025-09-29 00:00:00,13030,-0.0,0.0,6691.0,6324.0,2.0,13.0
2025-09-29 01:00:00,12504,-0.0,0.0,6165.0,6324.0,2.0,13.0
2025-09-29 02:00:00,12590,-0.0,0.0,6246.0,6329.0,2.0,13.0
2025-09-29 03:00:00,12654,-0.0,0.0,6283.0,6356.0,2.0,13.0
2025-09-29 04:00:00,13125,-0.0,0.0,6817.0,6293.0,2.0,13.0
2025-09-29 05:00:00,14322,0.0,0.0,7995.0,6293.0,21.0,13.0
2025-09-29 06:00:00,15287,544.034130619518,0.0,8129.0,6193.0,43.0,377.9658693804813
2025-09-29 07:00:00,15379,614.6330618816381,0.0,8129.0,5978.0,65.0,592.3669381183608
2025-09-29 08:00:00,15175,418.74195797461226,0.0,8129.0,5978.0,87.0,562.2580420253871
2025-09-29 09:00:00,15664,397.13037915505146,0.0,8106.0,5991.0,88.0,1081.8696208449473
2025-09-29 10:00:00,16025,431.31330749695894,0.0,8106.0,5991.0,88.0,1408.6866925030408
2025-09-29 11:00:00,16352,490.58456436039694,0.0,8131.0,6077.0,88.0,1565.415435639603
2025-09-29 12:00:00,16773,561.013005837959,0.0,8131.0,6077.0,88.0,1915.9869941620418
2025-09-29 13:00:00,17010,560.149195243041,0.0,8131.0,6077.0,88.0,2153.8508047569594
2025-09-29 14:00:00,17071,583.5778572729978,0.0,8131.0,6144.0,88.0,2124.422142727002
2025-09-29 15:00:00,17805,584.4607255197384,0.0,8131.0,6188.0,88.0,2813.539274480261
2025-09-29 16:00:00,18999,415.0848307382031,1129.0,8131.0,6165.0,88.0,3070.915169261796
2025-09-29 17:00:00,18870,319.81154812690306,1129.0,8131.0,6165.0,88.0,3037.1884518730985
2025-09-29 18:00:00,18615,294.30868963054326,1129.0,8131.0,6165.0,88.0,2807.691310369457
2025-09-29 19:00:00,17842,322.17496507730004,897.2537739961201,8131.0,6165.0,88.0,2238.5712609265797
2025-09-29 20:00:00,17086,322.7353234582848,-0.0,8131.0,6165.0,88.0,2379.2646765417157
2025-09-29 21:00:00,15878,319.61913150886346,-0.0,8131.0,6165.0,63.0,1199.3808684911364
2025-09-29 22:00:00,14867,257.6559833309792,-0.0,8131.0,6165.0,38.0,275.34401666901977
2025-09-29 23:00:00,13895,222.871245541186,0.0,7481.128754458814,6165.0,13.0,13.0
2025-09-30 00:00:00,13335,-0.0,0.0,7155.0,6165.0,2.0,13.0
2025-09-30 01:00:00,13038,-0.0,0.0,6858.0,6165.0,2.0,13.0
2025-09-30 02:00:00,12730,-0.0,0.0,6532.0,6183.0,2.0,13.0
2025-09-30 03:00:00,12723,-0.0,0.0,6525.0,6183.0,2.0,13.0
2025-09-30 04:00:00,13059,-0.0,0.0,6841.0,6203.0,2.0,13.0
2025-09-30 05:00:00,14120,817.4992501611682,0.0,7084.500749838831,6203.0,2.0,13.0
2025-09-30 06:00:00,15278,1071.2432600884154,0.0,8041.756739911585,6150.0,2.0,13.0
2025-09-30 07:00:00,15356,1291.2946366336948,0.0,8053.705363366305,5996.0,2.0,13.0
2025-09-30 08:00:00,15352,1099.594470815921,325.40552918407775,8131.0,5781.0,2.0,13.0
2025-09-30 09:00:00,15570,1012.8548806181656,0.0,8131.0,5781.0,24.0,621.1451193818357
2025-09-30 10:00:00,15727,1042.3245213477874,0.0,8131.0,5801.0,46.0,706.6754786522124
2025-09-30 11:00:00,15975,1116.61714503624,0.0,8131.0,5801.0,68.0,858.3828549637601
2025-09-30 12:00:00,16247,1121.9423943216195,0.0,8131.0,5801.0,87.0,1106.0576056783793
2025-09-30 13:00:00,16263,1204.486582784829,0.0,8131.0,5816.0,88.0,1023.5134172151702
2025-09-30 14:00:00,16562,1355.057585502307,0.0,8131.0,5963.0,88.0,1024.9424144976929
2025-09-30 15:00:00,17201,1496.4072911023704,0.0,8131.0,5968.0,88.0,1517.5927088976296
2025-09-30 16:00:00,18155,1450.492716240117,1013.12688699806,8131.0,6073.0,88.0,1399.3803967618219
2025-09-30 17:00:00,17946,1212.1792115128949,1129.0,8131.0,6073.0,88.0,1312.8207884871044
2025-09-30 18:00:00,17678,1422.4193531507103,0.0,8131.0,6073.0,88.0,1963.5806468492901
2025-09-30 19:00:00,17114,1673.8779719087668,0.0,8131.0,6088.0,63.0,1158.122028091233
2025-09-30 20:00:00,16351,1968.5638985052808,0.0,8131.0,6088.0,38.0,125.43610149471897
2025-09-30 21:00:00,15461,2232.8249816427247,0.0,7113.175018357275,6088.0,13.0,14.0
2025-09-30 22:00:00,14291,2376.962098148889,0.0,5810.037901851112,6088.0,2.0,14.0
2025-09-30 23:00:00,13517,2451.869412945024,0.0,4961.130587054977,6088.0,2.0,14.0
2025-10-01 00:00:00,12970,1425.6005952382334,0.0,5466.399404761767,6064.0,1.0,13.0
2025-10-01 01:00:00,12663,1403.8900880922788,0.0,5181.109911907721,6064.0,1.0,13.0
2025-10-01 02:00:00,12412,1248.1566118823423,0.0,5141.843388117657,6008.0,1.0,13.0
2025-10-01 03:00:00,12491,1090.657397217697,0.0,5378.3426027823025,6008.0,1.0,13.0
2025-10-01 04:00:00,12886,2254.986141873567,0.0,4609.013858126433,6008.0,1.0,13.0
2025-10-01 05:00:00,14139,2211.9728888476143,0.0,5864.027111152385,6049.0,1.0,13.0
2025-10-01 06:00:00,15258,2096.5272664598406,0.0,7098.472733540159,6049.0,1.0,13.0
2025-10-01 07:00:00,15207,1807.933520895733,0.0,7336.066479104267,6049.0,1.0,13.0
2025-10-01 08:00:00,15110,1248.218939552948,0.0,7798.781060447052,6049.0,1.0,13.0
2025-10-01 09:00:00,14565,1260.7363830262002,0.0,7241.2636169738,6049.0,1.0,13.0
2025-10-01 10:00:00,14658,1137.0403995071083,0.0,7457.959600492892,6049.0,1.0,13.0
2025-10-01 11:00:00,14812,1188.9287719469748,0.0,7504.071228053025,6105.0,1.0,13.0
2025-10-01 12:00:00,14951,1224.955304394699,0.0,7658.044695605301,6054.0,1.0,13.0
2025-10-01 13:00:00,15047,1173.8286035693795,0.0,7754.17139643062,6105.0,1.0,13.0
2025-10-01 14:00:00,15331,1058.394282852607,0.0,8073.605717147393,6175.0,11.0,13.0
2025-10-01 15:00:00,15891,907.8925663613109,457.5462260038783,8131.0,6175.0,24.0,195.56120763480993
2025-10-01 16:00:00,16562,820.2582994814094,1129.0,8131.0,6110.0,37.0,334.74170051859073
2025-10-01 17:00:00,16692,789.4142240227081,1129.0,8131.0,6110.0,50.0,482.58577597729163
2025-10-01 18:00:00,16697,980.615517941436,1129.0,8131.0,6110.0,50.0,296.3844820585655
2025-10-01 19:00:00,16414,1247.4553235004005,0.0,8131.0,6110.0,37.0,888.5446764995995
2025-10-01 20:00:00,15866,1365.4837604722904,0.0,8131.0,5788.0,24.0,557.5162395277093
2025-10-01 21:00:00,14655,1626.0260758276306,0.0,6893.973924172369,6110.0,11.0,14.0
2025-10-01 22:00:00,13746,1975.251860116526,0.0,5645.748139883473,6110.0,1.0,14.0
2025-10-01 23:00:00,12996,2252.319712871963,0.0,4592.680287128038,6137.0,1.0,13.0
2025-10-02 00:00:00,12641,1025.827344202522,0.0,5458.172655797478,6143.0,1.0,13.0
2025-10-02 01:00:00,12406,1030.23539766434,0.0,5218.76460233566,6143.0,1.0,13.0
2025-10-02 02:00:00,12422,875.0038861685871,0.0,5371.996113831413,6161.0,1.0,13.0
2025-10-02 03:00:00,12528,810.8811710632854,0.0,5542.118828936715,6161.0,1.0,13.0
2025-10-02 04:00:00,12811,1976.947071397723,0.0,4636.0529286022775,6184.0,1.0,13.0
2025-10-02 05:00:00,14183,1908.8266944375712,0.0,6076.173305562429,6184.0,1.0,13.0
2025-10-02 06:00:00,15352,1760.502965999366,0.0,7398.497034000634,6179.0,1.0,13.0
2025-10-02 07:00:00,15352,1688.0886283364089,0.0,7470.911371663591,6179.0,1.0,13.0
2025-10-02 08:00:00,15180,1266.1319509690345,0.0,7720.868049030965,6179.0,1.0,13.0
2025-10-02 09:00:00,15040,923.4752457216166,0.0,7923.524754278384,6179.0,1.0,13.0
2025-10-02 10:00:00,14659,747.7689306384113,0.0,7718.231069361589,6179.0,1.0,13.0
2025-10-02 11:00:00,14898,664.4448300090875,0.0,8054.555169990913,6155.0,11.0,13.0
2025-10-02 12:00:00,15223,580.2441873076866,0.0,8131.0,6179.0,24.0,308.75581269231407
2025-10-02 13:00:00,15349,592.1421581369027,0.0,8131.0,6179.0,37.0,409.85784186309684
2025-10-02 14:00:00,15588,606.4411227952634,0.0,8131.0,6163.0,50.0,637.5588772047377
2025-10-02 15:00:00,16161,592.7244614533987,677.3999999999991,8131.0,6225.0,50.0,484.87553854660166
2025-10-02 16:00:00,16971,472.1552362697389,1129.0,8131.0,6225.0,50.0,963.8447637302615
2025-10-02 17:00:00,16997,506.0109905935525,1129.0,8131.0,6219.0,50.0,961.9890094064467
2025-10-02 18:00:00,16979,736.3694327767151,1129.0,8131.0,6188.0,50.0,744.6305672232847
2025-10-02 19:00:00,16629,1071.131887044878,0.0,8131.0,6188.0,37.0,1201.8681129551223
2025-10-02 20:00:00,15865,1433.1358140099248,0.0,8131.0,6169.0,24.0,107.86418599007447
2025-10-02 21:00:00,15017,1499.477254580979,0.0,7324.522745419021,6169.0,11.0,13.0
2025-10-02 22:00:00,14022,1438.6524363244234,0.0,6381.347563675577,6188.0,1.0,13.0
2025-10-02 23:00:00,13367,1380.7310023557272,0.0,5784.2689976442725,6188.0,1.0,13.0
2025-10-03 00:00:00,12914,205.29654135783653,0.0,6506.703458642163,6188.0,1.0,13.0
2025-10-03 01:00:00,12697,170.77857511049206,0.0,6324.221424889508,6188.0,1.0,13.0
2025-10-03 02:00:00,12778,71.24434351355762,0.0,6486.755656486443,6206.0,1.0,13.0
2025-10-03 03:00:00,12638,23.96284905664652,0.0,6394.0371509433535,6206.0,1.0,13.0
2025-10-03 04:00:00,13153,998.8101008349756,0.0,5934.189899165024,6206.0,1.0,13.0
2025-10-03 05:00:00,14372,811.3669376121176,0.0,7330.633062387882,6206.0,11.0,13.0
2025-10-03 06:00:00,15364,734.372858076229,0.0,8131.0,6206.0,24.0,268.627141923771
2025-10-03 07:00:00,15528,658.555534887619,0.0,8131.0,6205.0,37.0,496.4444651123813
2025-10-03 08:00:00,15284,544.0424982283505,0.0,8131.0,6205.0,50.0,353.9575017716488
2025-10-03 09:00:00,15389,500.0877487326693,0.0,8131.0,6205.0,50.0,502.91225126733116
2025-10-03 10:00:00,15357,530.9987287121737,0.0,8116.0,6205.0,50.0,455.00127128782697
2025-10-03 11:00:00,15605,529.2560634235638,0.0,8116.0,6205.0,50.0,704.7439365764367
2025-10-03 12:00:00,15832,599.6654264383665,0.0,8116.0,6213.0,50.0,853.3345735616331
2025-10-03 13:00:00,16093,671.544108902776,0.0,8131.0,6213.0,50.0,1027.4558910972228
2025-10-03 14:00:00,16343,682.2167161299087,0.0,8131.0,6248.0,50.0,1231.7832838700924
2025-10-03 15:00:00,17080,607.0258230665103,897.2537739961201,8131.0,6302.0,50.0,1092.7204029373704
2025-10-03 16:00:00,17657,445.18796074530746,1129.0,8131.0,6223.0,50.0,1678.8120392546916
2025-10-03 17:00:00,17882,393.7231823696113,1129.0,8131.0,6149.0,50.0,2029.276817630387
2025-10-03 18:00:00,17264,630.1634509075338,1129.0,8131.0,6120.0,50.0,1203.8365490924662
2025-10-03 19:00:00,16871,892.1072496928043,0.0,8131.0,6120.0,50.0,1677.8927503071955
2025-10-03 20:00:00,16350,892.2640592467156,0.0,8131.0,6120.0,37.0,1169.735940753284
2025-10-03 21:00:00,15338,910.6380185887136,0.0,8131.0,6120.0,24.0,152.36198141128625
2025-10-03 22:00:00,14429,939.8768260047286,0.0,7345.123173995271,6120.0,11.0,13.0
2025-10-03 23:00:00,13523,984.2228238758944,0.0,6404.777176124106,6120.0,1.0,13.0
2025-10-04 00:00:00,13029,57.67547589501498,0.0,6834.324524104985,6124.0,1.0,12.0
2025-10-04 01:00:00,12793,0.0,0.0,6656.0,6124.0,1.0,12.0
2025-10-04 02:00:00,12600,-0.0,0.0,6463.0,6124.0,1.0,12.0
2025-10-04 03:00:00,12599,-0.0,0.0,6462.0,6124.0,1.0,12.0
2025-10-04 04:00:00,12688,-0.0,0.0,6551.0,6124.0,1.0,12.0
2025-10-04 05:00:00,13240,719.6793196055276,0.0,6383.320680394472,6124.0,1.0,12.0
2025-10-04 06:00:00,13646,669.6689482540648,0.0,6840.331051745935,6123.0,1.0,12.0
2025-10-04 07:00:00,14248,750.9181958617941,0.0,7232.081804138206,6252.0,1.0,12.0
2025-10-04 08:00:00,14656,688.4113861343593,0.0,7692.588613865641,6252.0,11.0,12.0
2025-10-04 09:00:00,15219,573.7542036933604,0.0,8131.0,6252.0,24.0,238.24579630664084
2025-10-04 10:00:00,15386,627.0301678997768,0.0,8131.0,6440.0,37.0,150.96983210022336
2025-10-04 11:00:00,16058,794.6864933415509,0.0,8131.0,6440.0,50.0,642.3135066584491
2025-10-04 12:00:00,16377,1007.4110197811672,0.0,8131.0,6424.0,50.0,764.5889802188321
2025-10-04 13:00:00,16733,1164.983345377097,0.0,8131.0,6424.0,50.0,963.0166546229029
2025-10-04 14:00:00,17330,1114.9220660130022,897.2537739961201,8131.0,6440.0,50.0,696.8241599908786
2025-10-04 15:00:00,17941,1007.2900573029722,1129.0,8131.0,6440.0,50.0,1183.7099426970271
2025-10-04 16:00:00,18555,845.5910173672731,1129.0,8131.0,6441.0,50.0,1958.4089826327254
2025-10-04 17:00:00,18252,860.5593014782704,1129.0,8131.0,6441.0,50.0,1640.4406985217283
2025-10-04 18:00:00,17561,1216.2032999020478,0.0,8131.0,6188.0,37.0,1988.7967000979515
2025-10-04 19:00:00,16956,1630.572058494988,0.0,8131.0,6423.0,24.0,747.4279415050114
2025-10-04 20:00:00,16133,1876.8986132319335,0.0,7787.101386768067,6445.0,11.0,13.0
2025-10-04 21:00:00,15337,2088.2689873716668,0.0,7327.731012628334,5905.0,1.0,15.0
2025-10-04 22:00:00,14298,2283.488085314343,0.0,5875.511914685656,6123.0,1.0,15.0
2025-10-04 23:00:00,13472,2352.947142893617,0.0,4658.052857106382,6445.0,1.0,15.0
2025-10-05 00:00:00,13084,1191.1532292088814,0.0,5431.846770791119,6445.0,1.0,15.0
2025-10-05 01:00:00,12848,1094.0320510311426,0.0,5292.967948968857,6445.0,1.0,15.0
2025-10-05 02:00:00,12556,899.907445504869,0.0,5195.0925544951315,6445.0,1.0,15.0
2025-10-05 03:00:00,12531,1717.3158471130232,0.0,4352.684152886977,6445.0,1.0,15.0
2025-10-05 04:00:00,12472,749.6620402671158,0.0,5261.337959732884,6445.0,1.0,15.0
2025-10-05 05:00:00,12865,1784.2140233026812,0.0,4765.785976697319,6299.0,1.0,15.0
2025-10-05 06:00:00,13376,1630.4365950802417,0.0,5430.563404919758,6299.0,1.0,15.0
2025-10-05 07:00:00,13856,1456.8412328210568,0.0,6084.158767178943,6299.0,1.0,15.0
2025-10-05 08:00:00,14447,1049.121185147346,0.0,7076.681340717206,6299.0,7.197474135447919,15.0
2025-10-05 09:00:00,15204,773.8025258645517,0.0,8121.0,6274.0,20.19747413544792,15.0
2025-10-05 10:00:00,15815,783.9343876982134,0.0,8121.0,6274.0,33.19747413544792,602.8681381663391
2025-10-05 11:00:00,16430,918.9868435125824,0.0,8121.0,6274.0,46.19747413544792,1069.8156823519694
2025-10-05 12:00:00,17092,1007.7366939227828,0.0,8121.0,6274.0,50.0,1639.2633060772168
2025-10-05 13:00:00,17502,1061.7327772473673,0.0,8121.0,6385.0,50.0,1884.2672227526327
2025-10-05 14:00:00,18065,1104.8420319123663,0.0,8121.0,6396.0,50.0,2393.157968087635
2025-10-05 15:00:00,18847,1118.855611089244,1129.0,8121.0,6396.0,50.0,2032.144388910754
2025-10-05 16:00:00,19380,1058.1413644391253,1129.0,8121.0,6396.0,50.0,2625.858635560875
2025-10-05 17:00:00,19079,1028.3662362523628,1129.0,8121.0,6391.0,50.0,2359.633763747639
2025-10-05 18:00:00,18553,1376.7111618692004,677.3999999999991,8121.0,6124.0,50.0,2203.888838130801
2025-10-05 19:00:00,17925,1734.9918302619426,0.0,8121.0,6102.0,37.0,1930.0081697380592
2025-10-05 20:00:00,17065,2039.2116768414703,0.0,8121.0,5615.0,24.0,1265.7883231585292
2025-10-05 21:00:00,15847,2353.5302960113986,0.0,7290.469703988601,6177.0,11.0,15.0
2025-10-05 22:00:00,14999,2648.9973313442797,0.0,6479.002668655721,5855.0,1.0,15.0
2025-10-05 23:00:00,14115,2735.2889627693385,0.0,5247.7110372306615,6116.0,1.0,15.0
2025-10-06 00:00:00,13353,1630.6406505428204,0.0,5530.35934945718,6177.0,1.0,14.0
2025-10-06 01:00:00,13209,1502.5362089367954,0.0,5428.463791063205,6263.0,1.0,14.0
2025-10-06 02:00:00,13113,1283.464095628166,0.0,5551.5359043718345,6263.0,1.0,14.0
2025-10-06 03:00:00,13152,1012.9772548735124,0.0,5861.022745126487,6263.0,1.0,14.0
2025-10-06 04:00:00,13660,1895.3270159661893,0.0,5486.67298403381,6263.0,1.0,14.0
2025-10-06 05:00:00,14856,1811.885314446887,0.0,6758.114685553113,6271.0,1.0,14.0
2025-10-06 06:00:00,16082,1827.853761036448,0.0,7968.146238963553,6271.0,1.0,14.0
2025-10-06 07:00:00,16104,1873.897220701356,0.0,7992.102779298644,6213.0,11.0,14.0
2025-10-06 08:00:00,16314,1628.6907592415416,0.0,8121.0,5988.0,24.0,552.309240758459
2025-10-06 09:00:00,16911,1744.1654437729726,0.0,8121.0,6004.0,37.0,1004.8345562270279
2025-10-06 10:00:00,17122,1886.6877766445004,0.0,8121.0,6014.0,50.0,1050.3122233555005
2025-10-06 11:00:00,17593,2034.674504651852,0.0,8121.0,6014.0,50.0,1373.3254953481483
2025-10-06 12:00:00,18223,2215.7764520388914,0.0,8121.0,6127.0,50.0,1709.2235479611081
2025-10-06 13:00:00,18567,2272.6389680242255,0.0,8121.0,6127.0,50.0,1996.3610319757754
2025-10-06 14:00:00,18990,2266.918042815886,0.0,8121.0,6127.0,50.0,2425.081957184113
2025-10-06 15:00:00,19670,2011.7392235309967,897.2537739961201,8121.0,6376.0,50.0,2214.007002472884
2025-10-06 16:00:00,20335,1710.478664537936,1129.0,8121.0,6344.0,50.0,2980.5213354620646
2025-10-06 17:00:00,20089,1433.961814099482,1129.0,8121.0,6385.0,50.0,2970.0381859005174
2025-10-06 18:00:00,19614,1637.4253351335235,1129.0,8121.0,6344.0,50.0,2332.5746648664754
2025-10-06 19:00:00,18981,1850.7071198199635,0.0,8121.0,6344.0,50.0,2615.292880180037
2025-10-06 20:00:00,18021,2077.2087780492843,0.0,8121.0,6321.0,50.0,1451.7912219507161
2025-10-06 21:00:00,17061,1976.953363072676,0.0,8121.0,5781.0,37.0,1145.0466369273236
2025-10-06 22:00:00,15905,1922.9346857444625,0.0,8121.0,5459.0,24.0,378.0653142555384
2025-10-06 23:00:00,14831,2027.3520331987593,0.0,6458.64796680124,6321.0,11.0,13.0
2025-10-07 00:00:00,14112,920.5783969943532,0.0,6856.421603005647,6321.0,1.0,13.0
2025-10-07 01:00:00,13894,862.2188938765121,0.0,6696.781106123488,6321.0,1.0,13.0
2025-10-07 02:00:00,13687,1028.1472301282588,0.0,6323.852769871741,6321.0,1.0,13.0
2025-10-07 03:00:00,13829,887.5783628928609,0.0,6606.421637107139,6321.0,1.0,13.0
2025-10-07 04:00:00,14423,1823.8122575141313,0.0,6264.1877424858685,6321.0,1.0,13.0
2025-10-07 05:00:00,15750,1450.599429742177,0.0,8026.400570257822,6246.0,14.0,13.0
2025-10-07 06:00:00,17101,1204.7077624227552,531.292237577245,8121.0,5941.0,27.0,1276.0
2025-10-07 07:00:00,17378,1148.0145662272027,261.98087542469443,8121.0,5848.0,40.0,1959.004558348103
2025-10-07 08:00:00,17638,1237.8536065885962,1129.0,8121.0,5846.0,50.0,1254.1463934114036
2025-10-07 09:00:00,17790,1229.9951928267967,170.85841376179815,8121.0,5915.0,50.0,2303.1463934114036
2025-10-07 10:00:00,17918,1191.6416030186726,0.0,8121.0,5915.0,50.0,2640.358396981326
2025-10-07 11:00:00,17994,1258.0533695149527,0.0,8121.0,5915.0,50.0,2649.9466304850466
2025-10-07 12:00:00,18041,984.4642976711754,1129.0,8121.0,5973.0,50.0,1783.5357023288234
2025-10-07 13:00:00,17857,845.2146412351714,842.2684732362618,8121.0,5899.0,50.0,2099.516885528566
2025-10-07 14:00:00,17419,1390.264125841367,0.0,8121.0,5854.0,50.0,2003.7358741586322
2025-10-07 15:00:00,17447,1453.5472547449135,0.0,8121.0,5951.0,50.0,1871.4527452550865
2025-10-07 16:00:00,17774,1364.3269368543413,0.0,8121.0,5961.0,50.0,2277.6730631456594
2025-10-07 17:00:00,17572,1329.547275500758,0.0,8121.0,6009.0,50.0,2062.4527244992423
2025-10-07 18:00:00,17686,1656.392536079219,0.0,8121.0,6054.0,50.0,1804.60746392078
2025-10-07 19:00:00,17280,1680.2117581134,0.0,8121.0,6054.0,37.0,1387.7882418865993
2025-10-07 20:00:00,16381,1655.5556779720396,0.0,8121.0,6053.0,24.0,527.4443220279609
2025-10-07 21:00:00,15362,1716.270424891517,0.0,8040.729575108483,5585.0,11.0,9.0
2025-10-07 22:00:00,14632,1495.9923946229055,0.0,7464.0076053770945,5662.0,1.0,9.0
2025-10-07 23:00:00,13964,1222.9262879806492,0.0,6678.073712019351,6053.0,1.0,9.0
2025-10-08 00:00:00,13452,1184.9286635275553,0.0,6204.071336472445,6053.0,1.0,9.0
2025-10-08 01:00:00,13107,50.11309647023904,0.0,6742.886903529761,6098.0,1.0,215.0
2025-10-08 02:00:00,12761,122.65030068646364,0.0,6324.349699313536,6098.0,1.0,215.0
2025-10-08 03:00:00,12933,165.4428619576693,0.0,6453.557138042331,6098.0,1.0,215.0
2025-10-08 04:00:00,13147,300.6104859073298,0.0,6532.389514092671,6098.0,1.0,215.0
2025-10-08 05:00:00,14220,1401.2522580819937,0.0,6504.747741918007,6098.0,1.0,215.0
2025-10-08 06:00:00,15461,1479.2280243553566,796.2462260038789,6871.525749640764,6098.0,1.0,215.0
2025-10-08 07:00:00,15358,1461.5320861019077,0.0,7582.467913898092,6098.0,1.0,215.0
2025-10-08 08:00:00,15103,1326.4682227119488,0.0,7462.531777288052,6098.0,1.0,215.0
2025-10-08 09:00:00,14594,1682.6855699913915,0.0,6597.314430008608,6098.0,1.0,215.0
2025-10-08 10:00:00,14662,1898.7093707905208,0.0,6449.290629209479,6098.0,1.0,215.0
2025-10-08 11:00:00,14888,1812.5886321845664,0.0,6761.411367815434,6098.0,1.0,215.0
2025-10-08 12:00:00,14834,1947.3746890195944,0.0,6572.625310980406,6098.0,1.0,215.0
2025-10-08 13:00:00,14787,2019.238625446292,0.0,6453.761374553707,6098.0,1.0,215.0
2025-10-08 14:00:00,14726,885.2177266151091,0.0,7526.782273384891,6098.0,1.0,215.0
2025-10-08 15:00:00,15286,1749.7202078044313,0.0,7222.279792195569,6098.0,1.0,215.0
2025-10-08 16:00:00,15950,1604.962766161257,0.0,7903.037233838743,6226.0,1.0,215.0
2025-10-08 17:00:00,16228,1333.576307550512,897.2537739961201,7555.169918453367,6226.0,1.0,215.0
2025-10-08 18:00:00,16633,1237.887032849073,1129.0,7824.112967150926,6226.0,1.0,215.0
2025-10-08 19:00:00,16487,1355.5843738484286,1129.0,7560.415626151571,6226.0,1.0,215.0
2025-10-08 20:00:00,15881,1370.628581502196,1129.0,6939.371418497805,6226.0,1.0,215.0
2025-10-08 21:00:00,14987,1326.3427245646026,0.0,7259.657275435397,6185.0,1.0,215.0
2025-10-08 22:00:00,14100,1136.510347427863,0.0,6562.489652572137,6185.0,1.0,215.0
2025-10-08 23:00:00,13410,97.12949341255614,0.0,6911.870506587444,6185.0,1.0,215.0
2025-10-09 00:00:00,12908,0.0,0.0,6507.0,6185.0,1.0,215.0
2025-10-09 01:00:00,12771,-0.0,0.0,6370.0,6185.0,1.0,215.0
2025-10-09 02:00:00,12658,-0.0,0.0,6257.0,6185.0,1.0,215.0
2025-10-09 03:00:00,12828,-0.0,0.0,6427.0,6185.0,1.0,215.0
2025-10-09 04:00:00,13319,768.1586613110919,0.0,6149.841338688908,6185.0,1.0,215.0
2025-10-09 05:00:00,14551,821.7897645637386,0.0,7318.210235436261,6185.0,11.0,215.0
2025-10-09 06:00:00,16069,867.3873205328222,611.6126794671782,8166.0,6185.0,24.0,215.0
2025-10-09 07:00:00,15844,865.6800569201728,129.0354456859632,8166.0,5901.0,37.0,745.2844973938636
2025-10-09 08:00:00,15454,720.3868642616193,0.0,8166.0,5672.0,50.0,845.613135738382
2025-10-09 09:00:00,14942,631.9469641843541,0.0,8166.0,5672.0,37.0,435.0530358156466
2025-10-09 10:00:00,14544,702.4449950892895,0.0,7996.5550049107105,5606.0,24.0,215.0
2025-10-09 11:00:00,14769,589.5828547289614,0.0,8166.0,5756.0,37.0,220.41714527103977
2025-10-09 12:00:00,14265,12.0,0.0,8166.0,5822.0,50.0,215.0
2025-10-09 13:00:00,14663,423.0,0.0,8166.0,5822.0,37.0,215.0
2025-10-09 14:00:00,14820,632.9412986251862,0.0,8111.058701374814,5837.0,24.0,215.0
2025-10-09 15:00:00,15445,623.5802779027399,0.0,8166.0,6187.0,37.0,431.4197220972601
2025-10-09 16:00:00,16120,594.6479267475876,897.2537739961201,8160.0,6187.0,50.0,231.09829925629197
2025-10-09 17:00:00,16480,532.7512495633375,1129.0,8160.0,6248.0,50.0,360.2487504366618
2025-10-09 18:00:00,16906,667.593550755476,1129.0,8160.0,6207.0,99.0,643.406449244525
2025-10-09 19:00:00,16822,871.3443869425561,1129.0,8160.0,6207.0,148.0,306.6556130574463
2025-10-09 20:00:00,16293,1043.0116673458044,0.0,8160.0,6222.0,109.0,758.9883326541967
2025-10-09 21:00:00,15317,1248.7286772347634,0.0,7630.271322765237,6222.0,1.0,215.0
2025-10-09 22:00:00,14446,1420.8844860585946,0.0,6587.115513941406,6222.0,1.0,215.0
2025-10-09 23:00:00,13784,1375.5283846820696,0.0,5970.471615317931,6222.0,1.0,215.0
2025-10-10 00:00:00,13370,425.75421559666415,0.0,6507.245784403336,6222.0,1.0,214.0
2025-10-10 01:00:00,13192,501.1395225621493,0.0,6253.860477437851,6222.0,1.0,214.0
2025-10-10 02:00:00,13144,402.6787682466693,0.0,6304.321231753331,6222.0,1.0,214.0
2025-10-10 03:00:00,13141,396.1481530318713,0.0,6307.8518469681285,6222.0,1.0,214.0
2025-10-10 04:00:00,13539,1506.9321109491616,0.0,5595.067889050839,6222.0,1.0,214.0
2025-10-10 05:00:00,14737,1445.3549609391173,0.0,6854.6450390608825,6222.0,1.0,214.0
2025-10-10 06:00:00,15832,1413.2086854138545,1129.0,6852.791314586146,6222.0,1.0,214.0
2025-10-10 07:00:00,15823,1413.2395698436528,1129.0,6919.760430156348,6146.0,1.0,214.0
2025-10-10 08:00:00,15546,1303.6817001027262,1129.0,6752.318299897273,6146.0,1.0,214.0
2025-10-10 09:00:00,15155,1329.2810577431037,118.84622600387816,7269.872716253019,6222.0,1.0,214.0
2025-10-10 10:00:00,14836,1876.690655551388,0.0,6505.309344448611,6239.0,1.0,214.0
2025-10-10 11:00:00,14512,2176.405445563006,0.0,5881.594554436993,6239.0,1.0,214.0
2025-10-10 12:00:00,14534,1159.124837754308,0.0,6920.875162245692,6239.0,1.0,214.0
2025-10-10 13:00:00,14552,1151.430204930572,0.0,6946.569795069428,6239.0,1.0,214.0
2025-10-10 14:00:00,14646,1391.5346201940356,0.0,6742.465379805964,6297.0,1.0,214.0
2025-10-10 15:00:00,15414,2379.520934588708,0.0,6522.479065411291,6297.0,1.0,214.0
2025-10-10 16:00:00,16212,1880.2665879697531,1129.0,6690.733412030248,6297.0,1.0,214.0
2025-10-10 17:00:00,16450,1744.740607243813,1129.0,7258.259392756187,6103.0,1.0,214.0
2025-10-10 18:00:00,16696,1774.6960621263604,1129.0,7515.303937873639,6062.0,1.0,214.0
2025-10-10 19:00:00,16175,2112.6462157111227,0.0,7923.353784288876,5924.0,1.0,214.0
2025-10-10 20:00:00,15676,2320.297452027608,0.0,7499.7025479723925,5641.0,1.0,214.0
2025-10-10 21:00:00,14792,2344.820148868411,0.0,6884.179851131589,5348.0,1.0,214.0
2025-10-10 22:00:00,14235,1646.7021474540136,0.0,6239.297852545987,6134.0,1.0,214.0
2025-10-10 23:00:00,13707,1226.0223540248128,0.0,6065.977645975187,6200.0,1.0,214.0
2025-10-11 00:00:00,13297,1196.0658528232752,0.0,5609.934147176725,6276.0,1.0,214.0
2025-10-11 01:00:00,12782,309.58354470865606,0.0,5981.416455291344,6276.0,1.0,214.0
2025-10-11 02:00:00,12533,333.8945436818003,0.0,5708.1054563182,6276.0,1.0,214.0
2025-10-11 03:00:00,12496,351.8415286791444,0.0,5653.158471320856,6276.0,1.0,214.0
2025-10-11 04:00:00,12664,396.3483505598308,0.0,5776.651649440169,6276.0,1.0,214.0
2025-10-11 05:00:00,13084,1374.489811325831,0.0,5218.510188674169,6276.0,1.0,214.0
2025-10-11 06:00:00,13881,1021.1841328499828,0.0,6368.815867150017,6276.0,1.0,214.0
2025-10-11 07:00:00,14583,765.4796480506949,0.0,7326.520351949305,6276.0,1.0,214.0
2025-10-11 08:00:00,15104,657.6866205235732,0.0,7955.313379476427,6276.0,1.0,214.0
2025-10-11 09:00:00,14972,628.399537315551,0.0,7928.600462684449,6200.0,1.0,214.0
2025-10-11 10:00:00,15005,613.0858156317424,0.0,7976.914184368257,6200.0,1.0,214.0
2025-10-11 11:00:00,14833,797.2718048419365,0.0,7620.7281951580635,6200.0,1.0,214.0
2025-10-11 12:00:00,14713,801.4385648049272,0.0,7496.561435195073,6200.0,1.0,214.0
2025-10-11 13:00:00,14684,718.44581264915,0.0,7550.55418735085,6200.0,1.0,214.0
2025-10-11 14:00:00,15034,582.9473187713738,0.0,8036.052681228626,6200.0,1.0,214.0
2025-10-11 15:00:00,15273,535.0172932112451,897.2537739961201,7425.728932792635,6200.0,1.0,214.0
2025-10-11 16:00:00,15536,470.7270011555587,1129.0,7521.272998844441,6200.0,1.0,214.0
2025-10-11 17:00:00,15623,421.2053848791052,1129.0,7616.794615120894,6241.0,1.0,214.0
2025-10-11 18:00:00,15603,551.3205708513569,1129.0,7439.679429148643,6268.0,1.0,214.0
2025-10-11 19:00:00,15232,809.1900813920066,0.0,7939.8099186079935,6268.0,1.0,214.0
2025-10-11 20:00:00,14699,1038.300195418282,0.0,7177.699804581718,6268.0,1.0,214.0
2025-10-11 21:00:00,14169,1068.804017165906,0.0,6617.195982834094,6268.0,1.0,214.0
2025-10-11 22:00:00,13532,1208.5079925427535,0.0,5840.4920074572465,6268.0,1.0,214.0
2025-10-11 23:00:00,12979,1216.312703958133,0.0,5279.687296041867,6268.0,1.0,214.0
2025-10-12 00:00:00,12574,229.17654542582204,0.0,5861.823454574178,6268.0,1.0,214.0
2025-10-12 01:00:00,12281,171.4020857014459,0.0,5658.597914298554,6236.0,1.0,214.0
2025-10-12 02:00:00,12219,192.56478221595464,0.0,5575.435217784046,6236.0,1.0,214.0
2025-10-12 03:00:00,12308,277.6459865858535,0.0,5579.354013414147,6236.0,1.0,214.0
2025-10-12 04:00:00,12370,1454.684073089316,0.0,4464.315926910684,6236.0,1.0,214.0
2025-10-12 05:00:00,12732,1371.0339600172028,0.0,4877.966039982797,6268.0,1.0,214.0
2025-10-12 06:00:00,13281,1385.072027388914,0.0,5412.927972611086,6268.0,1.0,214.0
2025-10-12 07:00:00,13794,1471.8516152202535,0.0,5839.148384779746,6268.0,1.0,214.0
2025-10-12 08:00:00,14194,1184.3730161645422,0.0,6525.626983835458,6268.0,1.0,215.0
2025-10-12 09:00:00,14015,1138.3147886759573,0.0,6392.685211324043,6268.0,1.0,215.0
2025-10-12 10:00:00,14073,1359.6847649186095,0.0,6229.315235081391,6268.0,1.0,215.0
2025-10-12 11:00:00,14347,1428.6214044721671,0.0,6434.378595527833,6268.0,1.0,215.0
2025-10-12 12:00:00,14107,1549.130792713855,0.0,6100.869207286145,6241.0,1.0,215.0
2025-10-12 13:00:00,14036,1302.7232175200984,0.0,6276.276782479901,6241.0,1.0,215.0
2025-10-12 14:00:00,14091,1331.044814377098,0.0,6302.955185622902,6241.0,1.0,215.0
2025-10-12 15:00:00,14693,1375.3852801891433,457.5462260038783,6376.068493806978,6268.0,1.0,215.0
2025-10-12 16:00:00,14864,1455.4697441500784,1129.0,5795.530255849921,6268.0,1.0,215.0
2025-10-12 17:00:00,14905,1350.4234321673111,1129.0,5900.57656783269,6309.0,1.0,215.0
2025-10-12 18:00:00,15047,1404.584233653257,1129.0,6029.415766346743,6268.0,1.0,215.0
2025-10-12 19:00:00,14778,1739.324332961132,0.0,6554.675667038868,6268.0,1.0,215.0
2025-10-12 20:00:00,14157,1922.9694109703332,0.0,5750.030589029666,6268.0,1.0,215.0
2025-10-12 21:00:00,13434,1954.41371579156,0.0,5088.586284208439,6175.0,1.0,215.0
2025-10-12 22:00:00,12849,1960.4049847585377,0.0,4497.5950152414625,6175.0,1.0,215.0
2025-10-12 23:00:00,12510,1827.1681938380464,0.0,4309.831806161954,6157.0,1.0,215.0
2025-10-13 00:00:00,12087,814.460319339099,0.0,4842.539680660901,6217.0,1.0,212.0
2025-10-13 01:00:00,11935,971.0009601990414,0.0,4533.999039800959,6217.0,1.0,212.0
2025-10-13 02:00:00,11809,780.553022234388,0.0,4566.446977765612,6249.0,1.0,212.0
2025-10-13 03:00:00,11810,571.7152184589665,0.0,4776.284781541033,6249.0,1.0,212.0
2025-10-13 04:00:00,11986,1577.0854393012764,0.0,3946.914560698724,6249.0,1.0,212.0
2025-10-13 05:00:00,12386,1605.1279776769734,0.0,4318.872022323027,6249.0,1.0,212.0
2025-10-13 06:00:00,12883,1617.6584597713909,0.0,4803.341540228609,6249.0,1.0,212.0
2025-10-13 07:00:00,13247,1538.2787844969694,0.0,5246.72121550303,6249.0,1.0,212.0
2025-10-13 08:00:00,13679,1005.9096733189764,0.0,6192.090326681024,6268.0,1.0,212.0
2025-10-13 09:00:00,13657,806.6722481985878,0.0,6369.327751801412,6268.0,1.0,212.0
2025-10-13 10:00:00,13917,818.7395226924866,0.0,6617.260477307514,6268.0,1.0,212.0
2025-10-13 11:00:00,14049,939.176664833909,0.0,6628.823335166091,6268.0,1.0,212.0
2025-10-13 12:00:00,14074,813.1840448143817,0.0,6779.815955185619,6268.0,1.0,212.0
2025-10-13 13:00:00,14323,782.6239745381882,0.0,7059.376025461812,6268.0,1.0,212.0
2025-10-13 14:00:00,14630,774.2425993974567,0.0,7401.757400602543,6241.0,1.0,212.0
2025-10-13 15:00:00,14826,697.2859541307909,0.0,7709.714045869209,6206.0,1.0,212.0
2025-10-13 16:00:00,15297,483.6999751977594,273.30002480223993,8121.0,6206.0,1.0,212.0
2025-10-13 17:00:00,15562,437.157757269545,543.842242730454,8121.0,6247.0,1.0,212.0
2025-10-13 18:00:00,15734,441.154615022467,717.8453849775324,8121.0,6241.0,1.0,212.0
2025-10-13 19:00:00,15512,323.3848037943126,613.6151962056865,8121.0,6241.0,1.0,212.0
2025-10-13 20:00:00,14981,326.5255195713545,79.47448042864562,8121.0,6241.0,1.0,212.0
2025-10-13 21:00:00,14262,343.0974944839579,0.0,7464.902505516042,6241.0,1.0,212.0
2025-10-13 22:00:00,13397,-0.0,0.0,6943.0,6241.0,1.0,212.0
2025-10-13 23:00:00,12989,-0.0,0.0,6535.0,6241.0,1.0,212.0
2025-10-14 00:00:00,12593,-0.0,0.0,6139.0,6241.0,1.0,212.0
2025-10-14 01:00:00,12560,-0.0,0.0,6106.0,6241.0,1.0,212.0
2025-10-14 02:00:00,12535,-0.0,0.0,6081.0,6241.0,1.0,212.0
2025-10-14 03:00:00,12652,-0.0,0.0,6198.0,6241.0,1.0,212.0
2025-10-14 04:00:00,13093,-0.0,0.0,6639.0,6241.0,1.0,212.0
2025-10-14 05:00:00,14435,125.95408733071612,0.0,7821.045912669284,6241.0,35.0,212.0
2025-10-14 06:00:00,15618,392.4058116782699,425.9102192532488,8142.0,5832.0,134.0,691.6839690684822
2025-10-14 07:00:00,15908,475.7547680770699,1129.0,8142.0,5681.0,183.0,297.24523192293054
2025-10-14 08:00:00,15707,488.7833322551878,587.2166677448113,8142.0,6045.0,232.0,212.0
2025-10-14 09:00:00,15427,529.2658480481167,336.7341519518832,8142.0,5992.0,215.0,212.0
2025-10-14 10:00:00,14996,718.3327068727692,0.0,8142.0,5670.0,144.0,321.66729312722964
2025-10-14 11:00:00,14963,736.0,0.0,8142.0,5800.0,73.0,212.0
2025-10-14 12:00:00,15165,1068.8366303467951,0.0,8022.163369653204,5860.0,2.0,212.0
2025-10-14 13:00:00,15236,1282.7740507471708,0.0,7879.225949252829,5860.0,2.0,212.0
2025-10-14 14:00:00,15532,1507.1583035261474,0.0,7868.249212381549,5936.0,8.592484092303494,212.0
2025-10-14 15:00:00,15835,1392.407515907696,0.0,8142.0,6018.0,70.5924840923035,212.0
2025-10-14 16:00:00,16403,1318.8993800785345,0.0,8142.0,6145.0,132.5924840923035,664.5081358291609
2025-10-14 17:00:00,16955,1146.3541575591416,1074.0533583485558,8142.0,6186.0,194.5924840923035,212.0
2025-10-14 18:00:00,17024,1220.2767958584552,921.7232041415446,8142.0,6296.0,232.0,212.0
2025-10-14 19:00:00,16539,1533.1844470068272,37.810863421527955,8142.0,6288.0,161.0,377.0046895716439
2025-10-14 20:00:00,15885,1627.5769615787324,0.0,8142.0,5748.0,90.0,277.42303842126785
2025-10-14 21:00:00,15063,1566.3687072099856,0.0,7517.631292790014,5748.0,19.0,212.0
2025-10-14 22:00:00,13987,1589.4836790813156,0.0,6209.516320918685,5974.0,2.0,212.0
2025-10-14 23:00:00,13329,347.0523231969196,0.0,6471.94767680308,6296.0,2.0,212.0
2025-10-15 00:00:00,12961,181.024284092161,0.0,6323.975715907839,6242.0,2.0,212.0
2025-10-15 01:00:00,12875,-0.0,0.0,6419.0,6242.0,2.0,212.0
2025-10-15 02:00:00,12851,-0.0,0.0,6395.0,6242.0,2.0,212.0
2025-10-15 03:00:00,12807,971.9056160326804,0.0,5379.09438396732,6242.0,2.0,212.0
2025-10-15 04:00:00,13345,907.1346554308856,0.0,5940.865344569114,6283.0,2.0,212.0
2025-10-15 05:00:00,14579,719.8793151043451,0.0,7362.120684895655,6283.0,2.0,212.0
2025-10-15 06:00:00,15880,643.6269583543377,661.2636809716345,8065.0,6283.0,15.10936067402747,212.0
2025-10-15 07:00:00,16063,635.4644500150205,1020.426189310952,8065.0,6053.0,77.10936067402736,212.0
2025-10-15 08:00:00,16001,602.5470091853064,1129.0,8065.0,5507.0,139.10936067402736,558.3436301406668
2025-10-15 09:00:00,15719,729.8041444327694,945.6057405052452,8065.0,5691.0,75.59011506198658,212.0
2025-10-15 10:00:00,15498,810.2060166435972,260.2038682944167,8065.0,6013.0,137.59011506198658,212.0
2025-10-15 11:00:00,15205,851.4098849380133,0.0,8065.0,6010.0,66.59011506198658,212.0
2025-10-15 12:00:00,14920,1047.1449816279232,0.0,7573.855018372076,6085.0,2.0,212.0
2025-10-15 13:00:00,14703,252.0,0.0,8152.0,6085.0,2.0,212.0
2025-10-15 14:00:00,14689,269.4394260087322,0.0,8091.560573991268,6114.0,2.0,212.0
2025-10-15 15:00:00,15028,539.0,0.0,8152.0,6123.0,2.0,212.0
2025-10-15 16:00:00,16090,1304.5338695802986,318.4661304197016,8152.0,6101.0,2.0,212.0
2025-10-15 17:00:00,16464,1225.45546709102,828.474059226025,7968.070473682955,6228.0,2.0,212.0
2025-10-15 18:00:00,16660,1229.8679737441623,1129.0,7859.1320262558365,6228.0,2.0,212.0
2025-10-15 19:00:00,16345,1316.6239356216554,434.3760643783444,8152.0,6228.0,2.0,212.0
2025-10-15 20:00:00,15757,1451.3871414070904,0.0,8145.612858592909,5946.0,2.0,212.0
2025-10-15 21:00:00,14996,1502.7984020626634,0.0,7011.201597937336,6268.0,2.0,212.0
2025-10-15 22:00:00,14228,1265.7071574088584,0.0,6480.292842591141,6268.0,2.0,212.0
2025-10-15 23:00:00,13499,44.02655598331853,0.0,6936.973444016681,6304.0,2.0,212.0
2025-10-16 00:00:00,13165,-0.0,0.0,6648.0,6304.0,2.0,211.0
2025-10-16 01:00:00,13035,-0.0,0.0,6501.0,6321.0,2.0,211.0
2025-10-16 02:00:00,13097,-0.0,0.0,6562.0,6321.0,2.0,212.0
2025-10-16 03:00:00,13060,0.0,0.0,6525.0,6321.0,2.0,212.0
2025-10-16 04:00:00,13465,836.2613745052964,0.0,6093.738625494703,6321.0,2.0,212.0
2025-10-16 05:00:00,14593,843.5282014832871,0.0,7214.471798516713,6321.0,2.0,212.0
2025-10-16 06:00:00,15858,749.3162417491518,590.6837582508488,8152.0,6090.0,64.0,212.0
2025-10-16 07:00:00,16047,668.5852138765516,915.6318230406632,8152.0,6090.0,8.782963082785614,212.0
2025-10-16 08:00:00,15536,532.416756276275,546.8002806409402,8152.0,6022.0,70.78296308278573,212.0
2025-10-16 09:00:00,14920,535.3356370838004,239.66436291619905,8152.0,5708.0,73.0,212.0
2025-10-16 10:00:00,14433,669.7728376035705,0.0,7841.22716239643,5708.0,2.0,212.0
2025-10-16 11:00:00,14351,277.0,0.0,8152.0,5708.0,2.0,212.0
2025-10-16 12:00:00,14416,348.0,0.0,8055.0,5799.0,2.0,212.0
2025-10-16 13:00:00,14360,0.0,0.0,7967.0,6179.0,2.0,212.0
2025-10-16 14:00:00,14518,0.0,0.0,8062.0,6242.0,2.0,212.0
2025-10-16 15:00:00,15199,766.7255812563506,0.0,7914.274418743649,6242.0,64.0,212.0
2025-10-16 16:00:00,15972,577.2319865252432,132.76801347475703,8152.0,6242.0,126.0,742.0
2025-10-16 17:00:00,16675,295.9157544721475,1129.0,8152.0,6242.0,188.0,668.0842455278525
2025-10-16 18:00:00,16981,328.52346579185104,1129.0,8152.0,6202.0,232.0,937.4765342081482
2025-10-16 19:00:00,16622,392.7099961812018,1129.0,8152.0,5888.0,232.0,828.2900038187981
2025-10-16 20:00:00,16204,384.9338284898417,764.4857605213634,8152.0,5880.0,215.0,807.5804109887962
2025-10-16 21:00:00,15274,366.152948922668,0.0,8152.0,6202.0,144.0,409.84705107733316
2025-10-16 22:00:00,14615,17.0,0.0,8152.0,6161.0,73.0,212.0
2025-10-16 23:00:00,13987,-0.0,0.0,7612.0,6161.0,2.0,212.0
2025-10-17 00:00:00,13617,-0.0,0.0,7242.0,6161.0,2.0,212.0
2025-10-17 01:00:00,13482,-0.0,0.0,7107.0,6161.0,2.0,212.0
2025-10-17 02:00:00,13408,-0.0,0.0,7016.0,6178.0,2.0,212.0
2025-10-17 03:00:00,13692,-0.0,0.0,7300.0,6178.0,2.0,212.0
2025-10-17 04:00:00,13693,-0.0,0.0,7301.0,6178.0,2.0,212.0
2025-10-17 05:00:00,14595,-0.0,0.0,8159.0,6178.0,46.0,212.0
2025-10-17 06:00:00,16164,571.3061292640554,397.6938707359441,8183.0,6178.0,108.0,726.0
2025-10-17 07:00:00,16588,581.3370753644411,1129.0,8183.0,6085.0,170.0,439.66292463555874
2025-10-17 08:00:00,16479,796.9443484188669,909.4363689496904,8183.0,6085.0,232.0,272.6192826314426
2025-10-17 09:00:00,16445,1026.1782280241594,174.2024893443969,8183.0,6031.0,232.0,798.6192826314426
2025-10-17 10:00:00,16321,1120.3202758855928,0.0,8183.0,6031.0,232.0,754.6797241144068
2025-10-17 11:00:00,16234,1218.8384418842782,0.0,8183.0,6031.0,232.0,569.1615581157221
2025-10-17 12:00:00,16053,1145.130146995727,0.0,8163.0,6058.0,232.0,454.86985300427295
2025-10-17 13:00:00,16027,1272.1250146243924,0.0,8173.0,6058.0,232.0,291.87498537560714
2025-10-17 14:00:00,16073,1348.6953691064884,0.0,8193.0,6041.0,232.0,258.3046308935118
2025-10-17 15:00:00,16495,1280.8916279038872,0.0,8193.0,6041.0,232.0,748.1083720961124
2025-10-17 16:00:00,16890,1284.058442323797,0.0,8193.0,6004.0,232.0,1176.941557676204
2025-10-17 17:00:00,16877,1417.8727544571277,0.0,8193.0,6242.0,232.0,792.1272455428734
2025-10-17 18:00:00,16769,1698.664644566242,0.0,8193.0,6182.0,174.0,521.3353554337591
2025-10-17 19:00:00,16463,1995.8058283478351,0.0,8193.0,6141.0,116.0,17.194171652165096
2025-10-17 20:00:00,15963,2086.158995828394,0.0,7777.841004171606,5879.0,8.0,212.0
2025-10-17 21:00:00,15125,2358.9539372165896,0.0,6412.046062783411,6141.0,1.0,212.0
2025-10-17 22:00:00,14176,2453.97959928897,0.0,5368.02040071103,6141.0,1.0,212.0
2025-10-17 23:00:00,13556,2554.856715475796,0.0,4698.143284524203,6090.0,1.0,212.0
2025-10-18 00:00:00,13073,1566.2893064838518,0.0,5152.710693516148,6141.0,1.0,212.0
2025-10-18 01:00:00,12893,1497.479903354466,0.0,5041.520096645534,6141.0,1.0,212.0
2025-10-18 02:00:00,12807,1537.7829009195711,0.0,4898.217099080429,6158.0,1.0,212.0
2025-10-18 03:00:00,12737,1579.4785243539086,0.0,4786.521475646092,6158.0,1.0,212.0
2025-10-18 04:00:00,12821,2786.629173661821,0.0,3663.3708263381795,6158.0,1.0,212.0
2025-10-18 05:00:00,13432,2858.1096379055493,0.0,4202.890362094451,6158.0,1.0,212.0
2025-10-18 06:00:00,14005,2980.834173478818,0.0,4653.165826521183,6158.0,1.0,212.0
2025-10-18 07:00:00,14521,3043.7024129144397,0.0,5106.297587085561,6158.0,1.0,212.0
2025-10-18 08:00:00,14991,3031.808684132909,0.0,5588.19131586709,6158.0,1.0,212.0
2025-10-18 09:00:00,14663,2977.9409248506495,0.0,5227.059075149351,6245.0,1.0,212.0
2025-10-18 10:00:00,14448,2982.1077739389907,0.0,5007.892226061009,6245.0,1.0,212.0
2025-10-18 11:00:00,14550,2609.469487524205,0.0,5482.530512475794,6245.0,1.0,212.0
2025-10-18 12:00:00,14602,2264.64299046956,0.0,5879.35700953044,6245.0,1.0,212.0
2025-10-18 13:00:00,14474,2328.722906962409,0.0,5798.277093037592,6134.0,1.0,212.0
2025-10-18 14:00:00,14772,2304.027511117183,0.0,6137.972488882817,6117.0,1.0,212.0
2025-10-18 15:00:00,15274,2231.6479784187263,1129.0,5583.352021581273,6117.0,1.0,212.0
2025-10-18 16:00:00,15793,2210.331569729622,1129.0,6123.668430270378,6117.0,1.0,212.0
2025-10-18 17:00:00,15767,2284.0980130103535,1129.0,5871.901986989647,6269.0,1.0,212.0
2025-10-18 18:00:00,15568,2625.8453188647577,457.5462260038783,6002.608455131363,6269.0,1.0,212.0
2025-10-18 19:00:00,15245,2633.914539784087,0.0,6129.0854602159125,6269.0,1.0,212.0
2025-10-18 20:00:00,14823,2737.497523584061,0.0,5603.502476415939,6269.0,1.0,212.0
2025-10-18 21:00:00,14101,2843.6792043688415,0.0,4775.320795631158,6269.0,1.0,212.0
2025-10-18 22:00:00,13632,2507.8363667971275,0.0,4669.163633202872,6242.0,1.0,212.0
2025-10-18 23:00:00,13291,2034.8654694953725,0.0,4801.134530504627,6242.0,1.0,212.0
2025-10-19 00:00:00,12566,2581.2089875487036,0.0,3606.7910124512964,6164.0,1.0,213.0
2025-10-19 01:00:00,12125,3123.239261222427,0.0,2624.7607387775734,6164.0,1.0,212.0
2025-10-19 02:00:00,12174,2081.9581812490133,0.0,3698.0418187509867,6181.0,1.0,212.0
2025-10-19 03:00:00,12089,2231.555623606116,0.0,3384.444376393884,6259.0,2.0,212.0
2025-10-19 04:00:00,12088,2482.805143741566,0.0,3132.194856258434,6259.0,2.0,212.0
2025-10-19 05:00:00,12223,2646.6254650238093,0.0,3104.3745349761907,6259.0,1.0,212.0
2025-10-19 06:00:00,12918,3871.3802906240608,0.0,2904.61970937594,5929.0,1.0,212.0
2025-10-19 07:00:00,13677,3981.94643246494,0.0,3553.05356753506,5929.0,1.0,212.0
2025-10-19 08:00:00,14138,4139.769799261889,0.0,4062.2302007381113,5929.0,1.0,6.0
2025-10-19 09:00:00,14575,4116.811749752144,0.0,4521.188250247855,5929.0,2.0,6.0
2025-10-19 10:00:00,15068,4075.092435024503,0.0,5055.907564975496,5929.0,2.0,6.0
2025-10-19 11:00:00,15299,4067.693592508989,0.0,5360.306407491011,5863.0,2.0,6.0
2025-10-19 12:00:00,15485,3980.0840677476767,0.0,5633.915932252323,5863.0,2.0,6.0
2025-10-19 13:00:00,15643,3708.336862351054,0.0,6037.663137648946,5890.0,1.0,6.0
2025-10-19 14:00:00,15827,3043.4164614316373,677.3999999999991,6284.1835385683635,5815.0,1.0,6.0
2025-10-19 15:00:00,16354,2528.421948608922,1129.0,6874.578051391078,5815.0,1.0,6.0
2025-10-19 16:00:00,16217,2477.8084384858607,1129.0,6788.191561514139,5815.0,1.0,6.0
2025-10-19 17:00:00,16186,2600.0355114190847,1129.0,6710.964488580916,5739.0,1.0,6.0
2025-10-19 18:00:00,15618,3293.496445636361,0.0,6578.503554363639,5739.0,1.0,6.0
2025-10-19 19:00:00,15239,3654.3950917320385,0.0,6160.604908267962,5417.0,1.0,6.0
2025-10-19 20:00:00,14825,3661.029739686324,0.0,5532.970260313676,5417.0,2.0,212.0
2025-10-19 21:00:00,14063,3732.5498942347376,0.0,4377.450105765263,5739.0,2.0,212.0
2025-10-19 22:00:00,13435,3553.140078616882,0.0,3928.8599213831185,5739.0,2.0,212.0
2025-10-19 23:00:00,12745,2252.9492009574874,0.0,4539.050799042512,5739.0,1.0,213.0
2025-10-20 00:00:00,12527,2233.3782681628636,0.0,4318.621731837136,5761.0,1.0,213.0
2025-10-20 01:00:00,12302,2115.9307678412115,0.0,4211.0692321587885,5761.0,1.0,213.0
2025-10-20 02:00:00,12328,1855.3820815851411,0.0,4480.617918414859,5778.0,1.0,213.0
2025-10-20 03:00:00,12461,2849.026847137959,0.0,3619.9731528620414,5778.0,1.0,213.0
2025-10-20 04:00:00,12956,2705.289354199764,0.0,4258.710645800236,5778.0,1.0,213.0
2025-10-20 05:00:00,14184,2609.136247274786,0.0,5536.863752725214,5824.0,1.0,213.0
2025-10-20 06:00:00,15566,2552.903794372077,0.0,6900.096205627924,5872.0,28.0,213.0
2025-10-20 07:00:00,16167,2349.895749528854,0.0,7337.0,5862.0,127.0,491.10425047114586
2025-10-20 08:00:00,16191,2128.739395736827,182.50815398557617,7337.0,5829.0,176.0,537.7524502775962
2025-10-20 09:00:00,15978,2040.4625215379936,0.0,7337.0,5691.0,222.5737283800845,686.9637500819226
2025-10-20 10:00:00,15667,2087.7583144634955,0.0,7337.0,5842.0,151.5737283800845,248.66795715642002
2025-10-20 11:00:00,15357,1919.4262716199155,0.0,7337.0,5807.0,80.5737283800845,213.0
2025-10-20 12:00:00,15367,2000.4262716199153,0.0,7337.0,5807.0,9.573728380084503,213.0
2025-10-20 13:00:00,15308,1921.922358341419,0.0,7320.07764165858,5807.0,46.0,213.0
2025-10-20 14:00:00,15410,1587.0224370013996,0.0,7337.0,5790.0,108.0,587.9775629985998
2025-10-20 15:00:00,15964,1194.7776038903742,187.2448331110263,7337.0,5829.0,170.0,1245.9775629985998
2025-10-20 16:00:00,16432,943.1810175307252,643.1021360331284,7337.0,5791.0,232.0,1485.7168464361462
2025-10-20 17:00:00,16772,727.2070621194609,1129.0,7337.0,5791.0,232.0,1555.7929378805384
2025-10-20 18:00:00,17007,712.8488882204745,1129.0,7337.0,5849.0,232.0,1747.1511117795235
2025-10-20 19:00:00,16588,795.809136781161,1129.0,7337.0,5527.0,232.0,1567.1908632188388
2025-10-20 20:00:00,16007,1063.1317194346416,66.90680485196572,7337.0,5849.0,161.0,1529.9614757133932
2025-10-20 21:00:00,15126,1180.038524286606,0.0,7352.0,5804.0,90.0,699.9614757133932
2025-10-20 22:00:00,14188,1544.0241578016876,0.0,6585.975842198312,5826.0,19.0,213.0
2025-10-20 23:00:00,13605,1916.1173485567992,0.0,5647.8826514432,5826.0,2.0,213.0
2025-10-21 00:00:00,13190,1876.259418590408,0.0,5272.740581409592,5826.0,2.0,213.0
2025-10-21 01:00:00,12950,1333.2992762716208,0.0,5575.70072372838,5826.0,2.0,213.0
2025-10-21 02:00:00,12843,1764.8574915627105,0.0,5020.1425084372895,5843.0,2.0,213.0
2025-10-21 03:00:00,12973,2094.1820419149617,0.0,4820.817958085038,5843.0,2.0,213.0
2025-10-21 04:00:00,13498,2254.9977811656117,0.0,5113.002218834388,5915.0,2.0,213.0
2025-10-21 05:00:00,14578,3383.0555571782515,0.0,5064.944442821748,5915.0,2.0,213.0
2025-10-21 06:00:00,15953,3080.7781290921075,1013.12688699806,5777.094983909831,5867.0,2.0,213.0
2025-10-21 07:00:00,16131,2846.18258216697,1129.0,6124.81741783303,5816.0,2.0,213.0
2025-10-21 08:00:00,15959,2952.5884580483275,0.0,7012.411541951673,5779.0,2.0,213.0
2025-10-21 09:00:00,15842,2880.3612803417363,0.0,6992.638719658264,5754.0,2.0,213.0
2025-10-21 10:00:00,15922,2938.410645809866,-0.0,6981.589354190135,5787.0,2.0,213.0
2025-10-21 11:00:00,15790,2386.0,0.0,7352.0,5775.0,64.0,213.0
2025-10-21 12:00:00,15710,2171.0,0.0,7352.0,5857.0,117.0,213.0
2025-10-21 13:00:00,15856,2338.0,0.0,7352.0,5857.0,96.0,213.0
2025-10-21 14:00:00,15822,2482.2316037679902,0.0,7249.76839623201,5852.0,25.0,213.0
2025-10-21 15:00:00,16059,2318.1840843480563,0.0,7352.0,5873.0,87.0,428.8159156519432
2025-10-21 16:00:00,16583,2260.1915780514873,272.67598786925174,7352.0,5854.0,140.0,704.1324340792619
2025-10-21 17:00:00,16407,2545.823012973852,0.0,7352.0,5854.0,140.0,515.1769870261487
2025-10-21 18:00:00,16889,2089.875887190432,1122.119894441963,7352.0,5854.0,140.0,331.00421836760506
2025-10-21 19:00:00,16867,1738.9957816323954,1129.0,7352.0,5532.0,130.0,985.0042183676051
2025-10-21 20:00:00,16191,1445.7442383522423,1129.0,7352.0,5854.0,86.0,324.255761647757
2025-10-21 21:00:00,15141,1793.8510892056845,0.0,7265.148910794315,5854.0,15.0,213.0
2025-10-21 22:00:00,13984,2096.0330115514457,0.0,5818.966988448554,5854.0,2.0,213.0
2025-10-21 23:00:00,13426,1793.38704212289,0.0,5563.612957877111,5854.0,2.0,213.0
2025-10-22 00:00:00,13213,1750.612645428719,0.0,5390.387354571281,5854.0,2.0,216.0
2025-10-22 01:00:00,13148,791.9422332192023,0.0,6284.0577667807975,5854.0,2.0,216.0
2025-10-22 02:00:00,12901,943.6914117828182,0.0,5868.308588217182,5871.0,2.0,216.0
2025-10-22 03:00:00,12983,866.7919759859644,0.0,6027.208024014036,5871.0,2.0,216.0
2025-10-22 04:00:00,13489,866.8515883117914,0.0,6510.148411688208,5894.0,2.0,216.0
2025-10-22 05:00:00,14587,1978.545962931468,0.0,6523.454037068532,5857.0,12.0,216.0
2025-10-22 06:00:00,15848,1947.309289829268,0.0,7275.0,5954.0,74.0,597.6907101707329
2025-10-22 07:00:00,16187,2070.09160922972,0.0,7275.0,5856.0,127.0,858.9083907702807
2025-10-22 08:00:00,16105,2122.7428373286934,0.0,7275.0,5856.0,140.0,711.257162671307
2025-10-22 09:00:00,16083,2229.220643961793,0.0,7255.0,5817.0,140.0,641.779356038207
2025-10-22 10:00:00,16237,2135.7907571253836,0.0,7255.0,5769.0,140.0,937.2092428746164
2025-10-22 11:00:00,16161,2108.7222010241503,0.0,7275.0,5717.0,140.0,920.2777989758506
2025-10-22 12:00:00,16141,2101.146053167618,0.0,7362.0,5717.0,140.0,820.8539468323816
2025-10-22 13:00:00,16103,2086.694568178111,0.0,7362.0,5736.0,140.0,778.3054318218892
2025-10-22 14:00:00,16119,2178.8384056355208,0.0,7362.0,5763.0,140.0,675.1615943644792
2025-10-22 15:00:00,16463,2144.0284832796597,0.0,7362.0,5844.0,140.0,972.9715167203394
2025-10-22 16:00:00,16895,2312.0680001140768,1084.9319998859228,7362.0,5780.0,140.0,216.0
2025-10-22 17:00:00,16797,2325.460344020887,870.5114476627488,7362.0,5780.0,140.0,319.0282083163646
2025-10-22 18:00:00,17057,2060.2932740516035,1129.0,7362.0,5780.0,127.0,598.7067259483956
2025-10-22 19:00:00,16755,2334.0434475486736,979.9565524513272,7362.0,5780.0,83.0,216.0
2025-10-22 20:00:00,16025,2664.414236099357,0.0,7352.585763900643,5780.0,12.0,216.0
2025-10-22 21:00:00,15250,2709.91900709776,0.0,6542.08099290224,5780.0,2.0,216.0
2025-10-22 22:00:00,14341,1637.9411926026214,0.0,6705.058807397379,5780.0,2.0,216.0
2025-10-22 23:00:00,13600,1558.9526739893329,0.0,6043.047326010667,5780.0,2.0,216.0
2025-10-23 00:00:00,13336,1191.4977746697718,0.0,6146.502225330229,5780.0,2.0,216.0
2025-10-23 01:00:00,13220,870.6541617408905,0.0,6351.34583825911,5780.0,2.0,216.0
2025-10-23 02:00:00,13108,1853.6029230681884,0.0,5239.397076931811,5797.0,2.0,216.0
2025-10-23 03:00:00,13301,1874.2608009399191,0.0,5411.739199060081,5797.0,2.0,216.0
2025-10-23 04:00:00,13567,1788.621572331129,0.0,5763.378427668871,5797.0,2.0,216.0
2025-10-23 05:00:00,14899,1788.7287840802644,0.0,7085.271215919735,5797.0,12.0,216.0
2025-10-23 06:00:00,16190,1919.6538518216005,0.0,7412.0,5780.0,74.0,1004.3461481783997
2025-10-23 07:00:00,16638,1852.307923946258,0.0,7412.0,5780.0,127.0,1466.6920760537414
2025-10-23 08:00:00,16690,1783.131604471041,0.0,7412.0,5759.0,140.0,1595.8683955289598
2025-10-23 09:00:00,16412,1816.3160199990257,0.0,7412.0,5748.0,140.0,1295.6839800009748
2025-10-23 10:00:00,16137,1901.4234326541268,0.0,7412.0,5748.0,140.0,935.5765673458736
2025-10-23 11:00:00,16102,1880.5834534792084,0.0,7412.0,5778.0,140.0,891.4165465207916
2025-10-23 12:00:00,15998,1896.2810614801656,0.0,7412.0,5778.0,140.0,771.7189385198344
2025-10-23 13:00:00,15775,2110.8820374896973,0.0,7412.0,5761.0,140.0,351.1179625103032
2025-10-23 14:00:00,15907,2156.7800709187295,0.0,7412.0,5771.0,140.0,427.2199290812714
2025-10-23 15:00:00,16208,1992.723238745852,0.0,7412.0,5782.0,140.0,881.2767612541484
2025-10-23 16:00:00,16785,1719.494148672023,0.0,7412.0,5782.0,140.0,1731.5058513279764
2025-10-23 17:00:00,17057,1369.6082226240972,1129.0,7412.0,5782.0,140.0,1224.3917773759022
2025-10-23 18:00:00,17191,1299.2224085169055,1129.0,7412.0,5782.0,140.0,1428.7775914830927
2025-10-23 19:00:00,17022,1174.456479802785,1129.0,7412.0,5782.0,140.0,1384.543520197214
2025-10-23 20:00:00,16539,1299.6604379827515,677.3999999999991,7412.0,5782.0,127.0,1240.9395620172495
2025-10-23 21:00:00,15422,1493.3135474898645,0.0,7412.0,5782.0,83.0,651.6864525101355
2025-10-23 22:00:00,14688,1534.2829308575335,0.0,7143.717069142466,5782.0,12.0,216.0
2025-10-23 23:00:00,14097,1491.8226124378714,0.0,6605.177387562128,5782.0,2.0,216.0
2025-10-24 00:00:00,13820,375.6540488781318,0.0,7350.345951121868,5876.0,2.0,216.0
2025-10-24 01:00:00,13696,282.3923019703236,0.0,7319.607698029677,5876.0,2.0,216.0
2025-10-24 02:00:00,13528,315.18597658496424,0.0,7118.814023415036,5876.0,2.0,216.0
2025-10-24 03:00:00,13553,416.4445167001202,0.0,7042.55548329988,5876.0,2.0,216.0
2025-10-24 04:00:00,13942,1434.1697965637286,0.0,6403.830203436271,5876.0,12.0,216.0
2025-10-24 05:00:00,15118,1340.1138861428208,0.0,7412.0,5839.0,74.0,452.8861138571792
2025-10-24 06:00:00,16340,1367.3862708660376,229.72761527678267,7412.0,5839.0,127.0,1364.8861138571792
2025-10-24 07:00:00,16837,1399.625611108991,0.0,7412.0,5839.0,140.0,2046.3743888910085
2025-10-24 08:00:00,16770,1229.3156488013706,0.0,7412.0,5839.0,140.0,2149.68435119863
2025-10-24 09:00:00,16311,1321.0512242074728,0.0,7412.0,5839.0,140.0,1598.9487757925272
2025-10-24 10:00:00,16001,1318.9324886446198,0.0,7412.0,5761.0,140.0,1369.0675113553807
2025-10-24 11:00:00,15886,1207.8931417042386,0.0,7412.0,5761.0,140.0,1365.1068582957614
2025-10-24 12:00:00,15858,1387.114719525484,0.0,7412.0,5761.0,140.0,1157.8852804745165
2025-10-24 13:00:00,15706,1415.079681638072,0.0,7412.0,5761.0,140.0,977.9203183619284
2025-10-24 14:00:00,16168,1292.4090446288774,0.0,7412.0,5820.0,140.0,1503.5909553711226
2025-10-24 15:00:00,16642,1184.5589913117497,0.0,7412.0,5820.0,140.0,2085.441008688251
2025-10-24 16:00:00,16952,1068.2184800219318,667.5261587193374,7412.0,5820.0,140.0,1844.2553612587296
2025-10-24 17:00:00,17058,711.638277565742,1129.0,7412.0,5820.0,140.0,1845.361722434258
2025-10-24 18:00:00,17006,475.1966857075675,1129.0,7412.0,5820.0,140.0,2029.8033142924323
2025-10-24 19:00:00,16777,431.5100696278611,1129.0,7412.0,5857.0,140.0,1807.4899303721395
2025-10-24 20:00:00,16154,369.44380680799907,0.0,7412.0,5857.0,140.0,2375.556193192002
2025-10-24 21:00:00,15311,466.2984954806461,0.0,7385.0,5857.0,140.0,1462.7015045193548
2025-10-24 22:00:00,14736,514.0385986060722,0.0,7385.0,5857.0,140.0,839.9614013939281
2025-10-24 23:00:00,14060,-0.0,0.0,7385.0,5857.0,130.0,688.0
2025-10-25 00:00:00,13748,-0.0,0.0,7385.0,5857.0,112.0,394.0
2025-10-25 01:00:00,13540,-0.0,0.0,7385.0,5898.0,41.0,216.0
2025-10-25 02:00:00,13419,-0.0,0.0,7303.0,5898.0,2.0,216.0
2025-10-25 03:00:00,13383,-0.0,0.0,7267.0,5898.0,2.0,216.0
2025-10-25 04:00:00,13530,-0.0,0.0,7346.0,5956.0,12.0,216.0
2025-10-25 05:00:00,13987,2.224957502019322,0.0,7385.0,5919.0,74.0,606.7750424979806
2025-10-25 06:00:00,14698,297.8423628328399,0.0,7385.0,5919.0,127.0,969.1576371671599
2025-10-25 07:00:00,15246,331.4727406340482,0.0,7385.0,5837.0,140.0,1552.527259365952
2025-10-25 08:00:00,15331,472.0275690050301,0.0,7385.0,5837.0,140.0,1496.9724309949706
2025-10-25 09:00:00,15100,486.2017489988882,0.0,7385.0,5636.0,140.0,1452.7982510011116
2025-10-25 10:00:00,14997,533.3801175730198,0.0,7385.0,5393.0,140.0,1545.6198824269813
2025-10-25 11:00:00,15100,491.9395776894477,0.0,7385.0,5636.0,140.0,1447.060422310551
2025-10-25 12:00:00,15059,415.40734646883766,0.0,7385.0,5636.0,140.0,1482.5926535311628
2025-10-25 13:00:00,15126,384.44091089021106,0.0,7385.0,5636.0,140.0,1580.559089109789
2025-10-25 14:00:00,15142,339.8386745209739,0.0,7385.0,5837.0,140.0,1440.1613254790263
2025-10-25 15:00:00,15631,312.7832884464338,0.0,7412.0,6220.0,140.0,1546.2167115535667
2025-10-25 16:00:00,16077,215.5080265446203,0.0,7412.0,6299.0,140.0,2010.4919734553805
2025-10-25 17:00:00,16441,186.99377738676253,1129.0,7412.0,6299.0,123.0,1291.0062226132377
2025-10-25 18:00:00,16358,289.8883607964612,1129.0,7412.0,6299.0,65.0,1163.1116392035383
2025-10-25 19:00:00,15950,355.2852904537299,0.0,7412.0,6400.0,114.0,1668.7147095462697
2025-10-25 20:00:00,15466,513.7025079487476,0.0,7412.0,6400.0,127.0,1013.2974920512534
2025-10-25 21:00:00,14976,631.1812601727916,0.0,7412.0,6400.0,83.0,449.81873982720936
2025-10-25 22:00:00,14190,657.499262476375,0.0,6904.5007375236255,6400.0,12.0,216.0
2025-10-25 23:00:00,13764,727.1432897440192,0.0,6418.856710255981,6400.0,2.0,216.0
2025-10-26 00:00:00,13338,-0.0,0.0,6636.0,6484.0,2.0,216.0
2025-10-26 01:00:00,13177,-0.0,0.0,6375.0,6584.0,2.0,216.0
2025-10-26 02:00:00,13166,-0.0,0.0,6364.0,6584.0,2.0,216.0
2025-10-26 03:00:00,13194,0.0,0.0,6392.0,6584.0,2.0,216.0
2025-10-26 04:00:00,13290,0.0,0.0,6488.0,6584.0,2.0,216.0
2025-10-26 05:00:00,13766,436.1859036508237,0.0,6527.814096349176,6584.0,2.0,216.0
2025-10-26 06:00:00,14347,953.4806002618172,0.0,6591.519399738183,6584.0,2.0,216.0
2025-10-26 07:00:00,14767,1003.543535574024,0.0,7064.456464425976,6481.0,2.0,216.0
2025-10-26 08:00:00,14713,986.8425470351384,0.0,7071.1574529648615,6437.0,2.0,216.0
2025-10-26 09:00:00,14484,738.597895502049,0.0,7090.402104497951,6437.0,2.0,216.0
2025-10-26 10:00:00,14103,37.0,0.0,7412.0,6437.0,1.0,216.0
2025-10-26 11:00:00,14218,584.8657289546417,0.0,6979.134271045358,6437.0,1.0,216.0
2025-10-26 12:00:00,14171,525.2658014619735,0.0,6991.734198538026,6437.0,1.0,216.0
2025-10-26 13:00:00,14210,560.6202962310057,0.0,6995.379703768995,6437.0,1.0,216.0
2025-10-26 14:00:00,14371,557.3422789614472,0.0,7148.657721038553,6437.0,12.0,216.0
2025-10-26 15:00:00,15049,572.8624661455292,0.0,7412.0,6437.0,74.0,553.1375338544713
2025-10-26 16:00:00,15925,551.0987186492359,731.6702332017994,7412.0,6437.0,127.0,666.2310481489658
2025-10-26 17:00:00,16494,599.6793027585754,1129.0,7412.0,6519.0,140.0,694.3206972414246
2025-10-26 18:00:00,16710,781.6312176482309,1129.0,7412.0,6519.0,140.0,728.3687823517685
2025-10-26 19:00:00,16417,799.9215939573661,1129.0,7412.0,6519.0,127.0,430.078406042634
2025-10-26 20:00:00,15847,867.2163700339805,0.0,7412.0,6519.0,83.0,965.7836299660194
2025-10-26 21:00:00,15184,1050.3075591813224,0.0,7386.692440818678,6519.0,12.0,216.0
2025-10-26 22:00:00,14524,939.088511261062,0.0,7169.911488738938,6197.0,2.0,216.0
2025-10-26 23:00:00,14006,987.3584754212928,0.0,6281.6415245787075,6519.0,2.0,216.0
2025-10-27 00:00:00,13670,126.781442996054,0.0,6889.2185570039455,6435.0,3.0,216.0
2025-10-27 01:00:00,13522,260.5165022934659,0.0,6607.483497706534,6435.0,3.0,216.0
2025-10-27 02:00:00,13545,292.17941209902165,0.0,6598.820587900978,6435.0,3.0,216.0
2025-10-27 03:00:00,13766,346.03244056776975,0.0,6765.967559432231,6435.0,3.0,216.0
2025-10-27 04:00:00,14215,1628.068688894785,0.0,5932.931311105214,6435.0,3.0,216.0
2025-10-27 05:00:00,15513,1896.6450201295563,0.0,6997.354979870444,6381.0,22.0,216.0
2025-10-27 06:00:00,16537,1986.551224409273,0.0,7412.0,6346.0,93.0,699.4487755907267
2025-10-27 07:00:00,16972,2037.482167606974,991.5178323930268,7412.0,6160.0,155.0,216.0
2025-10-27 08:00:00,16345,1897.262447974614,0.0,7412.0,5866.0,177.0,992.7375520253863
2025-10-27 09:00:00,15940,1436.2998096226545,0.0,7412.0,5866.0,149.23979876315389,1076.4603916141914
2025-10-27 10:00:00,15209,1879.7602012368463,0.0,7412.0,5635.0,66.23979876315389,216.0
2025-10-27 11:00:00,15134,878.0,0.0,7412.0,5635.0,86.0,1123.0
2025-10-27 12:00:00,15184,1829.5757241867632,0.0,7197.424275813237,5938.0,3.0,216.0
2025-10-27 13:00:00,15094,1750.1789710740663,0.0,7106.821028925933,6018.0,3.0,216.0
2025-10-27 14:00:00,15275,1674.7884690327132,0.0,7344.211530967286,6018.0,22.0,216.0
2025-10-27 15:00:00,15915,1750.11629650218,0.0,7412.0,6018.0,93.0,641.8837034978205
2025-10-27 16:00:00,16767,1716.095521881434,1129.0,7412.0,6116.0,155.0,238.90447811856575
2025-10-27 17:00:00,17406,1687.004034857178,1129.0,7412.0,6362.0,177.0,638.9959651428217
2025-10-27 18:00:00,17510,2140.216541932725,1129.0,7412.0,6362.0,152.0,314.7834580672752
2025-10-27 19:00:00,17245,2291.6856122789127,867.3143877210878,7412.0,6362.0,96.0,216.0
2025-10-27 20:00:00,16430,2508.66834938038,0.0,7330.331650619621,6362.0,13.0,216.0
2025-10-27 21:00:00,15693,2672.7963711550683,0.0,6439.203628844931,6362.0,3.0,216.0
2025-10-27 22:00:00,14838,2944.2160281225074,0.0,5631.783971877492,6043.0,3.0,216.0
2025-10-27 23:00:00,14240,1973.55030333057,0.0,5745.44969666943,6302.0,3.0,216.0
2025-10-28 00:00:00,14015,2115.571641275534,0.0,5378.428358724466,6302.0,3.0,216.0
2025-10-28 01:00:00,13786,2093.2862200877457,0.0,5171.713779912254,6302.0,3.0,216.0
2025-10-28 02:00:00,13621,1915.320623897176,0.0,5184.679376102824,6302.0,3.0,216.0
2025-10-28 03:00:00,13907,2769.264855663689,0.0,4616.735144336311,6302.0,3.0,216.0
2025-10-28 04:00:00,14259,2584.4471978608963,0.0,5153.552802139104,6302.0,3.0,216.0
2025-10-28 05:00:00,15470,2396.860092295123,0.0,6552.139907704877,6302.0,3.0,216.0
2025-10-28 06:00:00,16802,2479.3228062513326,389.67719374866647,7412.0,6302.0,3.0,216.0
2025-10-28 07:00:00,16894,2328.0080378217353,645.9919621782647,7412.0,6289.0,3.0,216.0
2025-10-28 08:00:00,16630,1982.539418111318,886.6039570750085,7327.856624813673,6214.0,3.0,216.0
2025-10-28 09:00:00,15963,1793.720716441792,1129.0,6607.279283558208,6214.0,3.0,216.0
2025-10-28 10:00:00,15239,2361.8827068312453,0.0,6444.117293168754,6214.0,3.0,216.0
2025-10-28 11:00:00,14930,1705.176192991623,0.0,6715.823807008377,6290.0,3.0,216.0
2025-10-28 12:00:00,14893,1610.090868203116,0.0,6773.909131796884,6290.0,3.0,216.0
2025-10-28 13:00:00,14809,2718.299205776088,0.0,5469.700794223912,6403.0,2.0,216.0
2025-10-28 14:00:00,14855,1795.1914818226742,0.0,6418.808518177326,6423.0,2.0,216.0
2025-10-28 15:00:00,15562,2947.700075367425,0.0,5885.299924632574,6511.0,2.0,216.0
2025-10-28 16:00:00,16577,2642.476399670263,454.5731130019379,6750.950487327798,6511.0,2.0,216.0
2025-10-28 17:00:00,17212,2291.1100497950306,1129.0,7062.88995020497,6511.0,2.0,216.0
2025-10-28 18:00:00,17430,2294.766990381145,1129.0,7277.233009618854,6511.0,2.0,216.0
2025-10-28 19:00:00,17074,2583.123808368931,1129.0,6632.876191631069,6511.0,2.0,216.0
2025-10-28 20:00:00,16339,2730.0020918474575,0.0,6879.997908152542,6511.0,2.0,216.0
2025-10-28 21:00:00,15618,2825.041122106708,0.0,6063.958877893292,6511.0,2.0,216.0
2025-10-28 22:00:00,14774,2967.65903346851,0.0,5077.34096653149,6511.0,2.0,216.0
2025-10-28 23:00:00,14089,1929.9724741920008,0.0,5430.027525807999,6511.0,2.0,216.0
2025-10-29 00:00:00,13899,1662.7105609547452,0.0,5533.289439045255,6485.0,2.0,216.0
2025-10-29 01:00:00,13814,1204.2418548033484,0.0,5906.758145196652,6485.0,2.0,216.0
2025-10-29 02:00:00,13828,1006.3603608388084,0.0,6118.639639161192,6485.0,2.0,216.0
2025-10-29 03:00:00,14141,1634.3708591836798,0.0,5803.62914081632,6485.0,2.0,216.0
2025-10-29 04:00:00,14478,1243.9179554867883,0.0,6521.082044513212,6485.0,12.0,216.0
2025-10-29 05:00:00,15557,1197.785215624231,0.0,7405.0,6449.0,34.0,471.21478437577025
2025-10-29 06:00:00,16735,1430.383144858699,15.40207076553088,7405.0,6449.0,56.0,1379.2147843757703
2025-10-29 07:00:00,16797,1754.5428998197845,0.0,7405.0,6306.0,62.0,1269.457100180216
2025-10-29 08:00:00,16195,1522.753143105111,0.0,7405.0,6272.0,50.0,945.2468568948898
2025-10-29 09:00:00,15875,996.571268188368,0.0,7405.0,6272.0,50.0,1151.428731811633
2025-10-29 10:00:00,15517,1142.7474669180644,0.0,7392.0,6364.0,50.0,568.2525330819353
2025-10-29 11:00:00,15272,1292.130908899967,0.0,7392.0,6304.0,50.0,233.86909110003398
2025-10-29 12:00:00,15336,1200.814333780117,0.0,7392.0,6310.0,50.0,383.1856662198825
2025-10-29 13:00:00,15267,1208.323799548754,0.0,7392.0,6310.0,50.0,306.6762004512457
2025-10-29 14:00:00,15407,1237.0775822296462,0.0,7392.0,6336.0,50.0,391.9224177703545
2025-10-29 15:00:00,16016,1285.3236786917312,0.0,7392.0,6420.0,50.0,868.6763213082686
2025-10-29 16:00:00,16590,1211.5923458048264,881.851703230589,7382.0,6463.0,50.0,601.5559509645836
2025-10-29 17:00:00,16975,1077.514321326605,1129.0,7382.0,6500.0,50.0,836.4856786733944
2025-10-29 18:00:00,17264,1178.5931401281855,1129.0,7382.0,6500.0,50.0,1024.406859871815
2025-10-29 19:00:00,17087,1417.8957767332658,1129.0,7382.0,6500.0,37.0,621.1042232667351
2025-10-29 20:00:00,16380,1774.91673388203,0.0,7382.0,6497.0,24.0,702.0832661179702
2025-10-29 21:00:00,15640,1883.2467732417956,0.0,7032.753226758205,6497.0,11.0,216.0
2025-10-29 22:00:00,15161,1740.954260781781,0.0,6703.04573921822,6500.0,1.0,216.0
2025-10-29 23:00:00,14390,1605.3496239985689,0.0,6067.650376001431,6500.0,1.0,216.0
2025-10-30 00:00:00,14020,271.05933015310006,0.0,7062.9406698469,6469.0,1.0,216.0
2025-10-30 01:00:00,13960,1216.8452059326162,0.0,6107.154794067384,6419.0,1.0,216.0
2025-10-30 02:00:00,13778,172.5901034439862,0.0,6911.409896556013,6477.0,1.0,216.0
2025-10-30 03:00:00,13742,350.14647594678604,0.0,6697.853524053214,6477.0,1.0,216.0
2025-10-30 04:00:00,14087,406.1050082367513,0.0,6986.894991763249,6477.0,1.0,216.0
2025-10-30 05:00:00,15303,1738.592228281769,0.0,6860.407771718232,6477.0,11.0,216.0
2025-10-30 06:00:00,16524,1938.442297513519,0.0,7381.0,6414.0,24.0,766.5577024864815
2025-10-30 07:00:00,16875,2080.318917982927,677.3999999999994,7381.0,6373.0,37.0,326.2810820170728
2025-10-30 08:00:00,17125,2048.371265463468,1129.0,7381.0,6196.0,50.0,320.62873453653447
2025-10-30 09:00:00,17399,1982.5959864489091,1129.0,7381.0,6196.0,50.0,660.4040135510913
2025-10-30 10:00:00,17481,2363.934700120983,1129.0,7381.0,6196.0,50.0,361.0652998790174
2025-10-30 11:00:00,17400,2616.5702347185625,0.0,7381.0,6145.0,50.0,1207.4297652814384
2025-10-30 12:00:00,17192,2831.3860271313765,0.0,7269.0,6145.0,50.0,896.6139728686248
2025-10-30 13:00:00,16945,2914.8251134250254,0.0,7366.0,6145.0,50.0,469.174886574976
2025-10-30 14:00:00,17123,2975.3173935610585,0.0,7366.0,6235.0,50.0,496.68260643894246
2025-10-30 15:00:00,17560,3092.38901074016,0.0,7366.0,6235.0,50.0,816.6109892598397
2025-10-30 16:00:00,17854,3124.6739542195046,0.0,7336.0,6235.0,50.0,1108.3260457804936
2025-10-30 17:00:00,17698,3152.608933601989,0.0,7321.0,6286.0,50.0,888.3910663980132
2025-10-30 18:00:00,17578,3052.524218321611,0.0,7301.0,6286.0,50.0,888.4757816783895
2025-10-30 19:00:00,17395,2948.39507283899,0.0,7281.0,6328.0,37.0,800.60492716101
2025-10-30 20:00:00,16883,2717.175643570562,0.0,7281.0,6382.0,24.0,478.8243564294389
2025-10-30 21:00:00,16057,2537.222126079444,0.0,6910.777873920557,6382.0,11.0,216.0
2025-10-30 22:00:00,15278,2411.4575498051477,0.0,6258.542450194853,6391.0,1.0,216.0
2025-10-30 23:00:00,14476,2356.318107072732,0.0,5511.681892927269,6391.0,1.0,216.0
2025-10-31 00:00:00,14233,2311.1355260210103,0.0,5313.864473978989,6391.0,1.0,216.0
2025-10-31 01:00:00,13862,1255.507570391174,0.0,5998.492429608827,6391.0,1.0,216.0
2025-10-31 02:00:00,13739,1146.144271439327,0.0,5984.855728560673,6391.0,1.0,216.0
2025-10-31 03:00:00,13800,1120.4804552234357,0.0,6071.5195447765645,6391.0,1.0,216.0
2025-10-31 04:00:00,14250,1450.8926149561858,0.0,6191.107385043814,6391.0,1.0,216.0
2025-10-31 05:00:00,15240,2729.10677250719,0.0,5902.89322749281,6391.0,1.0,216.0
2025-10-31 06:00:00,16407,3142.3255228127273,0.0,6656.674477187273,6391.0,1.0,216.0
2025-10-31 07:00:00,16839,3303.1679701260778,0.0,7025.832029873922,6293.0,1.0,216.0
2025-10-31 08:00:00,17007,3306.527232608531,138.47276739146764,7301.0,6250.0,1.0,10.0
2025-10-31 09:00:00,16951,3481.7207263123164,0.0,7208.279273687684,6250.0,1.0,10.0
2025-10-31 10:00:00,16706,3760.8373589490143,0.0,6641.162641050985,6293.0,1.0,10.0
2025-10-31 11:00:00,16259,3902.257217513622,0.0,6018.742782486377,6327.0,1.0,10.0
2025-10-31 12:00:00,16405,4029.215221217867,0.0,5996.784778782132,6368.0,1.0,10.0
2025-10-31 13:00:00,16560,4124.359617369629,0.0,6056.640382630372,6368.0,1.0,10.0
2025-10-31 14:00:00,16698,4112.4227833796485,0.0,6205.5772166203515,6368.0,2.0,10.0
2025-10-31 15:00:00,17338,3881.913968442632,0.0,6978.086031557368,6466.0,2.0,10.0
2025-10-31 16:00:00,17455,3307.5328895291127,1129.0,6540.467110470887,6466.0,2.0,10.0
2025-10-31 17:00:00,16962,3015.2985055271597,167.70149447283984,7301.0,6466.0,2.0,10.0
2025-10-31 18:00:00,16733,2835.983174456355,118.0168255436438,7301.0,6466.0,2.0,10.0
2025-10-31 19:00:00,16533,2701.5515503768765,52.44844962312345,7301.0,6466.0,2.0,10.0
2025-10-31 20:00:00,16079,2513.524678308479,0.0,6881.4753216915215,6466.0,2.0,216.0
2025-10-31 21:00:00,15446,2394.282770238944,0.0,6344.717229761056,6489.0,2.0,216.0
2025-10-31 22:00:00,14914,2125.4736206376515,0.0,6081.526379362349,6489.0,2.0,216.0
2025-10-31 23:00:00,14386,2070.4778293360455,0.0,5676.522170663955,6422.0,2.0,215.0
2025-11-01 00:00:00,14058,765.7188981452732,0.0,6653.281101854727,6422.0,2.0,215.0
2025-11-01 01:00:00,13798,632.4651560938826,0.0,6602.534843906117,6346.0,2.0,215.0
2025-11-01 02:00:00,13710,1452.6240086605549,0.0,5615.375991339445,6425.0,2.0,215.0
2025-11-01 03:00:00,13693,1243.3268426972409,0.0,5807.673157302759,6425.0,2.0,215.0
2025-11-01 04:00:00,13848,1194.8009499557647,0.0,6011.199050044235,6425.0,2.0,215.0
2025-11-01 05:00:00,14573,999.2206827663588,0.0,6921.779317233641,6425.0,12.0,215.0
2025-11-01 06:00:00,15028,742.2958027688787,0.0,7301.0,6492.0,74.0,418.7041972311217
2025-11-01 07:00:00,15561,662.4525088069975,0.0,7301.0,6492.0,127.0,978.5474911930032
2025-11-01 08:00:00,16004,597.0390833385543,0.0,7301.0,6492.0,140.0,1473.9609166614464
2025-11-01 09:00:00,16069,470.5678232040615,0.0,7301.0,6176.0,140.0,1981.4321767959373
2025-11-01 10:00:00,16233,531.7871369357692,0.0,7301.0,6492.0,140.0,1768.212863064231
2025-11-01 11:00:00,16080,672.7637852665144,0.0,7301.0,6492.0,140.0,1474.2362147334861
2025-11-01 12:00:00,15526,753.9498863292739,0.0,7301.0,6492.0,140.0,839.0501136707262
2025-11-01 13:00:00,15738,727.2186018711589,0.0,7301.0,6492.0,140.0,1077.7813981288418
2025-11-01 14:00:00,15902,618.4625140660764,0.0,7301.0,6492.0,140.0,1350.5374859339245
2025-11-01 15:00:00,16645,376.5452753050679,203.9172387610088,7301.0,6492.0,140.0,2131.5374859339245
2025-11-01 16:00:00,16772,229.6705737472887,1129.0,7301.0,6492.0,140.0,1480.3294262527124
2025-11-01 17:00:00,16875,237.86881732122436,1129.0,7301.0,6492.0,140.0,1575.131182678775
2025-11-01 18:00:00,16892,224.22377756198136,1129.0,7301.0,6492.0,140.0,1605.7762224380185
2025-11-01 19:00:00,16435,217.65926198622867,693.3365352351113,7316.0,6492.0,140.0,1576.004202778661
2025-11-01 20:00:00,15746,221.87348770566425,0.0,7316.0,6492.0,140.0,1576.1265122943369
2025-11-01 21:00:00,15236,210.46648802693244,0.0,7316.0,6492.0,140.0,1077.533511973068
2025-11-01 22:00:00,14850,215.3857615810892,0.0,7316.0,6492.0,127.0,699.6142384189116
2025-11-01 23:00:00,14478,215.64925809445455,0.0,7316.0,6492.0,83.0,371.3507419055459
2025-11-02 00:00:00,14161,217.6976762658826,0.0,7224.302323734118,6492.0,12.0,215.0
2025-11-02 01:00:00,13957,-0.0,0.0,7248.0,6492.0,2.0,215.0
2025-11-02 02:00:00,13749,-0.0,0.0,7040.0,6492.0,2.0,215.0
2025-11-02 03:00:00,13634,-0.0,0.0,6925.0,6492.0,2.0,215.0
2025-11-02 04:00:00,13606,0.0,0.0,6897.0,6492.0,2.0,215.0
2025-11-02 05:00:00,13860,0.0,0.0,7151.0,6492.0,2.0,215.0
2025-11-02 06:00:00,14366,587.2121461413766,0.0,7059.787853858624,6492.0,12.0,215.0
2025-11-02 07:00:00,14848,599.3198277317468,174.68017226825395,7316.0,6469.0,74.0,215.0
2025-11-02 08:00:00,15161,641.2191458572745,392.7808541427258,7316.0,6469.0,127.0,215.0
2025-11-02 09:00:00,15035,600.0272195933355,82.7485583551397,7316.0,6469.0,140.0,427.2242220515245
2025-11-02 10:00:00,14906,625.1279253828743,0.0,7316.0,6469.0,140.0,355.8720746171257
2025-11-02 11:00:00,14795,903.351063121693,0.0,7316.0,6153.0,140.0,282.6489368783077
2025-11-02 12:00:00,14520,541.0,0.0,7316.0,6379.0,69.0,215.0
2025-11-02 13:00:00,14223,239.65765317061755,0.0,7316.0,6379.0,73.34234682938245,215.0
2025-11-02 14:00:00,14585,539.6576531706176,0.0,7316.0,6379.0,135.34234682938245,215.0
2025-11-02 15:00:00,15475,1411.1302628860408,0.0,7316.0,6279.0,140.0,328.86973711395876
2025-11-02 16:00:00,16692,1445.5173292271627,1129.0,7316.0,6215.0,140.0,446.48267077283526
2025-11-02 17:00:00,17169,1435.611897186718,1129.0,7316.0,6286.0,130.0,872.3881028132819
2025-11-02 18:00:00,16724,1810.177525195048,1037.8224748049506,7316.0,6286.0,59.0,215.0
2025-11-02 19:00:00,16246,2209.2124339317065,146.78756606829302,7316.0,6286.0,73.0,215.0
2025-11-02 20:00:00,15832,2425.9868581642663,0.0,6903.013141835734,6286.0,2.0,215.0
2025-11-02 21:00:00,15349,2496.988424743127,0.0,6666.011575256873,5969.0,2.0,215.0
2025-11-02 22:00:00,14482,2710.507923589646,0.0,5268.492076410354,6286.0,2.0,215.0
2025-11-02 23:00:00,13926,2878.4462416007577,0.0,4544.553758399243,6286.0,2.0,215.0
2025-11-03 00:00:00,13753,3116.206437390274,0.0,4135.793562609726,6284.0,2.0,215.0
2025-11-03 01:00:00,13475,3218.376862089743,0.0,3755.6231379102574,6284.0,2.0,215.0
2025-11-03 02:00:00,13222,2280.641213184389,0.0,4440.358786815611,6284.0,2.0,215.0
2025-11-03 03:00:00,13202,2439.9800592738425,0.0,4261.019940726157,6284.0,2.0,215.0
2025-11-03 04:00:00,13309,2475.141308269663,0.0,4332.858691730336,6284.0,2.0,215.0
2025-11-03 05:00:00,13877,2565.992884957004,0.0,4803.007115042996,6291.0,2.0,215.0
2025-11-03 06:00:00,15211,3926.722176540161,0.0,4792.277823459839,6275.0,2.0,215.0
2025-11-03 07:00:00,16393,4001.9715542433646,0.0,5908.028445756636,6266.0,2.0,215.0
2025-11-03 08:00:00,16720,4156.4498460673985,0.0,6298.5501539326015,6254.0,2.0,9.0
2025-11-03 09:00:00,16972,4339.979830745575,0.0,6714.020169254425,5907.0,2.0,9.0
2025-11-03 10:00:00,17291,4307.0854042528645,0.0,6749.9145957471355,6223.0,2.0,9.0
2025-11-03 11:00:00,17317,4279.759204463297,1129.0,6011.240795536703,5886.0,2.0,9.0
2025-11-03 12:00:00,17078,4290.353767986541,0.0,6570.64623201346,6206.0,2.0,9.0
2025-11-03 13:00:00,16778,4249.536330038791,0.0,6326.463669961209,6191.0,2.0,9.0
2025-11-03 14:00:00,16420,4271.549607531317,0.0,5946.450392468683,6191.0,2.0,9.0
2025-11-03 15:00:00,16515,4319.285436102535,0.0,5977.714563897465,6207.0,2.0,9.0
2025-11-03 16:00:00,17382,4069.284630322573,0.0,7041.715369677428,6260.0,2.0,9.0
2025-11-03 17:00:00,17853,4083.864409404589,1129.0,6295.1355905954115,6334.0,2.0,9.0
2025-11-03 18:00:00,17725,4080.463343012439,1129.0,6236.5366569875605,6268.0,2.0,9.0
2025-11-03 19:00:00,17332,4133.071348169874,677.3999999999994,6242.528651830127,6268.0,2.0,9.0
2025-11-03 20:00:00,17011,4030.3760037652246,0.0,6864.623996234775,5899.0,2.0,215.0
2025-11-03 21:00:00,16377,3997.2881348257306,0.0,6583.711865174269,5579.0,2.0,215.0
2025-11-03 22:00:00,15392,4010.2938892608463,0.0,4965.706110739153,6199.0,2.0,215.0
2025-11-03 23:00:00,14560,3924.825072688864,0.0,4219.174927311136,6199.0,2.0,215.0
2025-11-04 00:00:00,14197,2740.6814279061145,0.0,5040.318572093885,6199.0,2.0,215.0
2025-11-04 01:00:00,14058,2504.3931873746915,0.0,5211.6068126253085,6125.0,2.0,215.0
2025-11-04 02:00:00,13805,1908.0693190941051,0.0,5554.930680905894,6125.0,2.0,215.0
2025-11-04 03:00:00,13956,2873.84658825407,0.0,4666.1534117459305,6199.0,2.0,215.0
2025-11-04 04:00:00,13764,1767.5008270005385,0.0,5580.499172999462,6199.0,2.0,215.0
2025-11-04 05:00:00,14342,3101.747358656964,0.0,4824.252641343035,6199.0,2.0,215.0
2025-11-04 06:00:00,15679,3123.700871531781,0.0,6180.299128468219,6158.0,2.0,215.0
2025-11-04 07:00:00,16539,3142.07991178174,1129.0,6083.9200882182595,5967.0,2.0,215.0
2025-11-04 08:00:00,16078,3030.721524370756,793.2731130019394,6117.005362627305,5920.0,2.0,215.0
2025-11-04 09:00:00,15443,2778.8610040938784,-0.0,6843.138995906122,5604.0,2.0,215.0
2025-11-04 10:00:00,14953,2794.888769175831,0.0,6021.111230824168,5920.0,2.0,215.0
2025-11-04 11:00:00,14829,1776.3083663364782,0.0,6981.691633663522,5854.0,2.0,215.0
2025-11-04 12:00:00,14949,2032.205955626759,0.0,6845.7940443732405,5854.0,2.0,215.0
2025-11-04 13:00:00,15170,3293.299999969084,0.0,5871.700000030916,5788.0,2.0,215.0
2025-11-04 14:00:00,15482,2983.15439672751,0.0,6494.84560327249,5787.0,2.0,215.0
2025-11-04 15:00:00,15883,2671.0073355741724,0.0,7153.992664425827,5787.0,55.0,216.0
2025-11-04 16:00:00,16822,2081.2287356908737,80.7712643091254,7326.0,5853.0,117.0,1364.0
2025-11-04 17:00:00,17755,1625.3707840372324,1129.0,7341.0,5920.0,130.0,1609.6292159627665
2025-11-04 18:00:00,17682,1511.2202973553883,1129.0,7341.0,6071.0,140.0,1489.7797026446133
2025-11-04 19:00:00,17423,1405.442029638385,1129.0,7341.0,6172.0,140.0,1235.5579703616168
2025-11-04 20:00:00,17124,1222.4470845993592,706.5556226889339,7341.0,6182.0,140.0,1531.997292711706
2025-11-04 21:00:00,16446,1161.4516592536145,0.0,7341.0,5866.0,130.0,1947.5483407463853
2025-11-04 22:00:00,15554,1140.287995814667,0.0,7341.0,5546.0,107.71200418533408,1419.0
2025-11-04 23:00:00,14769,1214.5731796018256,0.0,7118.714816212841,6182.0,36.71200418533408,217.0
2025-11-05 00:00:00,14384,1292.880958669664,0.0,6691.119041330336,6182.0,2.0,216.0
2025-11-05 01:00:00,13970,1561.762047333799,0.0,6035.237952666201,6155.0,2.0,216.0
2025-11-05 02:00:00,13789,595.3651461707091,0.0,6820.634853829291,6155.0,2.0,216.0
2025-11-05 03:00:00,13628,942.7701337700382,0.0,6285.229866229962,6182.0,2.0,216.0
2025-11-05 04:00:00,13736,1262.2608446397694,0.0,6073.73915536023,6182.0,2.0,216.0
2025-11-05 05:00:00,13949,1629.7960495085822,0.0,5919.203950491417,6182.0,2.0,216.0
2025-11-05 06:00:00,15299,2926.2523106495437,0.0,6030.747689350457,6113.0,12.0,217.0
2025-11-05 07:00:00,16644,2948.6271586474013,0.0,7376.0,5806.0,74.0,439.3728413525987
2025-11-05 08:00:00,16687,3110.0991100463857,0.0,7376.0,5791.0,127.0,282.90088995361293
2025-11-05 09:00:00,16902,3076.874803241462,302.12519675853764,7376.0,5791.0,140.0,216.0
2025-11-05 10:00:00,17227,2970.808252649066,736.4702597798755,7376.0,5789.0,138.72148757105924,216.0
2025-11-05 11:00:00,17330,2922.342302810447,957.9362096184929,7376.0,5789.0,67.72148757105919,217.0
2025-11-05 12:00:00,17319,3165.9435015097733,647.3350109191674,7371.0,5789.0,129.72148757105924,216.0
2025-11-05 13:00:00,17383,3423.57778065884,423.4222193411624,7371.0,5809.0,140.0,216.0
2025-11-05 14:00:00,17304,3649.780047186251,118.21995281374984,7371.0,5809.0,140.0,216.0
2025-11-05 15:00:00,17472,3630.050950325453,172.94904967454931,7371.0,5941.0,140.0,217.0
2025-11-05 16:00:00,17758,3764.648560957058,298.3514390429409,7371.0,5967.0,140.0,217.0
2025-11-05 17:00:00,17848,3871.2631119445978,187.73688805540223,7371.0,6074.0,127.0,217.0
2025-11-05 18:00:00,17638,3865.0995688235457,0.0,7371.0,6074.0,83.0,244.90043117645473
2025-11-05 19:00:00,17411,3990.3500680018433,0.0,7300.649931998156,5892.0,12.0,216.0
2025-11-05 20:00:00,17148,3754.362407425843,0.0,7287.637592574158,5888.0,2.0,216.0
2025-11-05 21:00:00,16868,3475.1342843272514,0.0,6965.8657156727495,6208.0,2.0,217.0
2025-11-05 22:00:00,16086,3026.30177706974,0.0,6632.698222930259,6208.0,2.0,217.0
2025-11-05 23:00:00,15254,2831.7264793186337,0.0,6006.273520681367,6198.0,2.0,216.0
2025-11-06 00:00:00,14695,2705.0139670645317,0.0,5564.986032935469,6208.0,2.0,215.0
2025-11-06 01:00:00,14443,1469.167677992964,0.0,6548.832322007036,6208.0,2.0,215.0
2025-11-06 02:00:00,14261,1434.98375311389,0.0,6401.01624688611,6208.0,2.0,215.0
2025-11-06 03:00:00,14154,1272.1501819779987,0.0,6455.849818022001,6208.0,2.0,216.0
2025-11-06 04:00:00,14274,1381.2588612811069,0.0,6466.741138718893,6208.0,2.0,216.0
2025-11-06 05:00:00,15191,1961.837957425442,0.0,6823.162042574557,6177.0,12.0,217.0
2025-11-06 06:00:00,16114,1688.0808285122812,0.0,7391.0,6177.0,65.0,792.9191714877197
2025-11-06 07:00:00,17003,1508.820264989398,151.26056352288288,7391.0,6130.0,127.0,1694.9191714877197
2025-11-06 08:00:00,16907,1306.5014299644909,0.0,7391.0,5897.0,140.0,2172.49857003551
2025-11-06 09:00:00,16540,1206.2599483982876,0.0,7391.0,5889.0,140.0,1913.7400516017115
2025-11-06 10:00:00,16130,1374.7480554123922,0.0,7391.0,5889.0,140.0,1335.2519445876078
2025-11-06 11:00:00,15967,1342.4307860324504,0.0,7391.0,5887.0,140.0,1206.5692139675484
2025-11-06 12:00:00,16139,1089.8291771904248,0.0,7391.0,5887.0,140.0,1631.170822809574
2025-11-06 13:00:00,16260,1088.9654583143968,0.0,7391.0,5887.0,140.0,1753.0345416856035
2025-11-06 14:00:00,16521,835.2840826302056,0.0,7356.0,6088.0,140.0,2101.7159173697946
2025-11-06 15:00:00,17176,687.6916140819543,0.0,7391.0,6158.0,140.0,2799.308385918046
2025-11-06 16:00:00,18065,525.9220320566749,654.3085471173991,7391.0,6303.0,140.0,3050.7694208259263
2025-11-06 17:00:00,18171,419.82920793354566,1129.0,7391.0,6372.0,140.0,2719.1707920664558
2025-11-06 18:00:00,18256,467.9361963429936,1129.0,7391.0,6372.0,140.0,2756.0638036570053
2025-11-06 19:00:00,18180,756.4641304129951,1129.0,7391.0,6435.0,140.0,2328.5358695870054
2025-11-06 20:00:00,17832,1266.5013965626374,0.0,7391.0,6435.0,140.0,2599.4986034373615
2025-11-06 21:00:00,17296,1500.4939149382058,91.68466335583798,7391.0,6425.0,127.0,1760.8214217059558
2025-11-06 22:00:00,16476,1804.1785782940435,0.0,7391.0,6425.0,56.0,799.8214217059558
2025-11-06 23:00:00,15459,2163.2916428392627,0.0,7055.708357160736,6012.0,12.0,216.0
2025-11-07 00:00:00,15079,2359.632831983815,0.0,6339.367168016186,6162.0,2.0,216.0
2025-11-07 01:00:00,14740,2567.831137742034,0.0,5471.168862257966,6482.0,2.0,217.0
2025-11-07 02:00:00,14350,1851.0419325835387,0.0,5798.958067416461,6482.0,2.0,216.0
2025-11-07 03:00:00,14249,2078.7171954581268,0.0,5470.282804541874,6482.0,2.0,216.0
2025-11-07 04:00:00,14313,2432.590484744746,0.0,5198.4095152552545,6465.0,2.0,215.0
2025-11-07 05:00:00,14694,2618.541614789032,0.0,5392.458385210968,6465.0,2.0,216.0
2025-11-07 06:00:00,15936,3939.0538889988775,0.0,5312.946111001122,6465.0,2.0,217.0
2025-11-07 07:00:00,16820,4018.5429414994,0.0,6205.4570585006,6377.0,2.0,217.0
2025-11-07 08:00:00,17123,3969.2934757573,0.0,6558.7065242427,6377.0,2.0,216.0
2025-11-07 09:00:00,17399,3783.552282234047,0.0,7084.447717765954,6314.0,2.0,215.0
2025-11-07 10:00:00,17843,3857.127258727597,0.8727412724038004,7391.0,6314.0,64.0,216.0
2025-11-07 11:00:00,17932,3961.4348401420034,0.0,7350.565159857997,6402.0,2.0,216.0
2025-11-07 12:00:00,17787,4023.711708285655,0.0,7157.288291714345,6388.0,2.0,216.0
2025-11-07 13:00:00,17896,3944.876745421935,0.0,7266.123254578066,6467.0,2.0,216.0
2025-11-07 14:00:00,18016,3679.221789311299,279.15412437982184,7391.0,6430.0,20.624086308880692,216.0
2025-11-07 15:00:00,18171,3497.176204351379,623.8237956486191,7391.0,6440.0,2.0,217.0
2025-11-07 16:00:00,18464,3395.6787895671114,956.3212104328886,7391.0,6503.0,2.0,216.0
2025-11-07 17:00:00,18331,2990.2010752830483,1129.0,7391.0,6457.0,64.0,299.7989247169535
2025-11-07 18:00:00,17738,2885.6256457298546,855.374354270145,7391.0,6388.0,2.0,216.0
2025-11-07 19:00:00,17056,3554.0237167807445,0.0,6895.9762832192555,6388.0,2.0,216.0
2025-11-07 20:00:00,16635,3857.5682294349817,0.0,5970.431770565017,6589.0,2.0,216.0
2025-11-07 21:00:00,16407,3477.9607233251604,0.0,6122.039276674839,6589.0,2.0,216.0
2025-11-07 22:00:00,15617,3110.6581393265456,0.0,5689.341860673454,6600.0,2.0,215.0
2025-11-07 23:00:00,15089,2874.725649667098,0.0,5397.274350332902,6600.0,2.0,215.0
2025-11-08 00:00:00,14419,1436.9440692495275,0.0,6191.055930750472,6573.0,2.0,216.0
2025-11-08 01:00:00,14125,2216.4391915881843,0.0,5318.560808411816,6372.0,2.0,216.0
2025-11-08 02:00:00,13820,964.5280815979332,0.0,6265.471918402067,6372.0,2.0,216.0
2025-11-08 03:00:00,13743,662.4062928833137,0.0,6455.593707116686,6408.0,2.0,215.0
2025-11-08 04:00:00,13627,667.5474779567571,0.0,6334.452522043242,6408.0,2.0,215.0
2025-11-08 05:00:00,14107,1825.6972939793804,0.0,5656.302706020619,6408.0,2.0,215.0
2025-11-08 06:00:00,14737,1708.0605528069252,0.0,6394.722981431705,6408.0,10.216465761370271,216.0
2025-11-08 07:00:00,15336,1247.7835342386302,0.0,7391.0,6408.0,72.21646576137027,217.0
2025-11-08 08:00:00,15633,847.1227009685952,0.0,7391.0,6408.0,125.21646576137027,861.6608332700343
2025-11-08 09:00:00,15666,846.6978192264708,0.0,7391.0,6408.0,138.21646576137027,882.0857150121592
2025-11-08 10:00:00,16067,717.7229715019356,0.0,7391.0,6408.0,140.0,1410.2770284980652
2025-11-08 11:00:00,16271,619.5218938202029,0.0,7391.0,6580.0,140.0,1540.4781061797967
2025-11-08 12:00:00,16180,663.2571936050192,0.0,7391.0,6594.0,140.0,1391.742806394981
2025-11-08 13:00:00,16078,533.2545997487432,0.0,7391.0,6594.0,140.0,1419.7454002512568
2025-11-08 14:00:00,16200,386.8726776624644,0.0,7391.0,6594.0,140.0,1688.1273223375356
2025-11-08 15:00:00,16551,283.1727197710354,0.0,7391.0,6594.0,140.0,2142.827280228965
2025-11-08 16:00:00,17199,195.17831822840424,1129.0,7391.0,6594.0,140.0,1749.8216817715947
2025-11-08 17:00:00,17722,242.63938061639575,1129.0,7621.0,6594.0,140.0,1995.360619383604
2025-11-08 18:00:00,17577,373.7454059300917,1129.0,7621.0,6594.0,140.0,1719.2545940699092
2025-11-08 19:00:00,16897,475.19904070878425,897.2537739961201,7621.0,6626.0,140.0,1137.5471852950966
2025-11-08 20:00:00,16605,620.1036335119655,0.0,7621.0,6626.0,140.0,1597.8963664880357
2025-11-08 21:00:00,16170,728.7608616654128,0.0,7621.0,6653.0,127.0,1040.2391383345876
2025-11-08 22:00:00,15544,829.5237418326363,0.0,7571.0,6653.0,83.0,407.476258167364
2025-11-08 23:00:00,15075,771.8314157189917,0.0,7405.168584281008,6669.0,12.0,217.0
2025-11-09 00:00:00,14808,818.4997250667992,0.0,7105.500274933201,6665.0,2.0,217.0
2025-11-09 01:00:00,14503,858.9548990979076,0.0,6799.045100902093,6626.0,2.0,217.0
2025-11-09 02:00:00,14251,961.9287970688464,0.0,6504.0712029311535,6566.0,2.0,217.0
2025-11-09 03:00:00,14162,16.70592406412493,0.0,7333.294075935875,6595.0,2.0,215.0
2025-11-09 04:00:00,14091,280.16198350194804,0.0,6998.838016498052,6595.0,2.0,215.0
2025-11-09 05:00:00,14286,589.4769753239125,0.0,6825.5230246760875,6653.0,2.0,216.0
2025-11-09 06:00:00,14872,493.32474504757374,0.0,7507.675254952426,6653.0,2.0,216.0
2025-11-09 07:00:00,15593,1643.6194003412063,0.0,7077.380599658794,6653.0,2.0,217.0
2025-11-09 08:00:00,16333,2025.9983909113264,0.0,7436.001609088673,6653.0,2.0,216.0
2025-11-09 09:00:00,16876,2505.7488664977886,0.0,7498.251133502212,6653.0,2.0,217.0
2025-11-09 10:00:00,17338,2904.960260375912,0.0,7561.039739624088,6653.0,2.0,217.0
2025-11-09 11:00:00,17722,3189.6307830240144,0.0,7660.369216975985,6653.0,2.0,217.0
2025-11-09 12:00:00,17915,3406.7472889482556,0.0,7637.252711051744,6653.0,2.0,216.0
2025-11-09 13:00:00,18014,3492.451352233171,0.0,7650.548647766829,6653.0,2.0,216.0
2025-11-09 14:00:00,18101,3609.517044867065,0.0,7619.482955132935,6653.0,2.0,217.0
2025-11-09 15:00:00,18362,3368.0004571256286,0.0,8122.999542874371,6653.0,2.0,216.0
2025-11-09 16:00:00,18751,3027.5037582803493,1053.5692397392672,7798.927001980384,6653.0,2.0,216.0
2025-11-09 17:00:00,19056,3028.6954803716585,1129.0,8027.304519628342,6653.0,2.0,216.0
2025-11-09 18:00:00,18692,2992.123013735389,645.8769862646113,8191.0,6644.0,2.0,217.0
2025-11-09 19:00:00,17995,3335.873351876599,0.0,7839.1266481234015,6601.0,2.0,217.0
2025-11-09 20:00:00,17851,2942.2149915390064,0.0,8079.785008460993,6610.0,2.0,217.0
2025-11-09 21:00:00,17428,2491.6181247824675,0.0,8108.381875217532,6610.0,2.0,216.0
2025-11-09 22:00:00,16607,2130.8684711301585,0.0,7648.131528869842,6610.0,2.0,216.0
2025-11-09 23:00:00,16084,1820.7463690365312,0.0,7455.253630963469,6589.0,2.0,217.0
2025-11-10 00:00:00,15488,1567.9676342430462,0.0,7146.032365756953,6555.0,2.0,217.0
2025-11-10 01:00:00,15220,1353.8213749477777,0.0,7066.178625052223,6581.0,2.0,217.0
2025-11-10 02:00:00,15072,205.92210857523332,0.0,8076.077891424767,6573.0,2.0,215.0
2025-11-10 03:00:00,15033,1301.9064161348706,0.0,6941.093583865129,6573.0,2.0,215.0
2025-11-10 04:00:00,15039,268.2230255845941,0.0,7952.776974415406,6600.0,2.0,216.0
2025-11-10 05:00:00,15430,372.7539682496824,0.0,8229.246031750317,6600.0,12.0,216.0
2025-11-10 06:00:00,16801,1646.6923530419497,0.0,8236.0,6533.0,74.0,311.3076469580483
2025-11-10 07:00:00,18129,1726.5190956911815,435.1732573507688,8236.0,6380.0,127.0,1224.3076469580483
2025-11-10 08:00:00,18643,1705.81602314697,473.8763298949816,8236.0,5983.0,140.0,2104.3076469580483
2025-11-10 09:00:00,18594,1671.6423727423155,0.0,8236.0,6006.0,140.0,2540.357627257683
2025-11-10 10:00:00,18648,1808.3070799610211,0.0,8236.0,5864.0,140.0,2599.6929200389786
2025-11-10 11:00:00,18631,1880.310015458851,0.0,8236.0,5764.0,140.0,2610.68998454115
2025-11-10 12:00:00,18737,1819.7599441639247,0.0,8236.0,6061.0,140.0,2480.240055836075
2025-11-10 13:00:00,18563,1889.6650708870825,0.0,8236.0,6098.0,140.0,2199.33492911292
2025-11-10 14:00:00,18625,1898.3001738348928,0.0,8236.0,6119.0,135.0,2236.6998261651097
2025-11-10 15:00:00,18918,2068.016509922062,0.0,8236.0,6119.0,135.0,2359.9834900779388
2025-11-10 16:00:00,19199,2112.206245286821,0.0,8236.0,5961.0,135.0,2754.7937547131805
2025-11-10 17:00:00,19731,2031.2792828097092,1129.0,8236.0,6051.0,135.0,2148.720717190292
2025-11-10 18:00:00,19641,2074.511185381811,1129.0,8236.0,6181.0,135.0,1885.488814618191
2025-11-10 19:00:00,19337,1986.891299527289,1117.2041867503694,8236.0,6047.0,135.0,1814.9045137223393
2025-11-10 20:00:00,18898,1916.446464282175,0.0,8236.0,6027.0,135.0,2583.5535357178233
2025-11-10 21:00:00,18186,1786.40373196237,0.0,8236.0,6027.0,135.0,2001.5962680376288
2025-11-10 22:00:00,17265,1807.6932935773111,0.0,8236.0,5712.0,122.0,1387.3067064226889
2025-11-10 23:00:00,16295,1930.215923403786,0.0,8236.0,5710.0,83.0,335.7840765962137
2025-11-11 00:00:00,16102,2186.1488993971648,0.0,7343.851100602835,6343.0,12.0,217.0
2025-11-11 01:00:00,15670,2271.8243198098744,0.0,6837.175680190125,6343.0,2.0,216.0
2025-11-11 02:00:00,15392,1202.5083936176084,0.0,7607.491606382391,6365.0,2.0,215.0
2025-11-11 03:00:00,15230,1383.0778912154246,0.0,7264.922108784575,6365.0,2.0,215.0
2025-11-11 04:00:00,15319,1605.1153651113625,0.0,7130.884634888638,6365.0,2.0,216.0
2025-11-11 05:00:00,15867,1654.0916852611822,0.0,7629.908314738817,6365.0,2.0,216.0
2025-11-11 06:00:00,16958,2992.0671407014524,0.0,7528.932859298548,6219.0,2.0,216.0
2025-11-11 07:00:00,18007,3182.8332393457995,793.2731130019394,7593.89364765226,6219.0,2.0,216.0
2025-11-11 08:00:00,18277,3165.541090872728,1129.0,7555.458909127272,6209.0,2.0,216.0
2025-11-11 09:00:00,18271,3002.3061539053897,0.0,8231.0,6119.0,64.0,854.6938460946112
2025-11-11 10:00:00,18333,2737.822551016818,0.0,8231.0,6094.0,112.0,1158.1774489831805
2025-11-11 11:00:00,18009,2595.199383570067,0.0,8246.0,6240.0,125.0,802.8006164299331
2025-11-11 12:00:00,17881,2700.2471558623265,0.0,8246.0,6259.0,135.0,540.7528441376744
2025-11-11 13:00:00,17968,3022.882455276664,0.0,8246.0,6257.0,135.0,307.1175447233363
2025-11-11 14:00:00,18115,2995.388293330487,0.0,8246.0,6243.0,135.0,495.6117066695151
2025-11-11 15:00:00,18412,3047.7098495348146,0.0,8246.0,6246.0,135.0,737.2901504651854
2025-11-11 16:00:00,18945,2848.903557489688,0.0,8246.0,6350.0,135.0,1365.096442510312
2025-11-11 17:00:00,19581,2810.3035768550462,1129.0,8246.0,6291.0,135.0,969.6964231449529
2025-11-11 18:00:00,19124,2986.939541224853,1013.12688699806,8246.0,6230.0,122.0,525.9335717770876
2025-11-11 19:00:00,18786,3233.6290081197767,0.0,8246.0,6284.0,83.0,939.3709918802233
2025-11-11 20:00:00,18377,3557.998780559291,0.0,8234.00121944071,6360.0,12.0,213.0
2025-11-11 21:00:00,17654,3674.4046795974086,0.0,7404.595320402592,6360.0,2.0,213.0
2025-11-11 22:00:00,16773,3941.7846411629503,0.0,6256.215358837049,6360.0,2.0,213.0
2025-11-11 23:00:00,16007,3801.806727186311,0.0,5630.193272813689,6360.0,2.0,213.0
2025-11-12 00:00:00,15496,2407.3781554632146,0.0,6465.621844536785,6408.0,2.0,213.0
2025-11-12 01:00:00,15150,2269.931789720238,0.0,6257.068210279762,6408.0,2.0,213.0
2025-11-12 02:00:00,14987,2922.5262585700434,0.0,5441.473741429956,6408.0,2.0,213.0
2025-11-12 03:00:00,14939,2782.4189449970445,0.0,5533.581055002956,6408.0,2.0,213.0
2025-11-12 04:00:00,14955,1966.9398773414985,0.0,6365.060122658502,6408.0,2.0,213.0
2025-11-12 05:00:00,15447,2333.5848416394174,0.0,6490.415158360583,6408.0,2.0,213.0
2025-11-12 06:00:00,16409,3556.776246448568,0.0,6229.223753551432,6408.0,2.0,213.0
2025-11-12 07:00:00,17801,3513.341046743739,0.0,7911.658953256261,6161.0,2.0,213.0
2025-11-12 08:00:00,18018,3598.1441210917196,0.0,8048.85587890828,6156.0,2.0,213.0
2025-11-12 09:00:00,17975,3573.216525021607,0.0,8040.783474978392,6146.0,2.0,213.0
2025-11-12 10:00:00,17905,3482.356964592414,0.0,8098.643035407586,6109.0,2.0,213.0
2025-11-12 11:00:00,17909,3436.883251547752,457.5462260038783,7690.57052244837,6109.0,2.0,213.0
2025-11-12 12:00:00,17701,3613.2175215619777,0.0,7763.782478438023,6109.0,2.0,213.0
2025-11-12 13:00:00,17704,3717.738352943288,0.0,7625.261647056712,6146.0,2.0,213.0
2025-11-12 14:00:00,17565,3766.6959408165026,0.0,7450.304059183498,6133.0,2.0,213.0
2025-11-12 15:00:00,17804,3756.1556452122377,0.0,7548.844354787761,6284.0,2.0,213.0
2025-11-12 16:00:00,18355,3642.9222155721905,1129.0,6983.077784427809,6385.0,2.0,213.0
2025-11-12 17:00:00,18833,3551.26988966694,1129.0,7552.730110333061,6385.0,2.0,213.0
2025-11-12 18:00:00,18475,3656.720108966852,1129.0,7089.279891033148,6385.0,2.0,213.0
2025-11-12 19:00:00,18199,3995.0188461356224,0.0,7618.981153864377,6370.0,2.0,213.0
2025-11-12 20:00:00,17821,3634.0501356991695,0.0,7601.94986430083,6370.0,2.0,213.0
2025-11-12 21:00:00,17481,3130.929457794399,0.0,7765.070542205602,6370.0,2.0,213.0
2025-11-12 22:00:00,16516,2860.10936964765,0.0,7070.890630352351,6370.0,2.0,213.0
2025-11-12 23:00:00,15531,3004.3899862319845,0.0,5916.610013768015,6395.0,2.0,213.0
2025-11-13 00:00:00,15000,3247.45621446576,0.0,5190.543785534239,6347.0,2.0,213.0
2025-11-13 01:00:00,14640,2184.6769861736925,0.0,5893.323013826308,6347.0,2.0,213.0
2025-11-13 02:00:00,14544,1970.043882998268,0.0,6011.956117001731,6347.0,2.0,213.0
2025-11-13 03:00:00,14565,2216.9773740003743,0.0,5786.022625999625,6347.0,2.0,213.0
2025-11-13 04:00:00,14445,2317.6348008454606,0.0,5565.365199154539,6347.0,2.0,213.0
2025-11-13 05:00:00,15132,3293.359475360168,0.0,5276.640524639832,6347.0,2.0,213.0
2025-11-13 06:00:00,16431,3275.2677765357,0.0,6593.7322234643,6347.0,2.0,213.0
2025-11-13 07:00:00,17501,3191.885936646431,0.0,7772.114063353569,6322.0,2.0,213.0
2025-11-13 08:00:00,17686,2987.7851694402957,0.0,8246.0,6188.0,51.21483055970384,213.0
2025-11-13 09:00:00,17160,2750.0104513925394,0.0,7962.98954860746,6232.0,2.0,213.0
2025-11-13 10:00:00,16737,2856.875919444351,0.0,7421.124080555648,6244.0,2.0,213.0
2025-11-13 11:00:00,16507,2962.32526727517,0.0,7085.67473272483,6244.0,2.0,213.0
2025-11-13 12:00:00,16653,3054.091910145646,0.0,7119.908089854354,6264.0,2.0,213.0
2025-11-13 13:00:00,16634,3123.409846416421,0.0,6955.59015358358,6340.0,2.0,213.0
2025-11-13 14:00:00,16886,3006.9316490810133,0.0,7256.068350918988,6398.0,12.0,213.0
2025-11-13 15:00:00,17709,2704.3549018265408,0.0,8156.22979553006,6403.0,25.0,420.4153026433996
2025-11-13 16:00:00,18774,2061.091701769752,917.4929955868502,8246.0,6414.0,87.0,1048.4153026433996
2025-11-13 17:00:00,18969,1328.5846973565988,1129.0,8246.0,6421.0,135.0,1709.4153026433996
2025-11-13 18:00:00,18509,1323.6344644051758,1129.0,8246.0,6475.0,135.0,1200.365535594825
2025-11-13 19:00:00,18287,1282.9732652576083,171.09467342214816,8246.0,6475.0,135.0,1976.9320613202424
2025-11-13 20:00:00,18050,1163.8512433785868,0.0,8246.0,6485.0,125.0,2030.1487566214128
2025-11-13 21:00:00,17508,1129.1876690089985,717.8123309910006,8246.0,6163.0,86.0,1166.0
2025-11-13 22:00:00,16475,1580.175073061919,0.0,8180.824926938081,6485.0,15.0,214.0
2025-11-13 23:00:00,15614,851.8953156465461,0.0,8061.104684353454,6485.0,2.0,214.0
2025-11-14 00:00:00,15294,937.5813466396256,0.0,7607.418653360374,6533.0,2.0,214.0
2025-11-14 01:00:00,14909,767.2289165648483,0.0,7392.771083435152,6533.0,2.0,214.0
2025-11-14 02:00:00,14707,488.058468128281,0.0,7469.941531871719,6533.0,2.0,214.0
2025-11-14 03:00:00,14830,1237.6592776707364,0.0,6843.340722329263,6533.0,2.0,214.0
2025-11-14 04:00:00,14860,960.7379308841216,0.0,7150.262069115878,6533.0,2.0,214.0
2025-11-14 05:00:00,15360,700.3108177973488,0.0,7863.689182202651,6533.0,50.0,213.0
2025-11-14 06:00:00,16438,645.5758458224108,30.424154177588207,8246.0,6533.0,112.0,871.0
2025-11-14 07:00:00,17350,742.936066815757,307.06393318424307,8246.0,6431.0,125.0,1498.0
2025-11-14 08:00:00,17429,966.4061588925464,0.0,8246.0,6418.0,135.0,1663.593841107453
2025-11-14 09:00:00,17302,995.333485233388,0.0,8256.0,6418.0,135.0,1497.6665147666135
2025-11-14 10:00:00,17342,1060.5185333636948,0.0,8246.0,6418.0,135.0,1482.4814666363054
2025-11-14 11:00:00,17165,1000.9710193399808,0.0,8246.0,6399.0,135.0,1384.0289806600194
2025-11-14 12:00:00,17072,814.7874895382439,0.0,8246.0,6399.0,135.0,1477.2125104617553
2025-11-14 13:00:00,16905,669.0194314758212,0.0,8246.0,6311.0,135.0,1543.980568524179
2025-11-14 14:00:00,17024,546.6885844232543,0.0,8246.0,6330.0,135.0,1766.3114155767453
2025-11-14 15:00:00,17434,361.81228910558497,0.0,8246.0,6560.0,135.0,2131.1877108944173
2025-11-14 16:00:00,17980,300.80959367739644,1129.0,8256.0,6662.0,135.0,1497.190406322603
2025-11-14 17:00:00,18429,425.8806492591968,1129.0,8266.0,6586.0,135.0,1887.1193507408025
2025-11-14 18:00:00,18112,548.8066674017226,1129.0,8266.0,6639.0,135.0,1394.1933325982754
2025-11-14 19:00:00,17966,735.1874914832478,6.619175918476685,8266.0,6639.0,135.0,2184.1933325982754
2025-11-14 20:00:00,17818,738.4182852648596,442.9520781817642,8266.0,6639.0,135.0,1596.6296365533767
2025-11-14 21:00:00,17341,804.0861461419951,110.19443253404825,8266.0,6639.0,122.0,1399.7194213239563
2025-11-14 22:00:00,16538,973.2805786760442,0.0,8266.0,6630.0,83.0,585.7194213239563
2025-11-14 23:00:00,15668,1146.841445041612,0.0,7638.158554958388,6658.0,12.0,213.0
2025-11-15 00:00:00,14978,1436.5181100349075,0.0,6658.481889965093,6667.0,2.0,214.0
2025-11-15 01:00:00,14385,1593.2706319264134,0.0,5908.729368073586,6667.0,2.0,214.0
2025-11-15 02:00:00,14160,1843.6799313487925,0.0,5393.320068651208,6708.0,1.0,214.0
2025-11-15 03:00:00,13999,902.230908363708,0.0,6236.769091636292,6646.0,1.0,213.0
2025-11-15 04:00:00,14041,1002.2153360969046,0.0,6178.784663903096,6646.0,1.0,213.0
2025-11-15 05:00:00,14400,1153.1813491758453,0.0,6385.818650824154,6646.0,2.0,213.0
2025-11-15 06:00:00,14908,1887.8094084728596,0.0,6159.19059152714,6646.0,2.0,213.0
2025-11-15 07:00:00,15546,2741.8309680027924,0.0,5943.169031997208,6646.0,2.0,213.0
2025-11-15 08:00:00,16016,2802.79236364618,0.0,6558.20763635382,6646.0,2.0,7.0
2025-11-15 09:00:00,16600,2836.608123550119,0.0,7108.391876449881,6646.0,2.0,7.0
2025-11-15 10:00:00,16914,2883.740170904195,0.0,7375.259829095805,6646.0,2.0,7.0
2025-11-15 11:00:00,17088,2969.433967038195,1129.0,6334.566032961804,6646.0,2.0,7.0
2025-11-15 12:00:00,17277,2819.605925899917,1129.0,6605.394074100082,6714.0,2.0,7.0
2025-11-15 13:00:00,17270,3096.2234409802695,0.0,7450.7765590197305,6714.0,2.0,7.0
2025-11-15 14:00:00,17347,3509.7362650923556,0.0,7113.263734907645,6714.0,2.0,8.0
2025-11-15 15:00:00,17550,3595.961828630846,0.0,7230.038171369153,6714.0,2.0,8.0
2025-11-15 16:00:00,17776,3482.314001640872,0.0,7511.685998359128,6772.0,2.0,8.0
2025-11-15 17:00:00,17978,3507.917482906562,1129.0,6560.082517093439,6772.0,2.0,7.0
2025-11-15 18:00:00,17334,3646.8518260002847,0.0,7102.148173999714,6575.0,2.0,8.0
2025-11-15 19:00:00,16793,3745.570741358636,0.0,6462.429258641365,6575.0,2.0,8.0
2025-11-15 20:00:00,16420,3592.739351256133,0.0,6036.260648743868,6575.0,2.0,214.0
2025-11-15 21:00:00,15951,3729.222153154177,0.0,5752.777846845824,6253.0,2.0,214.0
2025-11-15 22:00:00,15253,3967.266136440288,0.0,4495.733863559712,6575.0,2.0,213.0
2025-11-15 23:00:00,14713,3793.670328337777,0.0,3932.3296716622226,6772.0,2.0,213.0
2025-11-16 00:00:00,14335,3751.459767332016,0.0,3596.540232667983,6772.0,2.0,213.0
2025-11-16 01:00:00,13920,2884.0789761592064,0.0,4048.9210238407936,6772.0,2.0,213.0
2025-11-16 02:00:00,13737,2892.086263974214,0.0,3857.913736025786,6772.0,2.0,213.0
2025-11-16 03:00:00,13643,3899.198787990515,0.0,2756.8012120094845,6772.0,2.0,213.0
2025-11-16 04:00:00,13667,2827.886881427743,0.0,3852.1131185722566,6772.0,2.0,213.0
2025-11-16 05:00:00,13969,2769.617983654984,0.0,4211.382016345016,6772.0,2.0,214.0
2025-11-16 06:00:00,14526,3678.514405378554,0.0,3859.4855946214466,6772.0,2.0,214.0
2025-11-16 07:00:00,14982,3768.598219710738,0.0,4251.401780289263,6746.0,2.0,214.0
2025-11-16 08:00:00,15608,3800.591204727892,0.0,4846.408795272107,6746.0,2.0,213.0
2025-11-16 09:00:00,15918,4054.041880903325,0.0,4901.958119096675,6746.0,2.0,214.0
2025-11-16 10:00:00,16167,4162.812062848324,0.0,5042.187937151677,6746.0,2.0,214.0
2025-11-16 11:00:00,16470,4213.874195720062,0.0,5363.125804279938,6677.0,2.0,214.0
2025-11-16 12:00:00,16682,4140.394937611471,0.0,5648.605062388529,6677.0,2.0,214.0
2025-11-16 13:00:00,16589,4153.062509094102,0.0,5473.937490905897,6746.0,2.0,214.0
2025-11-16 14:00:00,16820,4034.061599951786,0.0,5823.938400048213,6746.0,2.0,214.0
2025-11-16 15:00:00,17272,4032.281304330292,0.0,6278.718695669708,6746.0,2.0,213.0
2025-11-16 16:00:00,17849,3932.399094027028,0.0,6938.600905972971,6763.0,2.0,213.0
2025-11-16 17:00:00,18511,3662.9913817583983,1129.0,6740.008618241602,6763.0,2.0,214.0
2025-11-16 18:00:00,18200,3527.079455338866,1129.0,6564.920544661134,6763.0,2.0,214.0
2025-11-16 19:00:00,17858,3367.956004204773,1129.0,6382.043995795228,6763.0,2.0,214.0
2025-11-16 20:00:00,17438,3434.7500168056463,677.3999999999991,6347.8499831943545,6763.0,1.0,214.0
2025-11-16 21:00:00,16810,3298.3485145455825,0.0,6855.651485454418,6441.0,1.0,214.0
2025-11-16 22:00:00,16031,3225.995426714585,0.0,5827.004573285416,6763.0,1.0,214.0
2025-11-16 23:00:00,15429,3171.2374982190418,0.0,5278.762501780959,6763.0,2.0,214.0
2025-11-17 00:00:00,15038,3025.2145420785064,0.0,5033.7854579214945,6763.0,2.0,214.0
2025-11-17 01:00:00,14714,1890.760444482356,0.0,5844.2395555176445,6763.0,2.0,214.0
2025-11-17 02:00:00,14571,1968.1710561967557,0.0,5623.828943803244,6763.0,2.0,214.0
2025-11-17 03:00:00,14598,2015.1450995050616,0.0,5604.854900494938,6763.0,1.0,214.0
2025-11-17 04:00:00,14884,1901.4014119367,0.0,6005.5985880633,6763.0,1.0,213.0
2025-11-17 05:00:00,15309,2963.456057423263,0.0,5368.543942576736,6763.0,1.0,213.0
2025-11-17 06:00:00,16536,2873.3787059262067,0.0,6744.621294073793,6703.0,2.0,213.0
2025-11-17 07:00:00,17935,2902.3059673831494,0.0,8131.6940326168515,6686.0,1.0,214.0
2025-11-17 08:00:00,18057,2605.771613187484,328.22838681251596,8277.0,6532.0,100.0,214.0
2025-11-17 09:00:00,17838,2497.9797127325237,28.618322060715364,8277.0,6389.0,125.0,520.4019652067627
2025-11-17 10:00:00,17665,2601.0820514152742,0.0,8277.0,6470.0,102.91794858472713,214.0
2025-11-17 11:00:00,17438,2456.082051415273,0.0,8277.0,6459.0,31.917948584727128,214.0
2025-11-17 12:00:00,17500,2939.520835437711,0.0,7924.47916456229,6420.0,2.0,214.0
2025-11-17 13:00:00,17678,2754.4741401695187,0.0,8277.0,6420.0,12.52585983047902,214.0
2025-11-17 14:00:00,17865,2484.9777032618076,0.0,8277.0,6420.0,74.52585983047902,608.4964369077134
2025-11-17 15:00:00,18280,2234.881859084956,0.0,8277.0,6418.0,122.52585983047902,1227.592281084566
2025-11-17 16:00:00,18974,1849.2841839874343,231.12353492799957,8277.0,6418.0,135.0,2063.592281084566
2025-11-17 17:00:00,19530,1579.4066596422344,1129.0,8277.0,6591.0,135.0,1818.5933403577656
2025-11-17 18:00:00,19239,1511.4561562385145,340.2736374306432,8277.0,6591.0,135.0,2384.2702063308434
2025-11-17 19:00:00,19029,1369.9127797323513,185.08722026764735,8277.0,6601.0,135.0,2461.0
2025-11-17 20:00:00,18582,1113.2850026932922,11.71499730670621,8277.0,6601.0,135.0,2444.0
2025-11-17 21:00:00,17919,946.2925758264136,0.0,8277.0,6601.0,135.0,1959.7074241735863
2025-11-17 22:00:00,16981,751.3673084178623,0.0,8277.0,6601.0,135.0,1216.6326915821373
2025-11-17 23:00:00,16137,630.5504892729684,0.0,8277.0,6601.0,104.12731292176795,524.3221978052625
2025-11-18 00:00:00,15632,506.87268707823216,0.0,8277.0,6601.0,33.12731292176795,214.0
2025-11-18 01:00:00,15298,109.87268707823203,0.0,8277.0,6601.0,95.12731292176795,215.0
2025-11-18 02:00:00,15222,-0.0,0.0,8277.0,6601.0,83.0,261.0
2025-11-18 03:00:00,15096,-0.0,0.0,8268.0,6601.0,12.0,215.0
2025-11-18 04:00:00,15271,81.0,0.0,8277.0,6574.0,74.0,265.0
2025-11-18 05:00:00,15824,0.0,0.0,8277.0,6574.0,73.0,900.0
2025-11-18 06:00:00,17133,415.2513841777238,132.7486158222764,8277.0,6574.0,135.0,1599.0
2025-11-18 07:00:00,18375,301.1466684996901,1068.1035036018936,8277.0,6574.0,135.0,2019.749827898416
2025-11-18 08:00:00,18344,265.72523242611004,941.27476757389,8277.0,6487.0,135.0,2238.0
2025-11-18 09:00:00,17863,294.4790944563786,63.52090554362075,8277.0,6443.0,135.0,2650.0
2025-11-18 10:00:00,17974,293.21476481344706,162.7852351865513,8277.0,6443.0,135.0,2663.0
2025-11-18 11:00:00,17521,314.34340103449176,0.0,8277.0,6443.0,135.0,2351.6565989655064
2025-11-18 12:00:00,17365,314.93513516458574,0.0,8277.0,6443.0,135.0,2195.0648648354145
2025-11-18 13:00:00,17389,318.03000664319313,0.0,8277.0,6543.0,135.0,2115.969993356808
2025-11-18 14:00:00,17574,271.2520040961432,0.0,8277.0,6495.0,135.0,2395.7479959038574
2025-11-18 15:00:00,18014,210.29152676733472,0.0,8277.0,6567.0,135.0,2824.7084732326657
2025-11-18 16:00:00,18638,165.6070061695586,0.0,8277.0,6643.0,135.0,3417.3929938304427
2025-11-18 17:00:00,19192,173.0790247209835,330.9209752790157,8277.0,6643.0,135.0,3633.0
2025-11-18 18:00:00,19101,184.6647595882719,381.3352404117286,8277.0,6527.0,135.0,3596.0
2025-11-18 19:00:00,18907,180.99630760662592,210.00369239337303,8277.0,6471.0,135.0,3633.0
2025-11-18 20:00:00,18602,217.3931622585711,993.5608381837706,8277.0,5962.0,135.0,3017.045999557656
2025-11-18 21:00:00,17905,277.00214932199856,0.0,8277.0,6430.0,135.0,2785.9978506780026
2025-11-18 22:00:00,17041,332.21223583816703,0.0,8277.0,6149.0,135.0,2147.7877641618325
2025-11-18 23:00:00,16217,453.5552730669863,0.0,8277.0,6471.0,135.0,880.444726933014
2025-11-19 00:00:00,15744,523.172323965034,0.0,8277.0,6498.0,135.0,310.8276760349654
2025-11-19 01:00:00,15440,-0.0,0.0,8277.0,6498.0,135.0,530.0
2025-11-19 02:00:00,15222,-0.0,0.0,8277.0,6498.0,135.0,312.0
2025-11-19 03:00:00,15221,-0.0,0.0,8277.0,6498.0,135.0,311.0
2025-11-19 04:00:00,15393,-0.0,0.0,8277.0,6498.0,135.0,483.0
2025-11-19 05:00:00,16031,0.0,0.0,8277.0,6498.0,135.0,1121.0
2025-11-19 06:00:00,17222,678.6832455035014,0.0,8277.0,6411.0,135.0,1720.316754496498
2025-11-19 07:00:00,18198,668.9643243526829,53.71892115082119,8277.0,6210.0,135.0,2853.316754496498
2025-11-19 08:00:00,18120,663.0112255598549,0.0,8277.0,6062.0,135.0,2982.988774440146
2025-11-19 09:00:00,17748,438.0164161218363,0.0,8277.0,6062.0,135.0,2835.9835838781655
2025-11-19 10:00:00,17237,390.1114575159439,0.0,8246.0,6114.0,135.0,2351.8885424840555
2025-11-19 11:00:00,16907,355.3197801722831,0.0,8246.0,6041.0,135.0,2129.6802198277164
2025-11-19 12:00:00,16595,319.8501811185598,0.0,8276.0,6115.0,135.0,1749.1498188814403
2025-11-19 13:00:00,16495,322.6807605952273,0.0,8276.0,6316.0,135.0,1445.3192394047728
2025-11-19 14:00:00,16729,257.41327555057717,0.0,8276.0,6410.0,135.0,1650.586724449422
2025-11-19 15:00:00,17448,135.60691781238006,0.0,8276.0,6393.0,135.0,2508.39308218762
2025-11-19 16:00:00,18401,70.97554137777124,58.02445862222885,8276.0,6416.0,135.0,3445.0
2025-11-19 17:00:00,19199,66.64926689270314,874.5343350461043,8276.0,6485.0,135.0,3361.8163980611935
2025-11-19 18:00:00,19003,104.7834100889716,1129.0,8276.0,6485.0,135.0,2873.2165899110296
2025-11-19 19:00:00,18873,161.7377906463248,227.26220935367743,8276.0,6495.0,135.0,3578.0
2025-11-19 20:00:00,18593,223.9556973616222,0.0,8276.0,6495.0,135.0,3463.04430263838
2025-11-19 21:00:00,17948,217.05706927664136,0.0,8276.0,6495.0,135.0,2824.9429307233586
2025-11-19 22:00:00,17101,335.2926200495884,0.0,8276.0,6495.0,135.0,1859.7073799504105
2025-11-19 23:00:00,16150,316.120395071906,0.0,8276.0,6472.0,135.0,950.8796049280936
2025-11-20 00:00:00,15790,298.6601753818454,0.0,8276.0,6542.0,135.0,538.339824618155
2025-11-20 01:00:00,15429,257.0,0.0,8276.0,6542.0,135.0,219.0
2025-11-20 02:00:00,15201,29.0,0.0,8276.0,6542.0,135.0,219.0
2025-11-20 03:00:00,15217,45.0,0.0,8276.0,6542.0,135.0,219.0
2025-11-20 04:00:00,15446,274.0,0.0,8276.0,6542.0,135.0,219.0
2025-11-20 05:00:00,16074,280.43453450160246,0.0,8276.0,6542.0,135.0,840.5654654983973
2025-11-20 06:00:00,17021,319.5119061849981,0.0,8276.0,6542.0,135.0,1748.4880938150018
2025-11-20 07:00:00,18078,325.64845916038126,0.0,8276.0,6542.0,135.0,2799.3515408396197
2025-11-20 08:00:00,18224,388.3756551244321,634.9500799987275,8276.0,6477.0,135.0,2312.6742648768395
2025-11-20 09:00:00,17777,507.3469374299336,0.0,8276.0,6368.0,135.0,2490.6530625700652
2025-11-20 10:00:00,17561,492.0059889312473,0.0,8276.0,5945.0,135.0,2712.994011068753
2025-11-20 11:00:00,17362,548.1179903343851,0.0,8276.0,6297.0,135.0,2105.8820096656145
2025-11-20 12:00:00,17297,620.5704852784701,0.0,8276.0,5978.0,135.0,2287.4295147215307
2025-11-20 13:00:00,17321,637.3742310856936,0.0,8276.0,6320.0,135.0,1952.6257689143058
2025-11-20 14:00:00,17467,658.318852651809,0.0,8276.0,6360.0,135.0,2037.6811473481903
2025-11-20 15:00:00,17762,644.966839611001,0.0,8276.0,6371.0,135.0,2335.033160389001
2025-11-20 16:00:00,18444,719.4946886659806,0.0,8276.0,6338.0,135.0,2975.505311334018
2025-11-20 17:00:00,19150,892.0803297928446,0.0,8276.0,6410.0,135.0,3436.9196702071567
2025-11-20 18:00:00,18796,1090.954422133618,0.0,8276.0,6508.0,135.0,2786.045577866382
2025-11-20 19:00:00,18453,1332.7022993429548,0.0,8276.0,6508.0,135.0,2201.2977006570436
2025-11-20 20:00:00,18140,1547.765469063208,0.0,8276.0,6508.0,122.0,1686.234530936792
2025-11-20 21:00:00,17725,1842.7896826799115,0.0,8276.0,6508.0,83.0,1015.2103173200885
2025-11-20 22:00:00,16918,2012.45376136427,0.0,8191.54623863573,6482.0,12.0,220.0
2025-11-20 23:00:00,16176,2168.464988207483,0.0,7303.535011792517,6482.0,2.0,220.0
2025-11-21 00:00:00,15582,2195.8790837029583,0.0,6706.120916297042,6458.0,2.0,220.0
2025-11-21 01:00:00,15266,1314.494045582854,0.0,7223.505954417145,6506.0,2.0,220.0
2025-11-21 02:00:00,14962,1285.8023328398665,0.0,7023.197667160133,6431.0,2.0,220.0
2025-11-21 03:00:00,14923,1364.476722890105,0.0,6905.5232771098945,6431.0,2.0,220.0
2025-11-21 04:00:00,14660,1280.7662683725334,0.0,6726.233731627466,6431.0,2.0,220.0
2025-11-21 05:00:00,15229,2260.4515815895406,0.0,6315.548418410459,6431.0,2.0,220.0
2025-11-21 06:00:00,16346,2414.542184543209,0.0,7268.457815456792,6431.0,12.0,220.0
2025-11-21 07:00:00,17197,2333.3759572526487,0.0,7396.0,6431.0,74.0,962.6240427473513
2025-11-21 08:00:00,17647,1894.677016204057,0.0,7396.0,6431.0,122.0,1803.3229837959425
2025-11-21 09:00:00,17549,1855.864903157468,0.0,7396.0,6434.0,135.0,1728.1350968425322
2025-11-21 10:00:00,17423,1774.2945342921848,0.0,7396.0,6115.0,135.0,2002.7054657078152
2025-11-21 11:00:00,17484,1681.417492624772,0.0,7396.0,6535.0,135.0,1736.5825073752276
2025-11-21 12:00:00,17340,1828.9845377490187,0.0,7396.0,6548.0,135.0,1432.01546225098
2025-11-21 13:00:00,17277,1722.6277690016614,0.0,7396.0,6548.0,135.0,1475.3722309983386
2025-11-21 14:00:00,17063,1528.4288607661306,0.0,7396.0,6629.0,135.0,1374.5711392338708
2025-11-21 15:00:00,17305,1366.735962795968,0.0,7396.0,6629.0,135.0,1778.2640372040314
2025-11-21 16:00:00,17856,1076.8285726201118,0.0,7396.0,6629.0,135.0,2619.171427379888
2025-11-21 17:00:00,18466,827.442947020624,1129.0,7396.0,6629.0,135.0,2349.5570529793767
2025-11-21 18:00:00,18122,732.9451400875005,1129.0,7396.0,6629.0,135.0,2100.0548599124995
2025-11-21 19:00:00,18037,714.4851889707461,1129.0,7396.0,6629.0,135.0,2033.514811029254
2025-11-21 20:00:00,17853,631.0146055544742,897.2537739961201,7396.0,6629.0,135.0,2164.7316204494064
2025-11-21 21:00:00,17300,530.0157796955505,0.0,7396.0,6629.0,135.0,2609.98422030445
2025-11-21 22:00:00,16491,616.037856480534,0.0,7396.0,6629.0,135.0,1714.9621435194658
2025-11-21 23:00:00,15561,704.9715822196706,0.0,7386.0,6629.0,135.0,706.0284177803296
2025-11-22 00:00:00,15055,771.0,0.0,7386.0,6605.0,73.0,220.0
2025-11-22 01:00:00,14544,446.0,0.0,7386.0,6357.0,135.0,220.0
2025-11-22 02:00:00,14367,84.08669040513746,0.0,7386.0,6357.0,135.0,404.91330959486254
2025-11-22 03:00:00,14391,97.0,0.0,7386.0,6552.0,135.0,221.0
2025-11-22 04:00:00,14451,157.0,0.0,7386.0,6552.0,135.0,221.0
2025-11-22 05:00:00,14659,366.0,0.0,7386.0,6552.0,135.0,220.0
2025-11-22 06:00:00,15198,967.0,0.0,7386.0,6552.0,73.0,220.0
2025-11-22 07:00:00,15886,1182.7040401401591,0.0,7386.0,6364.0,135.0,818.2959598598409
2025-11-22 08:00:00,16270,986.4776238138612,0.0,7386.0,6364.0,135.0,1398.522376186138
2025-11-22 09:00:00,16287,621.7241419466656,0.0,7386.0,6298.0,135.0,1846.2758580533336
2025-11-22 10:00:00,16049,600.4495948940765,0.0,7386.0,6298.0,135.0,1629.5504051059233
2025-11-22 11:00:00,15907,631.4795510798181,0.0,7386.0,6417.0,135.0,1337.5204489201824
2025-11-22 12:00:00,15875,635.1811115027408,0.0,7386.0,6605.0,135.0,1113.8188884972587
2025-11-22 13:00:00,16159,542.1386927914341,0.0,7386.0,6605.0,135.0,1490.8613072085664
2025-11-22 14:00:00,16524,441.1177990058739,0.0,7386.0,6605.0,135.0,1956.882200994125
2025-11-22 15:00:00,16805,323.1870391658948,0.0,7386.0,6605.0,135.0,2355.812960834104
2025-11-22 16:00:00,17489,229.5478108700672,1129.0,7386.0,6588.0,144.0,2012.4521891299337
2025-11-22 17:00:00,18278,299.6803419378251,1129.0,7386.0,6588.0,153.0,2722.3196580621734
2025-11-22 18:00:00,17997,453.7814537596825,1129.0,7386.0,6588.0,162.0,2278.2185462403177
2025-11-22 19:00:00,17486,665.8643395768181,897.2537739961201,7386.0,6543.0,171.0,1822.8818864270622
2025-11-22 20:00:00,17207,837.3587910717548,0.0,7386.0,6552.0,173.0,2258.6412089282458
2025-11-22 21:00:00,16601,1049.9696194974726,0.0,7386.0,6552.0,148.0,1465.030380502527
2025-11-22 22:00:00,15935,1217.7483975653554,0.0,7386.0,6552.0,97.0,682.2516024346442
2025-11-22 23:00:00,15469,1515.3099216245048,0.0,7115.690078375495,6605.0,14.0,219.0
2025-11-23 00:00:00,15091,1763.2147722249424,0.0,6500.785227775057,6605.0,3.0,219.0
2025-11-23 01:00:00,14548,2170.003792768932,0.0,5550.996207231068,6605.0,3.0,219.0
2025-11-23 02:00:00,14104,2488.195342349672,0.0,4789.8046576503275,6605.0,3.0,218.0
2025-11-23 03:00:00,13764,1748.4722739388258,0.0,5188.527726061175,6605.0,3.0,219.0
2025-11-23 04:00:00,13890,1995.0569761804368,0.0,5066.943023819564,6605.0,3.0,220.0
2025-11-23 05:00:00,14100,2032.23132601617,0.0,5239.76867398383,6605.0,3.0,220.0
2025-11-23 06:00:00,14576,2186.306323674497,0.0,5562.6936763255035,6605.0,3.0,219.0
2025-11-23 07:00:00,15118,3121.168307122989,0.0,5192.831692877011,6583.0,3.0,218.0
2025-11-23 08:00:00,15780,3284.5365193977873,0.0,6017.463480602213,6257.0,3.0,218.0
2025-11-23 09:00:00,16084,3427.670836586136,0.0,6178.329163413864,6257.0,3.0,218.0
2025-11-23 10:00:00,16281,3424.90303120666,0.0,6183.096968793339,6452.0,3.0,218.0
2025-11-23 11:00:00,15927,3486.404199231769,0.0,5785.595800768231,6434.0,3.0,218.0
2025-11-23 12:00:00,15964,3431.1090242382484,0.0,5877.890975761751,6434.0,3.0,218.0
2025-11-23 13:00:00,16303,3310.9305308079033,0.0,6337.069469192096,6434.0,3.0,218.0
2025-11-23 14:00:00,16300,3198.7151700150484,0.0,6464.284829984952,6416.0,3.0,218.0
2025-11-23 15:00:00,16766,3382.3537946580313,0.0,6870.646205341969,6272.0,22.0,219.0
2025-11-23 16:00:00,17761,2856.798685959017,0.0,7386.0,6272.0,93.0,1153.2013140409836
2025-11-23 17:00:00,18430,2643.0544597157036,1129.0,7386.0,6272.0,150.0,849.9455402842941
2025-11-23 18:00:00,17860,2550.1245021434215,818.6166146632693,7386.0,6272.0,172.0,661.2588831933083
2025-11-23 19:00:00,17540,2459.878038581974,0.0,7386.0,6272.0,173.0,1249.1219614180263
2025-11-23 20:00:00,16854,2579.6472180115416,0.0,7386.0,5804.0,173.0,911.3527819884584
2025-11-23 21:00:00,16348,2297.0,0.0,7386.0,6272.0,173.0,220.0
2025-11-23 22:00:00,15815,2086.0,0.0,7386.0,5950.0,173.0,220.0
2025-11-23 23:00:00,15259,1230.0,0.0,7386.0,6250.0,173.0,220.0
2025-11-24 00:00:00,14793,794.0,0.0,7386.0,6219.0,173.0,221.0
2025-11-24 01:00:00,14514,515.0,0.0,7386.0,6219.0,173.0,221.0
2025-11-24 02:00:00,14506,507.0,0.0,7386.0,6219.0,173.0,221.0
2025-11-24 03:00:00,14277,279.0,0.0,7386.0,6219.0,173.0,220.0
2025-11-24 04:00:00,14397,417.0,0.0,7386.0,6272.0,102.0,220.0
2025-11-24 05:00:00,15146,377.1107484478372,0.0,7386.0,6272.0,173.0,937.889251552162
2025-11-24 06:00:00,16478,393.43672398775186,224.674024460086,7386.0,6147.0,173.0,2153.889251552162
2025-11-24 07:00:00,17688,428.6754711731471,1129.0,7386.0,6207.0,173.0,2364.3245288268517
2025-11-24 08:00:00,17753,769.5368552443164,1129.0,7386.0,6142.0,173.0,2153.463144755682
2025-11-24 09:00:00,17011,1094.462378220651,0.0,7386.0,6150.0,173.0,2207.537621779349
2025-11-24 10:00:00,16763,1320.1135640719078,0.0,7386.0,6163.0,173.0,1720.8864359280924
2025-11-24 11:00:00,16523,1241.2018713641378,0.0,7386.0,6163.0,173.0,1559.7981286358622
2025-11-24 12:00:00,16428,1191.2747471634343,0.0,7386.0,6163.0,173.0,1514.7252528365657
2025-11-24 13:00:00,17100,1925.3724062509616,0.0,7386.0,6163.0,173.0,1452.627593749039
2025-11-24 14:00:00,17148,1724.1489261999416,0.0,7386.0,6163.0,173.0,1701.8510738000587
2025-11-24 15:00:00,17786,1492.5413558250086,0.0,7386.0,6163.0,173.0,2571.4586441749925
2025-11-24 16:00:00,18533,1308.4128896950654,1129.0,7386.0,6120.0,173.0,2416.587110304936
2025-11-24 17:00:00,19053,1485.799069938938,1129.0,7386.0,6089.0,173.0,2790.2009300610625
2025-11-24 18:00:00,18615,1684.5277252940878,1129.0,7386.0,6240.0,173.0,2002.4722747059132
2025-11-24 19:00:00,18339,1869.1077715926092,0.0,7386.0,6285.0,173.0,2625.8922284073924
2025-11-24 20:00:00,17928,2068.2657776477395,225.10799923419472,7386.0,5799.0,173.0,2276.6262231180663
2025-11-24 21:00:00,17128,2475.3737768819324,0.0,7386.0,6284.0,173.0,809.6262231180663
2025-11-24 22:00:00,16321,2210.616613170916,0.0,7386.0,6284.0,173.0,267.383386829084
2025-11-24 23:00:00,15614,1551.0,0.0,7386.0,6284.0,173.0,220.0
2025-11-25 00:00:00,15024,1283.0,0.0,7386.0,5962.0,173.0,220.0
2025-11-25 01:00:00,14680,338.3266274053915,0.0,7386.0,6284.0,173.0,498.6733725946085
2025-11-25 02:00:00,14414,147.27440091438098,0.0,7386.0,6328.0,173.0,379.725599085619
2025-11-25 03:00:00,14434,141.59926498183358,0.0,7386.0,6328.0,173.0,405.4007350181664
2025-11-25 04:00:00,14526,205.47508323878276,0.0,7386.0,6328.0,173.0,433.52491676121724
2025-11-25 05:00:00,15100,847.3249513557029,0.0,7386.0,6328.0,173.0,365.67504864429793
2025-11-25 06:00:00,16380,882.4260450496092,0.0,7386.0,6328.0,173.0,1610.5739549503905
2025-11-25 07:00:00,17513,1005.629539573427,1013.12688699806,7386.0,6250.0,173.0,1685.2435734285132
2025-11-25 08:00:00,17736,1079.952791614883,1129.0,7386.0,6250.0,173.0,1718.0472083851164
2025-11-25 09:00:00,17473,1163.1841561714386,0.0,7386.0,6259.0,173.0,2491.815843828561
2025-11-25 10:00:00,17557,1129.7717113374867,0.0,7386.0,6146.0,173.0,2722.2282886625144
2025-11-25 11:00:00,17740,1077.8264466623764,0.0,7386.0,6093.0,173.0,3010.173553337623
2025-11-25 12:00:00,17724,1239.001593375811,0.0,7386.0,6230.0,173.0,2695.9984066241886
2025-11-25 13:00:00,17888,1123.3605824171373,0.0,7386.0,6230.0,173.0,2975.639417582861
2025-11-25 14:00:00,17976,1074.929808626639,0.0,7386.0,6206.0,173.0,3136.070191373361
2025-11-25 15:00:00,18183,1045.918375049829,0.0,7386.0,6198.0,173.0,3380.081624950173
2025-11-25 16:00:00,18615,1032.3106592350084,1013.12688699806,7379.0,6182.0,173.0,2835.5624537669314
2025-11-25 17:00:00,18879,1005.3788604576326,1129.0,7379.0,6257.0,173.0,2935.621139542367
2025-11-25 18:00:00,18495,1004.5929615474536,0.0,7379.0,6249.0,173.0,3689.4070384525476
2025-11-25 19:00:00,18271,1125.4954607701225,0.0,7379.0,6323.0,173.0,3270.504539229878
2025-11-25 20:00:00,17907,1302.3108886533676,0.0,7379.0,6306.0,173.0,2746.6891113466336
2025-11-25 21:00:00,17340,1356.0803470060605,0.0,7379.0,5838.0,173.0,2593.91965299394
2025-11-25 22:00:00,16570,1499.5943577783994,0.0,7369.0,5984.0,148.0,1569.4056422216017
2025-11-25 23:00:00,15939,1610.6988865411813,0.0,7369.0,6306.0,97.0,556.3011134588196
2025-11-26 00:00:00,15010,1512.4351055187492,0.0,6957.564894481251,6306.0,14.0,220.0
2025-11-26 01:00:00,14659,1617.3913651901034,0.0,6512.608634809896,6306.0,3.0,220.0
2025-11-26 02:00:00,14292,617.4173682274884,0.0,7145.582631772511,6306.0,3.0,220.0
2025-11-26 03:00:00,14183,617.6059412786158,0.0,7035.394058721384,6306.0,3.0,221.0
2025-11-26 04:00:00,14373,762.6952838166062,0.0,7057.304716183394,6329.0,3.0,221.0
2025-11-26 05:00:00,14729,1113.2202010007522,0.0,7062.779798999248,6329.0,3.0,221.0
2025-11-26 06:00:00,15825,2648.583628536857,0.0,6582.416371463143,6370.0,3.0,221.0
2025-11-26 07:00:00,16994,2974.263920827669,183.73607917233312,7379.0,6233.0,3.0,221.0
2025-11-26 08:00:00,17351,3283.058377082644,249.94162291735847,7379.0,6215.0,3.0,221.0
2025-11-26 09:00:00,17288,3527.6135980046292,18.386401995368946,7379.0,6139.0,3.0,221.0
2025-11-26 10:00:00,17549,3613.986172685616,175.01382731438207,7379.0,6157.0,3.0,221.0
2025-11-26 11:00:00,17728,3670.3446601416495,329.6553398583492,7379.0,6125.0,3.0,221.0
2025-11-26 12:00:00,17677,3753.9641422475584,188.0358577524421,7379.0,6132.0,3.0,221.0
2025-11-26 13:00:00,17716,3799.7578101162544,173.2421898837456,7379.0,6141.0,3.0,220.0
2025-11-26 14:00:00,17810,3857.656057610348,217.3439423896525,7379.0,6133.0,3.0,220.0
2025-11-26 15:00:00,18028,3951.2416612036895,341.75833879630954,7379.0,6132.0,3.0,221.0
2025-11-26 16:00:00,18487,4085.292420352931,547.7075796470672,7379.0,6251.0,3.0,221.0
2025-11-26 17:00:00,18870,4107.3707321316215,1037.0943731373904,7171.5348947309885,6330.0,3.0,221.0
2025-11-26 18:00:00,18429,3990.549670428942,505.45032957106014,7379.0,6330.0,3.0,221.0
2025-11-26 19:00:00,18128,4093.965882435459,97.0341175645408,7379.0,6334.0,3.0,221.0
2025-11-26 20:00:00,17908,4061.6984238320288,0.0,7288.301576167971,6334.0,3.0,221.0
2025-11-26 21:00:00,17180,4067.7946191230135,0.0,6554.205380876987,6334.0,3.0,221.0
2025-11-26 22:00:00,16648,4104.037043427187,0.0,5985.962956572814,6334.0,3.0,221.0
2025-11-26 23:00:00,16114,4136.277802200777,0.0,5419.722197799223,6334.0,3.0,221.0
2025-11-27 00:00:00,15455,3714.1676272221334,0.0,5183.832372777866,6334.0,3.0,220.0
2025-11-27 01:00:00,15418,3838.639434704624,0.0,4919.360565295376,6437.0,3.0,220.0
2025-11-27 02:00:00,15012,2729.0429382501593,0.0,5622.957061749841,6437.0,3.0,220.0
2025-11-27 03:00:00,14843,2687.6425995179006,0.0,5496.357400482099,6437.0,2.0,220.0
2025-11-27 04:00:00,14915,2684.711418932938,0.0,5571.288581067061,6437.0,2.0,220.0
2025-11-27 05:00:00,15451,2803.90875616578,0.0,5988.09124383422,6437.0,2.0,220.0
2025-11-27 06:00:00,16593,4077.924138210824,0.0,5953.075861789177,6340.0,2.0,220.0
2025-11-27 07:00:00,17824,4215.096303559919,0.0,7047.90369644008,6339.0,2.0,220.0
2025-11-27 08:00:00,18224,4198.813203456156,190.18679654384323,7339.0,6274.0,2.0,220.0
2025-11-27 09:00:00,18237,4208.726599274698,92.27340072530204,7339.0,6375.0,2.0,220.0
2025-11-27 10:00:00,18303,4206.276114018333,210.723885981668,7359.0,6305.0,2.0,220.0
2025-11-27 11:00:00,18151,4251.159013887473,286.84098611252557,7384.0,6007.0,2.0,220.0
2025-11-27 12:00:00,17988,4106.0,0.0,7384.0,6276.0,2.0,220.0
2025-11-27 13:00:00,18188,4286.590525571245,0.0,7350.409474428755,6329.0,2.0,220.0
2025-11-27 14:00:00,18366,4359.689607979428,93.31039202057218,7384.0,6307.0,2.0,220.0
2025-11-27 15:00:00,18646,4339.638443226934,361.3615567730667,7384.0,6339.0,2.0,220.0
2025-11-27 16:00:00,19117,4308.548645711129,862.4513542888708,7384.0,6339.0,3.0,220.0
2025-11-27 17:00:00,19641,4236.896494168412,1129.0,7384.0,6446.0,74.0,371.10350583159016
2025-11-27 18:00:00,19060,4258.079056845062,748.9209431549389,7384.0,6446.0,3.0,220.0
2025-11-27 19:00:00,18757,4208.550196570441,495.44980342956114,7384.0,6446.0,3.0,220.0
2025-11-27 20:00:00,18449,4186.495125264035,167.50487473596513,7384.0,6488.0,3.0,220.0
2025-11-27 21:00:00,17923,4196.202480009242,0.0,7015.797519990758,6488.0,3.0,220.0
2025-11-27 22:00:00,17500,4197.822253168149,0.0,6590.1777468318505,6488.0,3.0,221.0
2025-11-27 23:00:00,16829,4081.0482308856,0.0,6035.951769114399,6488.0,3.0,221.0
2025-11-28 00:00:00,15966,3870.032971960981,0.0,5483.967028039019,6388.0,3.0,221.0
2025-11-28 01:00:00,15613,3071.454451014475,0.0,5939.545548985525,6378.0,3.0,221.0
2025-11-28 02:00:00,15408,3023.8565090786506,0.0,5782.143490921349,6378.0,3.0,221.0
2025-11-28 03:00:00,15010,2933.0724600632007,0.0,5474.9275399368,6378.0,3.0,221.0
2025-11-28 04:00:00,15032,2911.9125861668526,0.0,5550.087413833147,6346.0,3.0,221.0
2025-11-28 05:00:00,15672,3990.748392538962,0.0,5111.251607461038,6346.0,3.0,221.0
2025-11-28 06:00:00,16824,3964.536178711966,0.0,6289.4638212880345,6346.0,3.0,221.0
2025-11-28 07:00:00,17981,4004.41820271124,0.0,7384.0,6346.0,26.581797288759844,220.0
2025-11-28 08:00:00,18422,4061.769308765747,486.04607185267946,7384.0,6224.0,46.184619381574294,220.0
2025-11-28 09:00:00,18235,4165.98354091277,159.01645908723003,7384.0,6219.0,87.0,220.0
2025-11-28 10:00:00,18014,4145.0,0.0,7384.0,6261.0,4.0,220.0
2025-11-28 11:00:00,17801,3955.0,0.0,7384.0,6219.0,23.0,220.0
2025-11-28 12:00:00,18071,4203.0,0.0,7384.0,6219.0,45.0,220.0
2025-11-28 13:00:00,18412,4316.615750807425,0.0,7384.0,6301.0,116.0,294.3842491925752
2025-11-28 14:00:00,18447,4286.6079366838485,0.0,7384.0,6301.0,173.0,302.3920633161506
2025-11-28 15:00:00,18600,4134.2590091790535,0.0,7384.0,6356.0,173.0,552.7409908209447
2025-11-28 16:00:00,18984,3938.79273243847,0.0,7384.0,6270.0,173.0,1218.207267561531
2025-11-28 17:00:00,19474,3751.675436227584,966.521495966978,7384.0,6270.0,173.0,928.8030678054396
2025-11-28 18:00:00,19108,3361.102689972314,1129.0,7384.0,6270.0,173.0,790.8973100276853
2025-11-28 19:00:00,18862,3060.6955950017405,1129.0,7384.0,6270.0,173.0,845.30440499826
2025-11-28 20:00:00,18488,2940.1553235865636,0.0,7384.0,6358.0,173.0,1632.844676413435
2025-11-28 21:00:00,17840,2762.506301174887,0.0,7384.0,6358.0,173.0,1162.4936988251138
2025-11-28 22:00:00,17144,2701.5400634423877,0.0,7384.0,6358.0,173.0,527.4599365576141
2025-11-28 23:00:00,16718,2619.0,0.0,7384.0,6321.0,173.0,221.0
2025-11-29 00:00:00,16369,1438.0037188975134,0.0,7384.0,6233.0,173.0,1140.9962811024866
2025-11-29 01:00:00,16140,1251.3148820160543,0.0,7384.0,6270.0,173.0,1061.6851179839455
2025-11-29 02:00:00,15810,978.8600225881652,0.0,7384.0,6270.0,173.0,1004.1399774118349
2025-11-29 03:00:00,15593,1545.0,0.0,7384.0,6270.0,173.0,221.0
2025-11-29 04:00:00,15477,1299.3055954096203,0.0,7384.0,6270.0,173.0,350.69440459038015
2025-11-29 05:00:00,15605,943.3685876342968,0.0,7384.0,6270.0,173.0,834.631412365703
2025-11-29 06:00:00,16174,767.8144416938869,0.0,7384.0,6270.0,173.0,1579.1855583061133
2025-11-29 07:00:00,16851,709.29226214214,0.0,7384.0,6270.0,173.0,2314.7077378578597
2025-11-29 08:00:00,17286,713.5388086597015,0.0,7384.0,6270.0,173.0,2745.4611913402987
2025-11-29 09:00:00,17330,567.3344298695681,0.0,7384.0,6270.0,173.0,2935.6655701304317
2025-11-29 10:00:00,17429,460.1351219357611,0.0,7384.0,6270.0,173.0,3141.8648780642397
2025-11-29 11:00:00,17511,368.6066479564409,0.0,7384.0,6270.0,173.0,3315.3933520435603
2025-11-29 12:00:00,17482,349.9300967723394,0.0,7384.0,6270.0,173.0,3305.0699032276607
2025-11-29 13:00:00,17497,321.9642529612724,0.0,7384.0,6241.0,173.0,3377.035747038728
2025-11-29 14:00:00,17792,318.68827935969273,0.0,7384.0,6327.0,173.0,3589.3117206403076
2025-11-29 15:00:00,18219,282.2820233625479,1129.0,7384.0,6327.0,173.0,2923.717976637454
2025-11-29 16:00:00,18720,425.6135669484917,1129.0,7384.0,6327.0,173.0,3281.386433051506
2025-11-29 17:00:00,19077,762.306446075922,1129.0,7384.0,6327.0,173.0,3301.6935539240803
2025-11-29 18:00:00,18531,1176.161461522148,897.2537739961201,7384.0,6356.0,173.0,2544.5847644817322
2025-11-29 19:00:00,17910,1714.1324344337336,0.0,7384.0,6356.0,173.0,2282.8675655662664
2025-11-29 20:00:00,17613,1979.645656078248,0.0,7384.0,6356.0,173.0,1720.354343921752
2025-11-29 21:00:00,17201,2158.690310098355,0.0,7384.0,6356.0,148.0,1154.3096899016455
2025-11-29 22:00:00,16918,2268.1138929011217,0.0,7384.0,6356.0,97.0,812.8861070988787
2025-11-29 23:00:00,16102,2500.361033390967,0.0,7011.638966609033,6356.0,14.0,220.0
2025-11-30 00:00:00,15657,2972.941704935153,0.0,6175.058295064846,6286.0,3.0,220.0
2025-11-30 01:00:00,15384,3245.288085796246,0.0,5629.711914203754,6286.0,3.0,220.0
2025-11-30 02:00:00,14905,2416.650935329283,0.0,5979.349064670717,6286.0,3.0,220.0
2025-11-30 03:00:00,14911,2537.22178351656,0.0,5794.778216483441,6356.0,3.0,220.0
2025-11-30 04:00:00,15023,2672.000871107952,0.0,5771.999128892048,6356.0,3.0,220.0
2025-11-30 05:00:00,15215,2792.538981502751,0.0,5843.461018497249,6356.0,3.0,220.0
2025-11-30 06:00:00,15575,3699.119781940012,0.0,5296.880218059989,6356.0,3.0,220.0
2025-11-30 07:00:00,16222,3786.4967685589654,0.0,5856.503231441035,6356.0,3.0,220.0
2025-11-30 08:00:00,16929,3790.608998532264,0.0,6559.391001467735,6356.0,3.0,220.0
2025-11-30 09:00:00,17524,3742.845654428068,0.0,7182.154345571933,6356.0,22.0,221.0
2025-11-30 10:00:00,17951,3836.554711151941,0.0,7359.0,6356.0,93.0,306.44528884805914
2025-11-30 11:00:00,18037,3932.167479175835,0.0,7359.0,6356.0,150.0,239.83252082416584
2025-11-30 12:00:00,18442,3929.210620570131,404.78937942986886,7359.0,6356.0,172.0,221.0
2025-11-30 13:00:00,18412,3952.2978283489574,76.50933183479857,7359.0,6298.0,173.0,553.192839816244
2025-11-30 14:00:00,18296,4137.463392670251,0.0,7359.0,6298.0,173.0,328.5366073297482
2025-11-30 15:00:00,18573,4197.638443130323,0.0,7374.0,6243.0,173.0,585.3615568696769
2025-11-30 16:00:00,18989,4266.897282374307,711.1027176256939,7374.0,6243.0,173.0,221.0
2025-11-30 17:00:00,19277,4194.341154913057,1021.6588450869422,7424.0,6243.0,173.0,221.0
2025-11-30 18:00:00,18777,4064.5231563823354,662.4768436176637,7424.0,6243.0,162.0,221.0
2025-11-30 19:00:00,18553,3665.3288499527807,862.6711500472193,7424.0,6243.0,137.0,221.0
2025-11-30 20:00:00,18113,3593.954493646068,545.0455063539339,7424.0,6243.0,86.0,221.0
2025-11-30 21:00:00,17377,3620.2285004869705,0.0,7213.77149951303,6319.0,3.0,221.0
2025-11-30 22:00:00,16600,2583.0,0.0,7474.0,6319.0,3.0,221.0
2025-11-30 23:00:00,16339,2307.0,0.0,7489.0,6319.0,3.0,221.0
2025-12-01 00:00:00,15962,1943.0,0.0,7489.0,6306.0,3.0,221.0
2025-12-01 01:00:00,15455,1446.4426476327617,0.0,7478.557352367238,6306.0,3.0,221.0
2025-12-01 02:00:00,15348,1457.252583155593,0.0,7360.747416844407,6306.0,3.0,221.0
2025-12-01 03:00:00,15366,1610.845691622218,0.0,7206.1543083777815,6306.0,22.0,221.0
2025-12-01 04:00:00,15620,1119.1240578970544,0.0,7489.0,6306.0,93.0,612.8759421029463
2025-12-01 05:00:00,16343,801.2279532284318,0.0,7489.0,6306.0,150.0,1596.772046771568
2025-12-01 06:00:00,17637,680.8334056621266,0.0,7489.0,6306.0,172.0,2989.166594337874
2025-12-01 07:00:00,18926,589.6138381603234,0.0,7489.0,6255.0,173.0,4419.386161839677
2025-12-01 08:00:00,19020,527.7642558813168,0.0,7489.0,6213.0,173.0,4617.235744118683
2025-12-01 09:00:00,18844,458.3723785488831,0.0,7489.0,6262.0,173.0,4461.627621451116
2025-12-01 10:00:00,18742,421.111263106648,0.0,7489.0,6298.0,173.0,4360.88873689335
2025-12-01 11:00:00,18779,393.3755378582073,0.0,7489.0,6265.0,173.0,4458.624462141794
2025-12-01 12:00:00,18703,456.21925465751417,0.0,7489.0,6265.0,173.0,4319.780745342487
2025-12-01 13:00:00,18790,494.0017634052824,0.0,7489.0,6265.0,173.0,4368.998236594718
2025-12-01 14:00:00,19093,474.6830656455182,0.0,7704.0,6285.0,173.0,4456.31693435448
2025-12-01 15:00:00,19511,476.29664423358514,0.0,7704.0,6285.0,173.0,4872.7033557664145
2025-12-01 16:00:00,20126,382.83100955935,135.16899044065212,7704.0,6330.0,173.0,5401.0
2025-12-01 17:00:00,20802,381.261428168255,1062.407468362457,7649.0,6343.0,173.0,5193.331103469289
2025-12-01 18:00:00,20543,381.6090889525294,595.3909110474706,7649.0,6343.0,173.0,5401.0
2025-12-01 19:00:00,20274,416.8874187970744,291.1125812029277,7649.0,6343.0,173.0,5401.0
2025-12-01 20:00:00,19986,485.8782030222646,0.0,7649.0,6343.0,173.0,5335.121796977735
2025-12-01 21:00:00,19262,507.3853699977919,0.0,7649.0,6343.0,173.0,4589.614630002208
2025-12-01 22:00:00,18083,541.4650616415237,0.0,7649.0,6343.0,173.0,3376.534938358476
2025-12-01 23:00:00,17188,512.6532942531261,0.0,7649.0,6343.0,146.0,2537.3467057468733
2025-12-02 00:00:00,16789,477.56327142258783,0.0,7649.0,6329.0,88.0,2245.4367285774133
2025-12-02 01:00:00,16534,491.3338995254267,0.0,7649.0,6343.0,88.0,1962.6661004745729
2025-12-02 02:00:00,16325,401.9585508462179,0.0,7649.0,6343.0,88.0,1843.0414491537813
2025-12-02 03:00:00,16239,303.3211382207628,0.0,7649.0,6343.0,88.0,1855.6788617792372
2025-12-02 04:00:00,16352,369.5929645425056,0.0,7649.0,6343.0,88.0,1902.4070354574942
2025-12-02 05:00:00,16833,367.3457065889103,0.0,7649.0,6324.0,88.0,2404.6542934110894
2025-12-02 06:00:00,18028,417.4691059477751,0.0,7649.0,6324.0,88.0,3549.5308940522245
2025-12-02 07:00:00,19172,438.55796106914227,0.0,7649.0,6334.0,88.0,4662.442038930858
2025-12-02 08:00:00,19414,451.9530640554471,58.04693594455239,7649.0,5786.0,88.0,5381.0
2025-12-02 09:00:00,19480,395.76913614274713,1129.0,7649.0,6254.0,88.0,3964.230863857254
2025-12-02 10:00:00,19232,247.45965648363116,0.0,7649.0,6308.0,88.0,4939.540343516368
2025-12-02 11:00:00,18918,205.30312586845255,0.0,7749.0,6330.0,88.0,4545.696874131547
2025-12-02 12:00:00,18524,294.5916424404063,0.0,7749.0,6330.0,88.0,4062.408357559594
2025-12-02 13:00:00,18366,358.34537845345983,0.0,7749.0,6330.0,88.0,3840.6546215465405
2025-12-02 14:00:00,18534,414.8097995978793,0.0,7749.0,6330.0,88.0,3952.1902004021213
2025-12-02 15:00:00,18830,344.7320317974445,0.0,7794.0,6343.0,88.0,4260.2679682025555
2025-12-02 16:00:00,19406,340.0465524072356,0.0,7824.0,6416.0,88.0,4737.953447592765
2025-12-02 17:00:00,20003,457.2330259680144,0.0,7824.0,6416.0,88.0,5217.766974031983
2025-12-02 18:00:00,19892,544.6961302822261,1013.12688699806,7824.0,6416.0,88.0,4006.1769827197127
2025-12-02 19:00:00,19804,655.5943464626828,0.0,7824.0,6426.0,88.0,4810.4056535373165
2025-12-02 20:00:00,19577,848.6152402678703,0.0,7824.0,6627.0,88.0,4189.384759732129
2025-12-02 21:00:00,18977,991.6191707489904,0.0,7824.0,6627.0,88.0,3446.3808292510075
2025-12-02 22:00:00,17905,1279.3034139717186,0.0,7824.0,6627.0,63.0,2111.6965860282817
2025-12-02 23:00:00,17046,1430.0418805588554,0.0,8024.0,6627.0,38.0,926.9581194411439
2025-12-03 00:00:00,16308,1679.4524554418765,0.0,7757.547544558123,6632.0,13.0,226.0
2025-12-03 01:00:00,15949,1724.385897686829,0.0,7364.614102313171,6632.0,2.0,226.0
2025-12-03 02:00:00,15865,708.4045027172724,0.0,8286.595497282728,6642.0,2.0,226.0
2025-12-03 03:00:00,15732,1045.8809127103814,0.0,7807.119087289619,6651.0,2.0,226.0
2025-12-03 04:00:00,15878,1409.392010302248,0.0,7589.607989697752,6651.0,2.0,226.0
2025-12-03 05:00:00,16426,1666.3247355269675,0.0,7946.675264473032,6585.0,2.0,226.0
2025-12-03 06:00:00,17582,3028.2663244033724,0.0,7735.733675596628,6571.0,21.0,226.0
2025-12-03 07:00:00,18737,3081.5843249935824,0.0,8534.0,6547.0,43.0,531.4156750064176
2025-12-03 08:00:00,18856,3461.458937861836,0.0,8534.0,6426.0,65.0,369.5410621381634
2025-12-03 09:00:00,18977,3881.994954671199,0.0,8534.0,6182.0,87.0,292.0050453287986
2025-12-03 10:00:00,19137,4051.605441887579,0.0,8534.0,6116.0,69.0,366.3945581124208
2025-12-03 11:00:00,19188,4284.719261635506,0.0,8368.280738364494,6471.0,44.0,20.0
2025-12-03 12:00:00,19115,4172.0,0.0,8534.0,6324.0,66.0,19.0
2025-12-03 13:00:00,19263,4260.927623104212,0.0,8534.0,6324.0,88.0,56.072376895786874
2025-12-03 14:00:00,19325,4158.862217942344,0.0,8534.0,6433.0,88.0,111.1377820576563
2025-12-03 15:00:00,19500,4080.045535960803,0.0,8499.0,6433.0,88.0,399.9544640391978
2025-12-03 16:00:00,19845,3984.0796097593447,0.0,8581.0,6508.0,88.0,683.9203902406553
2025-12-03 17:00:00,20415,3560.574228945845,624.3513994617911,8649.0,6508.0,88.0,985.0743715923659
2025-12-03 18:00:00,20237,3511.2907792064248,1129.0,8649.0,6508.0,88.0,351.7092207935748
2025-12-03 19:00:00,19997,3371.6198022883896,1129.0,8649.0,6518.0,88.0,241.38019771160907
2025-12-03 20:00:00,19568,3037.0961990519168,1129.0,8649.0,6590.0,63.0,99.90380094808279
2025-12-03 21:00:00,19024,2895.937180041486,0.0,8649.0,6590.0,38.0,851.0628199585117
2025-12-03 22:00:00,18067,2798.1286714443936,0.0,8616.871328555606,6590.0,13.0,49.0
2025-12-03 23:00:00,17524,2410.931428277667,0.0,8296.068571722333,6590.0,2.0,225.0
2025-12-04 00:00:00,16942,2152.066450270495,0.0,7889.933549729505,6673.0,2.0,225.0
2025-12-04 01:00:00,16599,2193.7489652609956,0.0,7472.251034739005,6706.0,2.0,225.0
2025-12-04 02:00:00,16357,1115.0512367197334,0.0,8306.948763280267,6706.0,2.0,227.0
2025-12-04 03:00:00,16115,1503.709770730195,0.0,7676.290229269805,6706.0,2.0,227.0
2025-12-04 04:00:00,16125,1788.3373444344738,0.0,7401.662655565526,6706.0,2.0,227.0
2025-12-04 05:00:00,16536,1883.3578565728408,0.0,7717.64214342716,6706.0,2.0,227.0
2025-12-04 06:00:00,17972,3089.550856611466,0.0,8043.449143388534,6591.0,21.0,227.0
2025-12-04 07:00:00,18959,3456.585521336131,0.0,8706.0,6515.0,43.0,238.41447866386807
2025-12-04 08:00:00,19258,3331.41042570335,0.0,8706.0,6171.0,65.0,984.5895742966495
2025-12-04 09:00:00,19358,3284.9111411861095,0.0,8706.0,6144.0,87.0,1136.0888588138914
2025-12-04 10:00:00,19245,3379.8404345887016,0.0,8681.0,6339.0,88.0,757.1595654112971
2025-12-04 11:00:00,19009,3326.393563829008,0.0,8706.0,6339.0,88.0,549.6064361709941
2025-12-04 12:00:00,19076,2735.5787606331664,0.0,8706.0,5947.0,88.0,1599.421239366835
2025-12-04 13:00:00,19036,2523.1861295339154,0.0,8706.0,6376.0,88.0,1342.813870466085
2025-12-04 14:00:00,19150,2032.4359826379768,0.0,8706.0,6452.0,88.0,1871.5640173620232
2025-12-04 15:00:00,19839,1465.820133200596,0.0,8706.0,6565.0,88.0,3014.1798667994044
2025-12-04 16:00:00,20784,1014.722929879055,0.0,8706.0,6631.0,88.0,4344.277070120945
2025-12-04 17:00:00,21406,698.8582318052325,583.1417681947678,8706.0,6688.0,88.0,4642.0
2025-12-04 18:00:00,21293,576.3526025645237,1129.0,8706.0,6328.0,88.0,4465.647397435474
2025-12-04 19:00:00,21178,598.6487378089174,1129.0,8706.0,6328.0,88.0,4328.351262191085
2025-12-04 20:00:00,21084,637.9157195416594,991.5667748958598,8706.0,6231.0,88.0,4429.517505562481
2025-12-04 21:00:00,20511,621.4547690945067,451.54523090549264,8706.0,6031.0,88.0,4613.0
2025-12-04 22:00:00,19597,717.4373339498865,0.0,8706.0,6499.0,88.0,3586.562666050115
2025-12-04 23:00:00,18789,896.5911397635521,0.0,8706.0,6499.0,88.0,2599.40886023645
2025-12-05 00:00:00,18002,1089.5394649186471,0.0,8706.0,6724.0,88.0,1394.4605350813508
2025-12-05 01:00:00,17503,1183.1691957276837,0.0,8706.0,6724.0,88.0,801.8308042723147
2025-12-05 02:00:00,17214,1387.8923335830002,0.0,8706.0,6623.0,69.0,428.10766641699956
2025-12-05 03:00:00,17071,1706.100971137179,0.0,8478.899028862821,6623.0,44.0,219.0
2025-12-05 04:00:00,17140,1453.0,0.0,8706.0,6696.0,66.0,219.0
2025-12-05 05:00:00,17639,1855.5877926634564,0.0,8706.0,6745.0,88.0,244.41220733654336
2025-12-05 06:00:00,18654,2058.551464935454,0.0,8706.0,6745.0,88.0,1056.4485350645482
2025-12-05 07:00:00,19827,2338.2385110216633,168.34998208954312,8706.0,6683.0,88.0,1843.4115068887932
2025-12-05 08:00:00,19684,2520.3696192130396,0.0,8706.0,6605.0,88.0,1764.6303807869626
2025-12-05 09:00:00,19687,2492.5529499468853,0.0,8706.0,6605.0,88.0,1795.447050053117
2025-12-05 10:00:00,19656,2286.50827244329,0.0,8706.0,6596.0,88.0,1979.4917275567095
2025-12-05 11:00:00,19192,2408.573264462573,0.0,8706.0,6596.0,88.0,1393.426735537425
2025-12-05 12:00:00,18749,2732.3291311464372,0.0,8706.0,6605.0,88.0,617.6708688535618
2025-12-05 13:00:00,18845,2701.155261968574,0.0,8706.0,6633.0,88.0,716.8447380314246
2025-12-05 14:00:00,19045,2540.0314608555454,0.0,8706.0,6675.0,88.0,1035.9685391444546
2025-12-05 15:00:00,19441,2590.337679983022,0.0,8706.0,6740.0,88.0,1316.662320016978
2025-12-05 16:00:00,20175,2659.2859948703967,0.0,8706.0,6773.0,88.0,1948.714005129601
2025-12-05 17:00:00,20729,2768.9181514817833,0.0,8706.0,6693.0,88.0,2473.081848518217
2025-12-05 18:00:00,20211,2721.665900119633,0.0,8706.0,6552.0,88.0,2143.3340998803687
2025-12-05 19:00:00,19843,2903.062207483674,0.0,8706.0,6619.0,63.0,1551.937792516328
2025-12-05 20:00:00,19415,3203.6264221339734,0.0,8706.0,6305.0,38.0,1162.3735778660266
2025-12-05 21:00:00,18690,3393.3587704226084,0.0,8289.641229577392,6773.0,13.0,221.0
2025-12-05 22:00:00,17919,3469.757391451388,0.0,7775.242608548611,6451.0,2.0,221.0
2025-12-05 23:00:00,17195,3562.033244391582,0.0,6672.966755608419,6737.0,2.0,221.0
2025-12-06 00:00:00,16404,3691.805435202788,0.0,5751.194564797212,6737.0,3.0,221.0
2025-12-06 01:00:00,16086,2499.764468461035,0.0,6625.235531538965,6737.0,3.0,221.0
2025-12-06 02:00:00,15836,2597.145474904766,0.0,6277.854525095234,6737.0,3.0,221.0
2025-12-06 03:00:00,15643,2488.8482956256325,0.0,6193.151704374368,6737.0,3.0,221.0
2025-12-06 04:00:00,15643,2371.766770661584,0.0,6310.233229338416,6737.0,3.0,221.0
2025-12-06 05:00:00,15870,3519.152997547128,0.0,5398.847002452872,6728.0,3.0,221.0
2025-12-06 06:00:00,16262,3520.876626409389,0.0,5789.123373590612,6728.0,3.0,221.0
2025-12-06 07:00:00,16905,3485.6757618012307,0.0,6467.324238198769,6728.0,3.0,221.0
2025-12-06 08:00:00,17574,3286.059562229806,0.0,7409.940437770194,6654.0,3.0,221.0
2025-12-06 09:00:00,18247,3091.551395482212,0.0,8258.448604517787,6654.0,22.0,221.0
2025-12-06 10:00:00,18639,2816.2054306146692,0.0,8615.0,6654.0,93.0,460.7945693853326
2025-12-06 11:00:00,18749,2696.938170821365,0.0,8615.0,6654.0,150.0,633.0618291786341
2025-12-06 12:00:00,18763,2519.4513718445223,0.0,8636.0,6654.0,172.0,781.5486281554768
2025-12-06 13:00:00,18768,2321.327003805598,0.0,8636.0,6654.0,173.0,983.6729961944002
2025-12-06 14:00:00,18736,2047.8950081271096,0.0,8636.0,6654.0,173.0,1225.1049918728895
2025-12-06 15:00:00,18809,1916.5431123569635,0.0,8636.0,6654.0,173.0,1429.4568876430349
2025-12-06 16:00:00,19122,1662.1730946912282,0.0,8636.0,6665.0,173.0,1985.8269053087715
2025-12-06 17:00:00,19481,1389.8224908767595,630.5266900723988,8636.0,6612.0,173.0,2039.6508190508425
2025-12-06 18:00:00,19159,1185.6867690325032,0.0,8636.0,6612.0,173.0,2552.3132309674984
2025-12-06 19:00:00,18627,1031.9788773975554,0.0,8636.0,6612.0,173.0,2174.021122602444
2025-12-06 20:00:00,18306,764.6418180585127,0.0,8636.0,6612.0,173.0,2120.3581819414867
2025-12-06 21:00:00,17869,626.3377860764112,0.0,8686.0,6144.0,173.0,2239.662213923588
2025-12-06 22:00:00,17266,451.89533642810335,0.0,8706.0,6612.0,173.0,1323.1046635718958
2025-12-06 23:00:00,16670,389.90155771301994,0.0,8706.0,6612.0,173.0,789.0984422869806
2025-12-07 00:00:00,16083,335.04859741048614,0.0,8706.0,5835.0,173.0,1033.951402589515
2025-12-07 01:00:00,15691,337.67856178986415,0.0,8706.0,5835.0,173.0,639.321438210136
2025-12-07 02:00:00,15460,188.0,0.0,8721.0,6157.0,173.0,221.0
2025-12-07 03:00:00,15335,63.0,0.0,8721.0,6157.0,173.0,221.0
2025-12-07 04:00:00,15418,146.0,0.0,8721.0,6157.0,173.0,221.0
2025-12-07 05:00:00,15606,366.5808024324071,0.0,8721.0,6157.0,140.41919756759307,221.0
2025-12-07 06:00:00,16041,548.3281155252063,0.0,8721.0,6157.0,173.0,441.67188447479384
2025-12-07 07:00:00,16759,595.7611023487202,0.0,8721.0,6612.0,173.0,657.2388976512793
2025-12-07 08:00:00,17500,615.4352187194158,0.0,8721.0,6612.0,173.0,1378.5647812805837
2025-12-07 09:00:00,18063,682.4743197968425,0.0,8721.0,6536.0,173.0,1950.5256802031581
2025-12-07 10:00:00,18532,696.592071097179,0.0,8721.0,6536.0,173.0,2405.407928902823
2025-12-07 11:00:00,18641,897.2658191135815,1129.0,8721.0,6536.0,173.0,1184.7341808864185
2025-12-07 12:00:00,18735,1134.2615451077988,244.98092574678924,8721.0,6589.0,173.0,1872.7575291454127
2025-12-07 13:00:00,18727,1579.388783047567,0.0,8721.0,6647.0,173.0,1606.611216952435
2025-12-07 14:00:00,18668,1879.8926406624605,0.0,8721.0,6663.0,173.0,1231.1073593375404
2025-12-07 15:00:00,18926,2299.706719477256,0.0,8721.0,6600.0,173.0,1132.2932805227429
2025-12-07 16:00:00,19342,2754.185353516155,0.0,8721.0,6600.0,173.0,1093.8146464838428
2025-12-07 17:00:00,20147,2952.359572557474,0.0,8721.0,6600.0,173.0,1700.6404274425258
2025-12-07 18:00:00,19929,2944.4171478330622,0.0,8721.0,6676.0,173.0,1414.5828521669391
2025-12-07 19:00:00,19497,2818.0417882728775,0.0,8721.0,6617.0,173.0,1167.9582117271202
2025-12-07 20:00:00,19259,2778.0168537492027,0.0,8726.0,6617.0,163.0,974.9831462507973
2025-12-07 21:00:00,18648,2430.0756080664405,0.0,8726.0,6617.0,112.0,762.9243919335604
2025-12-07 22:00:00,17859,2378.1770986000565,0.0,8613.822901399944,6617.0,29.0,221.0
2025-12-07 23:00:00,17152,1488.0,0.0,8726.0,6617.0,100.0,221.0
2025-12-08 00:00:00,16710,1059.0,0.0,8721.0,6617.0,86.0,227.0
2025-12-08 01:00:00,16470,1477.1872055106817,0.0,8145.812794489319,6617.0,3.0,227.0
2025-12-08 02:00:00,16401,1490.4906993012778,0.0,8091.509300698723,6589.0,3.0,227.0
2025-12-08 03:00:00,16519,1315.84023907059,0.0,8365.15976092941,6589.0,22.0,227.0
2025-12-08 04:00:00,16848,889.2699152414683,0.0,8721.0,6589.0,93.0,555.730084758532
2025-12-08 05:00:00,17497,710.0608503894391,0.0,8721.0,6589.0,150.0,1326.93914961056
2025-12-08 06:00:00,18770,779.4666738686823,0.0,8721.0,6549.0,172.0,2548.533326131317
2025-12-08 07:00:00,20046,741.0764299418283,0.0,8721.0,6470.0,173.0,3940.9235700581703
2025-12-08 08:00:00,20309,740.2149893022527,0.0,8721.0,6307.0,173.0,4367.785010697749
2025-12-08 09:00:00,20110,829.3048207299225,0.0,8721.0,6387.0,173.0,3999.6951792700784
2025-12-08 10:00:00,19768,743.7994580601887,0.0,8721.0,6387.0,173.0,3743.200541939812
2025-12-08 11:00:00,19637,576.1838614001576,0.0,8721.0,6387.0,173.0,3779.816138599843
2025-12-08 12:00:00,19239,496.3677492220986,0.0,8721.0,6346.0,173.0,3502.6322507779005
2025-12-08 13:00:00,19189,491.5186453609938,0.0,8721.0,6369.0,173.0,3434.481354639007
2025-12-08 14:00:00,19291,541.4145407648559,0.0,8721.0,6418.0,173.0,3437.585459235146
2025-12-08 15:00:00,19758,376.77188327157944,0.0,8721.0,6418.0,173.0,4069.22811672842
2025-12-08 16:00:00,20547,283.80365021205915,0.0,8721.0,6481.0,173.0,4888.196349787941
2025-12-08 17:00:00,21364,271.7934260694161,1129.0,8721.0,6431.0,173.0,4638.2065739305835
2025-12-08 18:00:00,21225,376.6623599273836,1129.0,8721.0,6531.0,173.0,4294.337640072616
2025-12-08 19:00:00,20824,534.2034088267976,1129.0,8721.0,6531.0,173.0,3735.7965911732026
2025-12-08 20:00:00,20538,622.8674636267787,787.3268869980598,8721.0,6394.0,173.0,3839.8056493751615
2025-12-08 21:00:00,19921,701.3107939596835,0.0,8721.0,5925.0,173.0,4400.689206040319
2025-12-08 22:00:00,18992,691.4835554112017,0.0,8721.0,5941.0,173.0,3465.5164445888004
2025-12-08 23:00:00,18120,839.0807299247331,0.0,8721.0,5995.0,146.0,2418.9192700752665
2025-12-09 00:00:00,17445,1155.2646990862547,0.0,8721.0,6331.0,88.0,1149.7353009137441
2025-12-09 01:00:00,17115,1446.7271364446508,0.0,8721.0,6331.0,63.0,553.2728635553503
2025-12-09 02:00:00,16932,1855.1170339836417,0.0,8496.882966016357,6331.0,38.0,211.0
2025-12-09 03:00:00,16914,1315.2047284186851,0.0,8721.0,6389.0,60.0,428.79527158131486
2025-12-09 04:00:00,17110,1680.8755263373391,0.0,8721.0,6389.0,55.73602474429936,263.3884489183615
2025-12-09 05:00:00,17562,2860.0584055676095,0.0,8047.205569688091,6413.0,30.736024744299357,211.0
2025-12-09 06:00:00,18527,3088.263975255703,0.0,8721.0,6454.0,52.73602474429936,211.0
2025-12-09 07:00:00,19562,3177.287393696808,0.0,8721.0,6413.0,74.73602474429936,1175.9765815588908
2025-12-09 08:00:00,19781,3325.50092670281,-0.0,8721.0,6340.0,88.0,1306.4990732971892
2025-12-09 09:00:00,19857,3595.5945477105984,0.0,8721.0,6340.0,88.0,1112.4054522894003
2025-12-09 10:00:00,19947,3755.138911516968,0.0,8721.0,6365.0,88.0,1017.8610884830341
2025-12-09 11:00:00,20216,3754.03720475454,0.0,8721.0,6244.0,88.0,1408.9627952454612
2025-12-09 12:00:00,20330,3732.8248587509,0.0,8721.0,6365.0,88.0,1423.1751412490994
2025-12-09 13:00:00,20461,3709.935950797345,0.0,8721.0,6307.0,88.0,1635.0640492026578
2025-12-09 14:00:00,20604,3528.533743598108,0.0,8721.0,6307.0,88.0,1959.4662564018909
2025-12-09 15:00:00,20708,3250.3422772514054,0.0,8721.0,6348.0,88.0,2300.657722748594
2025-12-09 16:00:00,21184,3031.935924156494,1013.12688699806,8721.0,6443.0,137.0,1837.9371888454439
2025-12-09 17:00:00,21394,2823.1235252163465,1129.0,8721.0,6515.0,173.0,2032.876474783654
2025-12-09 18:00:00,20894,2751.8946187857923,0.0,8721.0,6301.0,173.0,2947.1053812142054
2025-12-09 19:00:00,20545,2578.6862508073723,0.0,8721.0,6301.0,173.0,2771.313749192628
2025-12-09 20:00:00,20311,2422.928377479655,0.0,8721.0,6491.0,173.0,2503.071622520343
2025-12-09 21:00:00,19323,2527.6676351178976,0.0,8721.0,6491.0,173.0,1410.3323648821024
2025-12-09 22:00:00,18453,2280.716154905578,0.0,8721.0,6491.0,148.0,812.2838450944218
2025-12-09 23:00:00,17624,1980.9393965998904,0.0,8721.0,6491.0,97.0,334.06060340011027
2025-12-10 00:00:00,17016,1933.6157667358,0.0,8366.3842332642,6491.0,14.0,211.0
2025-12-10 01:00:00,16538,1112.0,0.0,8721.0,6491.0,3.0,211.0
2025-12-10 02:00:00,16343,917.0,0.0,8721.0,6491.0,3.0,211.0
2025-12-10 03:00:00,16247,796.385326139859,0.0,8721.0,6491.0,27.61467386014101,211.0
2025-12-10 04:00:00,16342,946.514657551776,0.0,8689.485342448224,6491.0,4.0,211.0
2025-12-10 05:00:00,16744,1246.0,0.0,8721.0,6491.0,75.0,211.0
2025-12-10 06:00:00,17829,2312.506092921135,0.0,8721.0,6420.0,132.0,243.49390707886414
2025-12-10 07:00:00,18989,2586.6314368459607,0.0,8721.0,6326.0,154.0,1201.3685631540393
2025-12-10 08:00:00,19363,2729.0737889121556,0.0,8721.0,6220.0,173.0,1519.9262110878444
2025-12-10 09:00:00,19567,2648.5831355239557,0.0,8721.0,6142.0,173.0,1882.416864476043
2025-12-10 10:00:00,19817,2470.1281548409725,1129.0,8721.0,6164.0,173.0,1159.8718451590285
2025-12-10 11:00:00,19970,2441.0451057091564,1129.0,8721.0,6042.0,173.0,1463.954894290844
2025-12-10 12:00:00,19782,2619.038954829091,1129.0,8721.0,5804.0,173.0,1335.9610451709086
2025-12-10 13:00:00,19700,2934.9844259961883,677.3999999999991,8721.0,6283.0,173.0,910.6155740038108
2025-12-10 14:00:00,19650,2826.8963149730153,0.0,8721.0,6283.0,173.0,1646.1036850269847
2025-12-10 15:00:00,19718,3146.9503344367063,0.0,8721.0,6283.0,173.0,1394.049665563296
2025-12-10 16:00:00,19890,3517.639864917673,0.0,8721.0,6370.0,173.0,1108.3601350823265
2025-12-10 17:00:00,20526,3702.1745093063505,0.0,8721.0,6317.0,173.0,1612.825490693649
2025-12-10 18:00:00,20316,3564.676425199132,0.0,8721.0,6444.0,173.0,1413.3235748008665
2025-12-10 19:00:00,20145,3718.9606175985327,0.0,8721.0,6444.0,173.0,1088.0393824014682
2025-12-10 20:00:00,19954,3780.0848104921615,0.0,8721.0,6441.0,148.0,863.9151895078394
2025-12-10 21:00:00,19243,3644.399771489228,0.0,8721.0,6441.0,97.0,339.60022851077156
2025-12-10 22:00:00,18405,3422.9587365297652,0.0,8299.041263470235,6441.0,14.0,228.0
2025-12-10 23:00:00,17680,3256.1318487869403,0.0,7748.868151213061,6444.0,3.0,228.0
2025-12-11 00:00:00,17224,3115.831958283298,0.0,7436.168041716703,6444.0,3.0,225.0
2025-12-11 01:00:00,16829,1822.565924629955,0.0,8334.434075370045,6444.0,3.0,225.0
2025-12-11 02:00:00,16768,2533.7051124152053,0.0,7582.294887584794,6424.0,3.0,225.0
2025-12-11 03:00:00,16523,1346.425299617228,0.0,8524.574700382771,6424.0,3.0,225.0
2025-12-11 04:00:00,16778,1744.1027377617652,0.0,8307.897262238235,6498.0,3.0,225.0
2025-12-11 05:00:00,17109,2001.304808886463,0.0,8381.695191113537,6498.0,3.0,225.0
2025-12-11 06:00:00,18370,3118.7075998564615,0.0,8506.292400143539,6498.0,22.0,225.0
2025-12-11 07:00:00,19495,3069.394972655694,0.0,8721.0,6432.0,93.0,1179.605027344307
2025-12-11 08:00:00,19925,2778.534634015345,0.0,8721.0,6263.0,150.0,2012.4653659846554
2025-12-11 09:00:00,19955,2523.201082171373,0.0,8721.0,5924.0,172.0,2614.798917828626
2025-12-11 10:00:00,19803,2502.319916245833,0.0,8721.0,5864.0,173.0,2542.680083754167
2025-12-11 11:00:00,19692,2631.187880739825,0.0,8721.0,5864.0,173.0,2302.8121192601757
2025-12-11 12:00:00,19549,2779.686915570735,0.0,8721.0,6003.0,173.0,1872.3130844292646
2025-12-11 13:00:00,19645,2821.3323824429103,0.0,8721.0,6204.0,173.0,1725.6676175570901
2025-12-11 14:00:00,19619,2909.1736663938277,0.0,8721.0,6462.0,173.0,1353.8263336061718
2025-12-11 15:00:00,19767,2844.3207037484335,0.0,8721.0,6477.0,173.0,1551.6792962515683
2025-12-11 16:00:00,20349,2709.668495848391,0.0,8721.0,6518.0,173.0,2227.3315041516107
2025-12-11 17:00:00,21115,2456.282585058634,0.0,8721.0,6518.0,173.0,3246.717414941366
2025-12-11 18:00:00,20987,2390.4115853564376,0.0,8721.0,6569.0,173.0,3133.5884146435637
2025-12-11 19:00:00,20699,2289.585995189728,0.0,8721.0,6483.0,173.0,3032.414004810271
2025-12-11 20:00:00,20554,2167.8784661781883,0.0,8721.0,6483.0,171.0,3011.12153382181
2025-12-11 21:00:00,20019,1870.9924754058468,0.0,8721.0,6460.0,159.0,2808.0075245941553
2025-12-11 22:00:00,19056,1593.9729953867354,0.0,8741.0,6432.0,147.0,2142.0270046132646
2025-12-11 23:00:00,18262,1290.2200431807682,0.0,8741.0,6432.0,135.0,1663.7799568192313
2025-12-12 00:00:00,17557,1148.7528780678367,0.0,8741.0,6428.0,135.0,1104.2471219321633
2025-12-12 01:00:00,17287,1068.729065047191,0.0,8741.0,6368.0,135.0,974.2709349528086
2025-12-12 02:00:00,17083,1144.9873018484036,0.0,8741.0,6400.0,135.0,662.0126981515969
2025-12-12 03:00:00,16954,1393.4571422792983,0.0,8741.0,6406.0,135.0,278.54285772070216
2025-12-12 04:00:00,17203,1735.8533168220167,0.0,8741.0,6406.0,91.1466831779835,229.0
2025-12-12 05:00:00,17689,1822.0567873212256,0.0,8741.0,6406.0,135.0,584.9432126787724
2025-12-12 06:00:00,18634,1779.6890570771368,0.0,8741.0,6406.0,135.0,1572.3109429228643
2025-12-12 07:00:00,19769,1797.4266295515138,0.0,8741.0,6429.0,135.0,2666.5733704484883
2025-12-12 08:00:00,19960,1629.271588626811,0.0,8741.0,6429.0,135.0,3025.7284113731876
2025-12-12 09:00:00,19849,1346.4448645574637,0.0,8741.0,6503.0,135.0,3123.555135442537
2025-12-12 10:00:00,19646,1316.7809125871263,0.0,8741.0,6589.0,135.0,2864.219087412872
2025-12-12 11:00:00,19216,1472.2573471187172,0.0,8741.0,6589.0,135.0,2278.742652881283
2025-12-12 12:00:00,19020,1357.0710478364422,0.0,8741.0,6589.0,135.0,2197.9289521635583
2025-12-12 13:00:00,19133,1237.7587712124491,0.0,8741.0,6516.0,135.0,2503.2412287875486
2025-12-12 14:00:00,19327,1140.411680964875,897.2537739961201,8741.0,6637.0,135.0,1776.3345450390032
2025-12-12 15:00:00,19372,1072.053323572179,0.0,8741.0,6739.0,135.0,2684.9466764278222
2025-12-12 16:00:00,19988,968.5594694603652,0.0,8741.0,6770.0,135.0,3373.440530539636
2025-12-12 17:00:00,20559,1226.1816646607938,1129.0,8741.0,6711.0,135.0,2616.818335339205
2025-12-12 18:00:00,20128,1152.1108500210876,1129.0,8741.0,6764.0,135.0,2206.8891499789133
2025-12-12 19:00:00,19932,1437.5596670006337,1129.0,8741.0,6764.0,135.0,1725.4403329993656
2025-12-12 20:00:00,19665,1659.283183960074,0.0,8741.0,6764.0,135.0,2365.716816039927
2025-12-12 21:00:00,18876,1900.5880131731,0.0,8741.0,6764.0,122.0,1348.4119868269008
2025-12-12 22:00:00,18169,2074.250912598573,0.0,8741.0,6478.0,83.0,792.7490874014256
2025-12-12 23:00:00,17480,2225.08932880826,0.0,8490.910671191741,6523.0,12.0,229.0
2025-12-13 00:00:00,16807,2535.911100125389,0.0,7511.08889987461,6529.0,2.0,229.0
2025-12-13 01:00:00,16475,2765.5249253045336,0.0,6949.475074695467,6529.0,2.0,229.0
2025-12-13 02:00:00,16342,2891.181730590982,0.0,6690.818269409017,6529.0,2.0,229.0
2025-12-13 03:00:00,16149,2010.4746396120208,0.0,7378.525360387979,6529.0,2.0,229.0
2025-12-13 04:00:00,16068,2272.1592294532597,0.0,7035.84077054674,6529.0,2.0,229.0
2025-12-13 05:00:00,16131,2749.790742336255,0.0,6621.209257663745,6529.0,2.0,229.0
2025-12-13 06:00:00,16666,2786.2896392404623,0.0,7119.710360759538,6529.0,2.0,229.0
2025-12-13 07:00:00,17379,3451.6295482913742,0.0,7167.370451708626,6529.0,2.0,229.0
2025-12-13 08:00:00,18052,3324.479985631361,0.0,7967.520014368638,6529.0,2.0,229.0
2025-12-13 09:00:00,18599,3383.329507971738,0.0,8455.670492028261,6529.0,2.0,229.0
2025-12-13 10:00:00,18922,2870.08649297912,0.0,8746.0,6565.0,64.0,676.9135070208795
2025-12-13 11:00:00,19056,2833.0532706557974,0.0,8746.0,6461.0,112.0,903.946729344203
2025-12-13 12:00:00,19041,3421.18249256215,0.0,8746.0,6461.0,73.0,339.8175074378523
2025-12-13 13:00:00,18911,3620.526995484234,0.0,8546.473004515767,6513.0,2.0,229.0
2025-12-13 14:00:00,18987,3480.55177757034,0.0,8746.0,6514.0,17.448222429658927,229.0
2025-12-13 15:00:00,19537,2968.838410788768,0.0,8746.0,6514.0,79.44822242965893,1228.7133667815724
2025-12-13 16:00:00,19799,2907.606210896847,677.3999999999994,8746.0,6514.0,125.0,828.9937891031534
2025-12-13 17:00:00,20329,2913.8609109299787,1129.0,8746.0,6514.0,135.0,891.1390890700204
2025-12-13 18:00:00,20056,2804.724664955426,1129.0,8746.0,6469.0,135.0,772.2753350445746
2025-12-13 19:00:00,19610,2593.2237964895694,1129.0,8746.0,6522.0,135.0,484.7762035104315
2025-12-13 20:00:00,19132,2496.277611611311,0.0,8746.0,6566.0,135.0,1188.722388388691
2025-12-13 21:00:00,18829,2546.2417144831843,0.0,8746.0,6566.0,125.0,845.7582855168148
2025-12-13 22:00:00,18199,2588.5422165638397,0.0,8746.0,6566.0,69.45778343616257,229.0
2025-12-13 23:00:00,17601,2624.2012388739245,0.0,8746.0,5854.0,73.0,303.798761126076
2025-12-14 00:00:00,17137,2574.949081570151,0.0,7838.05091842985,6493.0,2.0,229.0
2025-12-14 01:00:00,16700,1940.7408384151577,0.0,8007.259161584842,6521.0,2.0,229.0
2025-12-14 02:00:00,16555,1182.7014211100354,0.0,8620.298578889964,6521.0,2.0,229.0
2025-12-14 03:00:00,16499,1196.398231432971,0.0,8550.601768567029,6521.0,2.0,229.0
2025-12-14 04:00:00,16607,1200.735647615435,0.0,8654.264352384565,6521.0,2.0,229.0
2025-12-14 05:00:00,16860,1362.0,0.0,8746.0,6521.0,2.0,229.0
2025-12-14 06:00:00,17354,2435.324649313939,0.0,8272.67535068606,6405.0,12.0,229.0
2025-12-14 07:00:00,18136,2471.725804246319,0.0,8771.0,6410.0,74.0,409.27419575368185
2025-12-14 08:00:00,18697,2420.2921306608314,0.0,8771.0,6521.0,122.0,862.7078693391668
2025-12-14 09:00:00,19087,2238.558856766354,0.0,8771.0,6521.0,135.0,1421.4411432336456
2025-12-14 10:00:00,18870,2108.45427603029,0.0,8771.0,6779.0,135.0,1076.5457239697098
2025-12-14 11:00:00,18582,2145.983682228349,0.0,8771.0,6779.0,135.0,751.0163177716531
2025-12-14 12:00:00,18539,2071.840425013455,0.0,8771.0,6795.0,135.0,766.1595749865446
2025-12-14 13:00:00,19006,2061.3488597861888,0.0,8771.0,6824.0,135.0,1214.651140213813
2025-12-14 14:00:00,19122,2116.0630440257705,0.0,8771.0,6824.0,135.0,1275.93695597423
2025-12-14 15:00:00,19454,2096.171776984385,0.0,8771.0,6824.0,135.0,1627.8282230156146
2025-12-14 16:00:00,20066,2059.5629358187116,0.0,8766.0,6566.0,135.0,2539.4370641812893
2025-12-14 17:00:00,21148,2169.8776734260005,0.0,8771.0,6488.0,135.0,3584.1223265739973
2025-12-14 18:00:00,21079,2218.6010495134788,813.6627409893789,8771.0,6488.0,135.0,2652.7362094971413
2025-12-14 19:00:00,20734,1818.687202142168,1129.0,8771.0,6488.0,135.0,2392.312797857834
2025-12-14 20:00:00,20328,1547.4609508169135,0.0,8771.0,6465.0,135.0,3409.5390491830876
2025-12-14 21:00:00,19769,1378.7777521736675,0.0,8771.0,6465.0,135.0,3019.222247826332
2025-12-14 22:00:00,18793,1594.9222889739283,0.0,8771.0,6472.0,135.0,1820.0777110260715
2025-12-14 23:00:00,18214,1432.8775153866814,0.0,8771.0,6458.0,135.0,1417.122484613319
2025-12-15 00:00:00,17801,1224.8722905523578,0.0,8771.0,6458.0,144.0,1203.1277094476427
2025-12-15 01:00:00,17439,1627.7634294136328,0.0,8771.0,6439.0,114.0,487.2365705863667
2025-12-15 02:00:00,17250,1820.40334996102,0.0,8730.59665003898,6439.0,31.0,229.0
2025-12-15 03:00:00,17144,1603.0,0.0,8771.0,6439.0,102.0,229.0
2025-12-15 04:00:00,17296,1440.0,0.0,8771.0,6697.0,159.0,229.0
2025-12-15 05:00:00,17875,1858.064958515083,0.0,8771.0,6697.0,168.0,380.93504148491775
2025-12-15 06:00:00,18899,1848.0931839604252,0.0,8771.0,6697.0,173.0,1409.9068160395764
2025-12-15 07:00:00,20130,1898.878174709375,0.0,8771.0,6578.0,173.0,2709.1218252906256
2025-12-15 08:00:00,20542,2386.6428398891153,0.0,8771.0,6543.0,173.0,2668.357160110885
2025-12-15 09:00:00,20541,2726.952438126354,0.0,8771.0,6589.0,173.0,2281.0475618736455
2025-12-15 10:00:00,20584,2966.828951949248,0.0,8771.0,6558.0,173.0,2115.1710480507536
2025-12-15 11:00:00,20706,3143.932647298591,0.0,8771.0,6631.0,173.0,1987.0673527014078
2025-12-15 12:00:00,20667,3303.6085138047106,0.0,8774.0,6631.0,173.0,1785.3914861952871
2025-12-15 13:00:00,20654,3367.1341783320295,0.0,8764.0,6631.0,173.0,1718.8658216679687
2025-12-15 14:00:00,20579,3652.7831448840902,0.0,8764.0,6667.0,173.0,1322.2168551159084
2025-12-15 15:00:00,20733,3740.9162032713975,0.0,8764.0,6668.0,173.0,1387.0837967286025
2025-12-15 16:00:00,20908,3693.838372760296,0.0,8764.0,6677.0,173.0,1600.161627239704
2025-12-15 17:00:00,21130,3496.2603949365775,0.0,8764.0,6677.0,173.0,2019.7396050634234
2025-12-15 18:00:00,20894,3143.2249050327705,0.0,8764.0,6626.0,173.0,2187.77509496723
2025-12-15 19:00:00,20708,3017.0336633815896,0.0,8764.0,6679.0,173.0,2074.9663366184104
2025-12-15 20:00:00,20433,2644.082165186668,0.0,8764.0,6679.0,173.0,2172.917834813332
2025-12-15 21:00:00,20013,2129.6809148525804,0.0,8764.0,6609.0,173.0,2337.319085147421
2025-12-15 22:00:00,18982,1765.2265334040658,0.0,8764.0,6609.0,173.0,1670.773466595936
2025-12-15 23:00:00,18064,1392.9623006661006,0.0,8774.0,6609.0,173.0,1115.0376993339014
2025-12-16 00:00:00,17418,1134.9290732867764,0.0,8774.0,6609.0,173.0,727.0709267132224
2025-12-16 01:00:00,17085,988.7001718888991,0.0,8774.0,6609.0,173.0,540.2998281110995
2025-12-16 02:00:00,16840,821.3339922245917,0.0,8774.0,6609.0,173.0,462.6660077754095
2025-12-16 03:00:00,16741,696.914171589482,0.0,8774.0,6609.0,173.0,488.08582841051975
2025-12-16 04:00:00,16902,613.1192608753779,0.0,8774.0,6609.0,173.0,732.8807391246228
2025-12-16 05:00:00,17330,588.3876089877248,0.0,8774.0,6609.0,173.0,1185.612391012275
2025-12-16 06:00:00,18241,670.6833822287151,0.0,9602.0,6542.0,173.0,1253.3166177712847
2025-12-16 07:00:00,19580,878.1574426830326,0.0,9602.0,6513.0,173.0,2413.842557316966
2025-12-16 08:00:00,20106,1137.5663562298444,1129.0,9602.0,6305.0,173.0,1759.4336437701568
2025-12-16 09:00:00,19948,1309.492333338821,1129.0,9602.0,6305.0,173.0,1429.5076666611785
2025-12-16 10:00:00,19881,1806.875493956916,1013.12688699806,9602.0,6166.0,173.0,1119.9976190450247
2025-12-16 11:00:00,19911,2378.645089508097,0.0,8735.0,6166.0,173.0,2458.354910491904
2025-12-16 12:00:00,19625,2647.288944123048,0.0,8057.0,6292.0,173.0,2455.7110558769527
2025-12-16 13:00:00,19509,3142.50305429387,0.0,8735.0,6359.0,173.0,1099.4969457061306
2025-12-16 14:00:00,19665,3586.129733218206,0.0,8735.0,6360.0,173.0,810.8702667817925
2025-12-16 15:00:00,19751,3740.265571583523,0.0,8735.0,6476.0,173.0,626.7344284164792
2025-12-16 16:00:00,19991,3924.3247357617215,0.0,8735.0,6438.0,173.0,720.675264238278
2025-12-16 17:00:00,20473,4155.696147026329,0.0,8735.0,6639.0,173.0,770.3038529736732
2025-12-16 18:00:00,20330,4261.795545498531,0.0,8735.0,6639.0,173.0,521.2044545014687
2025-12-16 19:00:00,20180,4245.189798416128,0.0,8735.0,6652.0,148.0,399.810201583874
2025-12-16 20:00:00,19873,4285.704690542234,0.0,8735.0,6368.0,97.0,387.29530945776787
2025-12-16 21:00:00,19213,4303.960647900233,0.0,7998.039352099768,6680.0,14.0,217.0
2025-12-16 22:00:00,18421,4315.37801512812,0.0,7527.621984871879,6358.0,3.0,217.0
2025-12-16 23:00:00,17618,4364.0254336466805,0.0,6419.9745663533195,6614.0,3.0,217.0
2025-12-17 00:00:00,16672,4363.69669965198,0.0,5467.30330034802,6621.0,3.0,217.0
2025-12-17 01:00:00,16327,3164.331124994089,0.0,6255.668875005911,6687.0,3.0,217.0
2025-12-17 02:00:00,16108,3198.6131684863694,0.0,6002.386831513631,6687.0,3.0,217.0
2025-12-17 03:00:00,15801,3233.503520541587,0.0,5660.496479458413,6687.0,3.0,217.0
2025-12-17 04:00:00,15886,3224.5495970146003,0.0,5754.4504029854,6687.0,3.0,217.0
2025-12-17 05:00:00,16341,4353.675380945052,0.0,5080.324619054947,6687.0,3.0,217.0
2025-12-17 06:00:00,17462,4231.181981156054,0.0,6302.818018843947,6708.0,3.0,217.0
2025-12-17 07:00:00,18784,4052.591627739525,0.0,7905.4083722604755,6606.0,3.0,217.0
2025-12-17 08:00:00,19111,3983.272108649225,0.0,8309.727891350774,6598.0,3.0,217.0
2025-12-17 09:00:00,19275,3989.8920925848856,0.0,8467.107907415115,6598.0,3.0,217.0
2025-12-17 10:00:00,19182,3798.2964186307336,0.0,8652.703581369267,6510.0,4.0,217.0
2025-12-17 11:00:00,18976,3622.043583076367,0.0,8232.0,6631.0,75.0,415.9564169236328
2025-12-17 12:00:00,18608,3365.4994583152825,0.0,8232.0,6666.0,127.50054168471979,217.0
2025-12-17 13:00:00,18899,3074.872143252371,0.0,8735.0,6523.0,154.0,412.12785674762927
2025-12-17 14:00:00,19307,2201.357502470171,25.564640782200513,8735.0,6625.0,173.0,1547.0778567476282
2025-12-17 15:00:00,19475,1458.396383525966,651.8353592177986,8735.0,6700.0,173.0,1756.7682572562376
2025-12-17 16:00:00,19766,1064.0063196309072,1129.0,8735.0,6836.0,173.0,1828.9936803690944
2025-12-17 17:00:00,20112,1283.4311826363526,1129.0,8735.0,6914.0,173.0,1877.5688173636481
2025-12-17 18:00:00,19870,1270.666631367692,0.0,8735.0,7028.0,173.0,2663.3333686323094
2025-12-17 19:00:00,19878,1144.4326292246328,1129.0,8735.0,7028.0,173.0,1668.5673707753667
2025-12-17 20:00:00,19422,1214.7821707143935,0.0,8735.0,6938.0,173.0,2361.2178292856042
2025-12-17 21:00:00,18932,1435.9839860815175,0.0,8735.0,6938.0,173.0,1650.016013918481
2025-12-17 22:00:00,18062,1950.3517598302617,0.0,8735.0,6878.0,147.0,351.64824016973944
2025-12-17 23:00:00,17085,2348.7770553694913,0.0,8033.222944630508,6485.0,1.0,217.0
2025-12-18 00:00:00,16453,2806.9732348922253,0.0,6474.026765107774,6954.0,1.0,217.0
2025-12-18 01:00:00,16097,3066.8338591433985,0.0,5858.1661408566015,6954.0,1.0,217.0
2025-12-18 02:00:00,15758,2508.7651153407724,0.0,6112.234884659228,6919.0,1.0,217.0
2025-12-18 03:00:00,15621,2755.0691498599604,0.0,5668.930850140039,6979.0,1.0,217.0
2025-12-18 04:00:00,15751,2597.4514707965914,0.0,5956.548529203408,6979.0,1.0,217.0
2025-12-18 05:00:00,16314,2571.5650744544373,0.0,6545.434925545563,6979.0,1.0,217.0
2025-12-18 06:00:00,17450,3786.014306570641,0.0,6466.985693429358,6979.0,1.0,217.0
2025-12-18 07:00:00,18653,3772.732433022811,1129.0,6554.267566977189,6979.0,1.0,217.0
2025-12-18 08:00:00,18626,3978.096785014124,1129.0,6454.903214985876,6846.0,1.0,217.0
2025-12-18 09:00:00,18488,4071.364505004439,457.5462260038783,7067.089268991682,6674.0,1.0,217.0
2025-12-18 10:00:00,18213,4085.320551318812,0.0,7207.679448681189,6702.0,1.0,217.0
2025-12-18 11:00:00,17870,4133.753275876206,0.0,6767.246724123794,6751.0,1.0,217.0
2025-12-18 12:00:00,17686,4179.373790214396,0.0,6502.626209785605,6786.0,1.0,217.0
2025-12-18 13:00:00,18297,4138.78370550434,0.0,7082.21629449566,6858.0,1.0,217.0
2025-12-18 14:00:00,18414,4114.852887378101,0.0,7298.1471126219,6783.0,1.0,217.0
2025-12-18 15:00:00,18932,4135.87280553911,0.0,7713.127194460889,6867.0,1.0,215.0
2025-12-18 16:00:00,19208,4372.564197414369,1129.0,6541.435802585631,6949.0,1.0,215.0
2025-12-18 17:00:00,19171,4383.610300509742,0.0,7622.389699490257,6949.0,1.0,215.0
2025-12-18 18:00:00,18613,4415.316206816554,0.0,7488.683793183445,6493.0,1.0,215.0
2025-12-18 19:00:00,18780,4349.263043050234,0.0,7713.736956949766,6501.0,1.0,215.0
2025-12-18 20:00:00,18683,4313.062690857831,0.0,7726.937309142169,6427.0,1.0,215.0
2025-12-18 21:00:00,18164,4426.9117183688495,0.0,7094.08828163115,6427.0,1.0,215.0
2025-12-18 22:00:00,17301,4378.935567781249,0.0,6279.064432218751,6427.0,1.0,215.0
2025-12-18 23:00:00,16369,3928.919171237655,0.0,5767.080828762344,6457.0,1.0,215.0
2025-12-19 00:00:00,15754,2775.6220207171177,0.0,6261.377979282883,6501.0,1.0,215.0
2025-12-19 01:00:00,15253,2521.183789143255,0.0,5990.816210856745,6525.0,1.0,215.0
2025-12-19 02:00:00,15198,2146.343830233079,0.0,6310.65616976692,6525.0,1.0,215.0
2025-12-19 03:00:00,15181,2969.638478609674,0.0,5449.361521390325,6546.0,1.0,215.0
2025-12-19 04:00:00,15348,2184.7556488214755,0.0,6400.244351178524,6546.0,1.0,216.0
2025-12-19 05:00:00,15936,3839.7583753962704,0.0,5333.24162460373,6546.0,1.0,216.0
2025-12-19 06:00:00,17008,3998.98499902114,0.0,5736.0150009788595,7056.0,1.0,216.0
2025-12-19 07:00:00,18050,4234.761193794463,0.0,6542.238806205536,7056.0,1.0,216.0
2025-12-19 08:00:00,18634,4360.368293187685,0.0,7135.631706812315,6921.0,1.0,216.0
2025-12-19 09:00:00,18782,4341.822906403109,0.0,7257.177093596891,6966.0,1.0,216.0
2025-12-19 10:00:00,19104,4305.198675969588,0.0,7533.801324030412,7048.0,1.0,216.0
2025-12-19 11:00:00,19245,4308.258026658766,0.0,7671.741973341235,7048.0,1.0,216.0
2025-12-19 12:00:00,19429,4267.602799697703,0.0,7896.397200302297,7048.0,1.0,216.0
2025-12-19 13:00:00,19324,4278.885209515989,0.0,8338.11479048401,6491.0,1.0,215.0
2025-12-19 14:00:00,19442,4287.10830059501,0.0,8346.89169940499,6592.0,1.0,215.0
2025-12-19 15:00:00,19626,4309.745424160569,0.0,8508.25457583943,6592.0,1.0,215.0
2025-12-19 16:00:00,19980,4185.462258323242,1129.0,7751.537741676759,6698.0,1.0,215.0
2025-12-19 17:00:00,20170,4206.4719003751425,0.0,9010.528099624858,6737.0,1.0,215.0
2025-12-19 18:00:00,19973,4120.270838472802,0.0,8899.729161527197,6737.0,1.0,215.0
2025-12-19 19:00:00,19746,4057.1601628395774,0.0,8735.839837160423,6737.0,1.0,215.0
2025-12-19 20:00:00,19530,3889.3866219558695,0.0,8687.61337804413,6737.0,1.0,215.0
2025-12-19 21:00:00,19040,3759.5882831306744,0.0,8327.411716869326,6737.0,1.0,215.0
2025-12-19 22:00:00,18557,2948.788900458455,677.3999999999991,8439.811099541546,6275.0,1.0,215.0
2025-12-19 23:00:00,17897,2124.972266035966,1129.0,8090.027733964034,6337.0,1.0,215.0
2025-12-20 00:00:00,17352,1648.9959871556694,1129.0,7443.004012844331,6915.0,1.0,215.0
2025-12-20 01:00:00,16923,1378.908665460174,0.0,8413.091334539826,6915.0,1.0,215.0
2025-12-20 02:00:00,16416,1552.7363812607166,0.0,7733.263618739284,6915.0,1.0,214.0
2025-12-20 03:00:00,16252,1539.321313556348,0.0,7582.678686443653,6915.0,1.0,214.0
2025-12-20 04:00:00,15991,1988.8950511170676,0.0,6872.104948882932,6915.0,1.0,214.0
2025-12-20 05:00:00,16182,2343.1606690777394,0.0,6782.839330922261,6841.0,1.0,214.0
2025-12-20 06:00:00,16703,2830.816692052824,0.0,6340.183307947176,7317.0,1.0,214.0
2025-12-20 07:00:00,17327,3346.195022989809,0.0,6448.804977010192,7317.0,1.0,214.0
2025-12-20 08:00:00,18118,3734.174853391419,0.0,6851.82514660858,7317.0,1.0,214.0
2025-12-20 09:00:00,18389,3968.653032667241,0.0,6888.34696733276,7317.0,1.0,214.0
2025-12-20 10:00:00,18977,4000.483310833885,0.0,7444.516689166116,7317.0,1.0,214.0
2025-12-20 11:00:00,19237,4048.992635966836,0.0,7656.007364033165,7317.0,1.0,214.0
2025-12-20 12:00:00,19362,4039.727238940294,0.0,7761.272761059707,7346.0,1.0,214.0
2025-12-20 13:00:00,19189,4096.895104162271,0.0,7545.104895837729,7332.0,1.0,214.0
2025-12-20 14:00:00,19244,4279.39925420605,0.0,7377.60074579395,7372.0,1.0,214.0
2025-12-20 15:00:00,19196,4216.709865956319,0.0,7392.29013404368,7372.0,1.0,214.0
2025-12-20 16:00:00,19193,4365.34600091585,0.0,7240.65399908415,7372.0,1.0,214.0
2025-12-20 17:00:00,19327,4348.579652228744,0.0,7391.420347771256,7372.0,1.0,214.0
2025-12-20 18:00:00,18730,4389.782223821343,0.0,7209.217776178657,6916.0,1.0,214.0
2025-12-20 19:00:00,18446,4375.029979641891,0.0,6939.970020358109,6916.0,1.0,214.0
2025-12-20 20:00:00,17978,4409.795211263799,0.0,6436.204788736202,6916.0,1.0,215.0
2025-12-20 21:00:00,17421,4400.430465378185,0.0,5888.569534621816,6916.0,1.0,215.0
2025-12-20 22:00:00,16758,4378.235453058764,0.0,5247.764546941236,6916.0,1.0,215.0
2025-12-20 23:00:00,16262,4419.880538561016,0.0,4682.119461438984,6944.0,1.0,215.0
2025-12-21 00:00:00,15644,3261.306513829052,0.0,5250.693486170948,6916.0,1.0,215.0
2025-12-21 01:00:00,15335,3178.1455612083837,0.0,5024.854438791616,6916.0,1.0,215.0
2025-12-21 02:00:00,15183,3174.701979638273,0.0,4876.298020361727,6916.0,1.0,215.0
2025-12-21 03:00:00,15324,3173.33053045669,0.0,5018.66946954331,6916.0,1.0,215.0
2025-12-21 04:00:00,15532,4076.634669761407,0.0,4323.365330238594,6916.0,1.0,215.0
2025-12-21 05:00:00,15764,3656.7208130510953,0.0,4975.279186948905,6916.0,1.0,215.0
2025-12-21 06:00:00,16392,3382.201848312302,0.0,5421.798151687697,7372.0,1.0,215.0
2025-12-21 07:00:00,16863,3391.906027217677,0.0,5883.093972782322,7372.0,1.0,215.0
2025-12-21 08:00:00,17427,3304.366667053031,0.0,6534.633332946969,7372.0,1.0,215.0
2025-12-21 09:00:00,17793,3438.335223097881,0.0,6765.664776902118,7372.0,1.0,216.0
2025-12-21 10:00:00,17792,3455.1949274899034,0.0,6787.805072510097,7332.0,1.0,216.0
2025-12-21 11:00:00,17916,3166.446890590207,0.0,7186.553109409793,7346.0,1.0,216.0
2025-12-21 12:00:00,18059,2869.434137587078,0.0,7626.565862412921,7346.0,1.0,216.0
2025-12-21 13:00:00,18059,2523.1097583208975,0.0,7972.8902416791025,7346.0,1.0,216.0
2025-12-21 14:00:00,18245,2089.8678619771395,0.0,8593.13213802286,7346.0,1.0,215.0
2025-12-21 15:00:00,18754,1733.850199704434,0.0,9424.149800295567,7346.0,35.0,215.0
2025-12-21 16:00:00,19455,1405.4081346865069,0.0,9602.0,7346.0,172.0,929.591865313494
2025-12-21 17:00:00,20108,1255.4553238435894,1129.0,9602.0,7332.0,221.0,568.544676156409
2025-12-21 18:00:00,19929,1264.0847932376123,1129.0,9602.0,6916.0,270.0,747.9152067623872
2025-12-21 19:00:00,19587,1200.3674869372635,0.0,9602.0,6916.0,270.0,1598.6325130627374
2025-12-21 20:00:00,19307,1042.0597932206051,929.0976397602584,9602.0,6885.0,270.0,578.8425670191343
2025-12-21 21:00:00,18839,852.8438657641365,1097.1561342358618,9602.0,6885.0,187.0,215.0
2025-12-21 22:00:00,18202,722.488245661804,0.0,9602.0,6885.0,104.0,888.5117543381966
2025-12-21 23:00:00,17431,1043.5353640411124,0.0,9266.464635958888,6885.0,21.0,215.0
2025-12-22 00:00:00,16563,359.93689177431816,0.0,9100.063108225682,6885.0,3.0,215.0
2025-12-22 01:00:00,16493,255.93580500881055,0.0,9134.06419499119,6885.0,3.0,215.0
2025-12-22 02:00:00,16422,1179.2838185265557,0.0,8139.7161814734445,6885.0,3.0,215.0
2025-12-22 03:00:00,16356,1423.3818324579736,0.0,7829.618167542027,6885.0,3.0,215.0
2025-12-22 04:00:00,16268,589.2902488374448,0.0,8575.709751162554,6885.0,3.0,215.0
2025-12-22 05:00:00,16812,773.4208590784117,0.0,8935.579140921589,6885.0,3.0,215.0
2025-12-22 06:00:00,17590,1752.7644448582057,0.0,8734.235555141795,6885.0,3.0,215.0
2025-12-22 07:00:00,18397,1878.811955792937,0.0,9406.72678371778,6869.0,27.46126048928272,215.0
2025-12-22 08:00:00,18950,2165.538739510718,0.0,9602.0,6869.0,98.46126048928272,215.0
2025-12-22 09:00:00,19169,2189.923004663667,0.0,9602.0,6869.0,169.46126048928272,338.6157348470515
2025-12-22 10:00:00,19248,2079.7294368713624,0.0,9602.0,6869.0,240.46126048928272,456.8093026393544
2025-12-22 11:00:00,19183,2186.034051860126,0.0,9602.0,6900.0,166.21364541812363,328.7523027217503
2025-12-22 12:00:00,19009,2208.786354581878,0.0,9602.0,6900.0,83.21364541812363,215.0
2025-12-22 13:00:00,18883,2255.052078516175,0.0,9508.947921483825,6900.0,3.0,216.0
2025-12-22 14:00:00,19188,2022.425458794512,293.60772458410963,9602.0,6900.0,74.0,295.96681662137973
2025-12-22 15:00:00,19437,1811.17085528952,782.8291447104784,9582.0,6900.0,145.0,216.0
2025-12-22 16:00:00,19716,1868.940262295621,913.0597377043778,9602.0,6900.0,216.0,216.0
2025-12-22 17:00:00,19992,1934.7806913177828,1070.2193086822151,9602.0,6900.0,269.0,216.0
2025-12-22 18:00:00,19529,2044.780723750112,496.21927624988894,9602.0,6900.0,270.0,216.0
2025-12-22 19:00:00,19272,2169.63343726041,0.0,9602.0,6900.0,270.0,330.3665627395894
2025-12-22 20:00:00,19005,1922.408808639457,177.59119136054505,9602.0,6900.0,187.0,216.0
2025-12-22 21:00:00,18640,1485.1263832916131,330.87361670838436,9602.0,6900.0,104.0,218.0
2025-12-22 22:00:00,17823,1674.1863768101914,0.0,9009.813623189808,6900.0,21.0,218.0
2025-12-22 23:00:00,17147,1911.5333546775232,0.0,8114.466645322476,6900.0,3.0,218.0
2025-12-23 00:00:00,16612,1885.181337398339,0.0,7605.818662601661,6900.0,3.0,218.0
2025-12-23 01:00:00,16246,489.01473142427335,0.0,8675.985268575727,6860.0,3.0,218.0
2025-12-23 02:00:00,15915,297.1699982307987,0.0,8506.830001769202,6890.0,3.0,218.0
2025-12-23 03:00:00,15728,339.14913547008405,0.0,8277.850864529915,6890.0,3.0,218.0
2025-12-23 04:00:00,15808,30.80349359446086,0.0,8666.196506405538,6890.0,3.0,218.0
2025-12-23 05:00:00,16161,1195.6088434272742,0.0,7854.391156572725,6890.0,3.0,218.0
2025-12-23 06:00:00,16992,1212.2547550447744,0.0,8668.745244955226,6890.0,3.0,218.0
2025-12-23 07:00:00,17951,1137.9743933054883,793.2731130019394,8908.752493692571,6890.0,3.0,218.0
2025-12-23 08:00:00,18487,1395.9638883385494,1129.0,8851.036111661451,6890.0,3.0,218.0
2025-12-23 09:00:00,18902,1546.118976989325,582.8810230106756,9602.0,6890.0,64.0,217.0
2025-12-23 10:00:00,19245,1756.7387112526285,777.2612887473733,9602.0,6890.0,2.0,217.0
2025-12-23 11:00:00,19288,1790.410113213884,781.984575240011,9602.0,6890.0,6.605311546106805,217.0
2025-12-23 12:00:00,18819,2040.027521680394,0.0,9602.0,6890.0,69.97247831960703,217.0
2025-12-23 13:00:00,18663,2215.640730485636,0.0,9337.359269514363,6890.0,3.0,217.0
2025-12-23 14:00:00,18587,2274.975195610972,0.0,9232.024804389028,6860.0,3.0,217.0
2025-12-23 15:00:00,18700,2489.789964481926,0.0,9090.210035518074,6900.0,3.0,217.0
2025-12-23 16:00:00,19057,2846.9159902647143,0.0,9090.084009735285,6900.0,3.0,217.0
2025-12-23 17:00:00,19312,3013.8538618313046,0.0,9163.146138168695,6916.0,2.0,217.0
2025-12-23 18:00:00,18798,3188.2759479499514,0.0,8474.724052050049,6916.0,2.0,217.0
2025-12-23 19:00:00,18540,3463.5241111650857,0.0,7940.475888834913,6916.0,3.0,217.0
2025-12-23 20:00:00,18292,3611.583710857444,0.0,7544.416289142557,6916.0,3.0,217.0
2025-12-23 21:00:00,17819,3629.663180715254,0.0,7053.3368192847465,6916.0,3.0,217.0
2025-12-23 22:00:00,17031,3680.0868630024465,0.0,6214.913136997553,6916.0,3.0,217.0
2025-12-23 23:00:00,16314,3568.737446566252,0.0,5609.262553433748,6916.0,3.0,217.0
2025-12-24 00:00:00,15766,2362.793813097639,0.0,6268.206186902361,6916.0,2.0,217.0
2025-12-24 01:00:00,15406,2012.26702107787,0.0,6258.732978922129,6916.0,2.0,217.0
2025-12-24 02:00:00,15221,2924.0679578019694,0.0,5161.93204219803,6916.0,2.0,217.0
2025-12-24 03:00:00,14840,1604.4516651843928,0.0,6099.548334815607,6916.0,3.0,217.0
2025-12-24 04:00:00,14848,1492.957423042686,0.0,6219.042576957314,6916.0,3.0,217.0
2025-12-24 05:00:00,15308,2254.0034907344566,0.0,5918.996509265544,6916.0,2.0,217.0
2025-12-24 06:00:00,16273,1705.7983660102218,0.0,7432.201633989778,6916.0,2.0,217.0
2025-12-24 07:00:00,17027,1546.5719081841385,0.0,8345.428091815862,6916.0,2.0,217.0
2025-12-24 08:00:00,17685,1062.9864289175912,0.0,9486.013571082409,6916.0,3.0,217.0
2025-12-24 09:00:00,18026,708.875350205631,508.12464979436845,9602.0,6916.0,74.0,217.0
2025-12-24 10:00:00,17809,580.9636925218933,348.0363074781053,9602.0,6916.0,145.0,217.0
2025-12-24 11:00:00,17449,502.9435821566846,178.83803884709442,9539.0,6916.0,95.21837899622159,217.0
2025-12-24 12:00:00,17042,294.7816210037784,0.0,9602.0,6916.0,12.218378996221588,217.0
2025-12-24 13:00:00,16865,395.98439119330624,0.0,9602.0,6355.0,83.21837899622159,428.79722981047263
2025-12-24 14:00:00,17135,415.8613882216531,0.0,9602.0,6895.0,5.138611778347695,217.0
2025-12-24 15:00:00,17559,367.6215167946879,477.2398714269657,9602.0,6819.0,76.1386117783477,217.0
2025-12-24 16:00:00,18043,307.88924992009646,949.9721383015568,9602.0,6819.0,147.1386117783477,217.0
2025-12-24 17:00:00,18576,325.2219813975842,1129.0,9602.0,6819.0,218.1386117783477,482.63940682406974
2025-12-24 18:00:00,17859,464.986369722191,620.8750184994606,9602.0,6819.0,135.1386117783477,217.0
2025-12-24 19:00:00,17418,648.9304203957265,45.06957960427462,9602.0,6819.0,86.0,217.0
2025-12-24 20:00:00,16864,1024.1833349602696,0.0,8800.81666503973,6819.0,3.0,217.0
2025-12-24 21:00:00,16507,1245.2701117086908,0.0,8282.72988829131,6759.0,3.0,217.0
2025-12-24 22:00:00,16027,1283.8665006732629,0.0,7742.133499326737,6781.0,3.0,217.0
2025-12-24 23:00:00,15510,1291.5166111299727,0.0,7218.483388870027,6781.0,3.0,216.0
2025-12-25 00:00:00,15089,1426.7315410427266,0.0,6684.268458957275,6759.0,3.0,216.0
2025-12-25 01:00:00,14549,1470.349296994512,0.0,6040.650703005487,6819.0,3.0,216.0
2025-12-25 02:00:00,14430,1198.7146710226348,0.0,6193.285328977365,6819.0,3.0,216.0
2025-12-25 03:00:00,14372,969.3031878228588,0.0,6364.6968121771415,6819.0,3.0,216.0
2025-12-25 04:00:00,14323,1056.0043279098927,0.0,6228.995672090107,6819.0,3.0,216.0
2025-12-25 05:00:00,14264,545.6660580998746,0.0,6680.333941900126,6819.0,3.0,216.0
2025-12-25 06:00:00,14678,1274.6538115219803,0.0,6431.346188478019,6753.0,3.0,216.0
2025-12-25 07:00:00,15125,1881.431229338605,0.0,6271.568770661395,6753.0,3.0,216.0
2025-12-25 08:00:00,15681,1841.5544393877735,0.0,6867.4455606122265,6753.0,3.0,216.0
2025-12-25 09:00:00,16369,2700.377552230293,0.0,6696.622447769707,6753.0,3.0,216.0
2025-12-25 10:00:00,16331,2518.2760346294485,0.0,6840.723965370551,6753.0,3.0,216.0
2025-12-25 11:00:00,16075,2809.1874859760583,0.0,6293.812514023943,6753.0,3.0,216.0
2025-12-25 12:00:00,16198,2333.3936800012784,0.0,6847.606319998722,6798.0,3.0,216.0
2025-12-25 13:00:00,16393,2017.2575438200768,0.0,7358.7424561799235,6798.0,3.0,216.0
2025-12-25 14:00:00,16684,1802.8708240478848,0.0,7864.1291759521155,6798.0,3.0,216.0
2025-12-25 15:00:00,17162,1670.1660318189552,0.0,8475.833968181045,6798.0,2.0,216.0
2025-12-25 16:00:00,17677,1665.1834448900145,457.5462260038783,8537.270329106106,6798.0,2.0,217.0
2025-12-25 17:00:00,18020,1218.598556054013,1129.0,8655.401443945986,6798.0,2.0,217.0
2025-12-25 18:00:00,17424,1390.1987939362484,1129.0,7946.801206063752,6738.0,3.0,217.0
2025-12-25 19:00:00,17239,1297.965637815351,1129.0,8294.034362184648,6298.0,3.0,217.0
2025-12-25 20:00:00,17104,1360.37649467039,0.0,8763.62350532961,6760.0,3.0,217.0
2025-12-25 21:00:00,17031,1396.1734547649971,0.0,8655.826545235002,6760.0,2.0,217.0
2025-12-25 22:00:00,16640,1627.822818932227,0.0,8433.177181067773,6360.0,2.0,217.0
2025-12-25 23:00:00,16196,2149.771917217094,0.0,7067.228082782905,6760.0,2.0,217.0
2025-12-26 00:00:00,15862,2441.844798177835,0.0,6506.155201822165,6694.0,3.0,217.0
2025-12-26 01:00:00,15640,2698.61889110346,0.0,6027.381108896539,6694.0,3.0,217.0
2025-12-26 02:00:00,15357,1751.0525042899976,0.0,6691.947495710003,6694.0,3.0,217.0
2025-12-26 03:00:00,15235,1926.8838741366535,0.0,6394.1161258633465,6694.0,3.0,217.0
2025-12-26 04:00:00,15288,1977.8472544918468,0.0,6396.152745508153,6694.0,3.0,217.0
2025-12-26 05:00:00,15598,2060.577327535489,0.0,6623.4226724645105,6694.0,3.0,217.0
2025-12-26 06:00:00,16078,3305.937418170813,0.0,5858.0625818291865,6694.0,3.0,217.0
2025-12-26 07:00:00,16669,3675.853557380792,0.0,6133.146442619209,6640.0,3.0,217.0
2025-12-26 08:00:00,17180,3770.4950488600134,0.0,6549.504951139987,6640.0,3.0,217.0
2025-12-26 09:00:00,17831,3790.9511611598914,0.0,7181.048838840108,6640.0,2.0,217.0
2025-12-26 10:00:00,18520,3304.7143028304467,0.0,8312.285697169553,6640.0,46.0,217.0
2025-12-26 11:00:00,19000,2367.9019800201268,0.0,9602.0,6640.0,108.0,282.09801997987233
2025-12-26 12:00:00,19214,1465.6624827535804,0.0,9602.0,6640.0,208.0,1298.3375172464184
2025-12-26 13:00:00,19307,1051.2878674106112,0.0,9602.0,6640.0,270.0,1743.7121325893895
2025-12-26 14:00:00,19386,807.8146028693795,0.0,9602.0,6640.0,270.0,2066.185397130619
2025-12-26 15:00:00,19331,529.0622510012364,209.59432503299124,9602.0,6640.0,270.0,2080.3434239657727
2025-12-26 16:00:00,19533,462.4233209013456,1129.0,9602.0,6640.0,270.0,1429.5766790986527
2025-12-26 17:00:00,19569,458.73702409219334,1129.0,9602.0,6640.0,270.0,1469.2629759078045
2025-12-26 18:00:00,19330,500.8888872341547,0.0,9602.0,6735.0,270.0,2222.111112765844
2025-12-26 19:00:00,18842,616.2532913308278,0.0,9602.0,6781.0,270.0,1572.7467086691722
2025-12-26 20:00:00,18528,712.3994291211874,0.0,9602.0,6781.0,270.0,1162.6005708788143
2025-12-26 21:00:00,18050,859.4001087589605,0.0,9602.0,6781.0,204.11683258801713,603.4830586530225
2025-12-26 22:00:00,17522,732.7745699146765,0.0,9602.0,6781.0,121.11683258801713,285.1085974973066
2025-12-26 23:00:00,16880,642.8831674119817,0.0,9601.0,6381.0,38.11683258801713,217.0
2025-12-27 00:00:00,16482,-0.0,0.0,9492.0,6770.0,3.0,217.0
2025-12-27 01:00:00,16165,-0.0,0.0,9175.0,6770.0,3.0,217.0
2025-12-27 02:00:00,16027,-0.0,0.0,9072.0,6735.0,3.0,217.0
2025-12-27 03:00:00,15996,-0.0,0.0,9041.0,6735.0,3.0,217.0
2025-12-27 04:00:00,15966,-0.0,0.0,9011.0,6735.0,3.0,217.0
2025-12-27 05:00:00,16229,-0.0,0.0,9333.0,6675.0,4.0,217.0
2025-12-27 06:00:00,16694,93.0,0.0,9602.0,6707.0,75.0,217.0
2025-12-27 07:00:00,17383,239.300029164788,0.0,9602.0,6680.0,146.0,715.6999708352123
2025-12-27 08:00:00,17832,218.07697334636873,0.0,9602.0,6680.0,217.0,1114.9230266536324
2025-12-27 09:00:00,18191,213.13079749661443,0.0,9602.0,6680.0,270.0,1425.8692025033852
2025-12-27 10:00:00,18532,181.66882244121683,0.0,9602.0,6680.0,270.0,1798.3311775587827
2025-12-27 11:00:00,18700,173.8934586378631,0.0,9602.0,6680.0,270.0,1974.1065413621363
2025-12-27 12:00:00,18741,177.58982273337017,0.0,9602.0,6680.0,270.0,2011.410177266629
2025-12-27 13:00:00,18866,199.39687080641696,0.0,9602.0,6680.0,270.0,2114.6031291935833
2025-12-27 14:00:00,18825,239.92835964525463,0.0,9602.0,6680.0,270.0,2033.0716403547449
2025-12-27 15:00:00,18955,289.9365393716209,0.0,9602.0,6680.0,270.0,2113.0634606283784
2025-12-27 16:00:00,19393,355.16071573001193,1129.0,9602.0,6753.0,270.0,1283.8392842699905
2025-12-27 17:00:00,19865,289.98606927734755,1129.0,9602.0,6735.0,270.0,1839.0139307226527
2025-12-27 18:00:00,19402,332.2297998355983,1129.0,9602.0,6735.0,270.0,1333.7702001643993
2025-12-27 19:00:00,19096,347.7846522905959,897.2537739961201,9602.0,6273.0,270.0,1705.9615737132833
2025-12-27 20:00:00,18767,425.2092862718152,0.0,9602.0,6335.0,270.0,2134.7907137281836
2025-12-27 21:00:00,18426,546.8752374731663,0.0,9602.0,6735.0,187.0,1355.1247625268334
2025-12-27 22:00:00,17672,607.7589366481712,0.0,9602.0,6735.0,104.0,623.2410633518302
2025-12-27 23:00:00,17053,506.02745708449373,0.0,9573.972542915506,6735.0,21.0,217.0
2025-12-28 00:00:00,16588,633.1860095502622,0.0,8999.813990449737,6735.0,3.0,217.0
2025-12-28 01:00:00,16249,-0.0,0.0,9294.0,6735.0,3.0,217.0
2025-12-28 02:00:00,16112,-0.0,0.0,9162.0,6730.0,3.0,217.0
2025-12-28 03:00:00,15917,-0.0,0.0,8967.0,6730.0,3.0,217.0
2025-12-28 04:00:00,15767,-0.0,0.0,8817.0,6730.0,3.0,217.0
2025-12-28 05:00:00,16061,-0.0,0.0,9111.0,6730.0,3.0,217.0
2025-12-28 06:00:00,16435,-0.0,0.0,9485.0,6730.0,3.0,217.0
2025-12-28 07:00:00,16840,821.3563777830952,0.0,9068.643622216905,6730.0,3.0,217.0
2025-12-28 08:00:00,17408,936.1507572627116,0.0,9521.849242737288,6730.0,3.0,217.0
2025-12-28 09:00:00,17653,1114.472962126482,0.0,9535.527037873519,6730.0,56.0,217.0
2025-12-28 10:00:00,17995,1276.02608210758,0.0,9602.0,6730.0,127.0,259.973917892421
2025-12-28 11:00:00,18328,1289.8075826034578,0.0,9602.0,6670.0,198.0,568.1924173965417
2025-12-28 12:00:00,18660,1219.78453369939,522.129550833231,9602.0,6707.0,269.0,340.0859154673767
2025-12-28 13:00:00,19094,1295.3401075919485,1002.6598924080536,9602.0,6707.0,270.0,217.0
2025-12-28 14:00:00,19020,1436.617564938184,787.3824350618161,9602.0,6707.0,270.0,217.0
2025-12-28 15:00:00,19259,1336.681656722421,1126.3183432775768,9602.0,6707.0,270.0,217.0
2025-12-28 16:00:00,19382,1984.3599856505612,0.0,9602.0,6707.0,270.0,818.6400143494393
2025-12-28 17:00:00,19624,2295.821366969841,0.0,9602.0,6727.0,270.0,729.1786330301584
2025-12-28 18:00:00,19306,2224.4902494238013,0.0,9602.0,6727.0,212.0,540.5097505761987
2025-12-28 19:00:00,18986,2182.3430574372283,0.0,9602.0,6265.0,154.0,782.6569425627713
2025-12-28 20:00:00,18366,2266.22832543341,0.0,9147.77167456659,6727.0,8.0,217.0
2025-12-28 21:00:00,17749,2305.8909277789417,0.0,8898.109072221057,6327.0,1.0,217.0
2025-12-28 22:00:00,17109,2522.177116794631,0.0,7641.822883205368,6727.0,1.0,217.0
2025-12-28 23:00:00,16658,2780.7149137065026,0.0,6931.285086293497,6727.0,2.0,217.0
2025-12-29 00:00:00,15851,3187.8865261561086,0.0,5710.113473843892,6734.0,2.0,217.0
2025-12-29 01:00:00,15289,2945.515438885941,0.0,4935.484561114059,7189.0,2.0,217.0
2025-12-29 02:00:00,14895,2075.2264683667395,0.0,5411.77353163326,7189.0,2.0,217.0
2025-12-29 03:00:00,14703,2151.641235231289,0.0,5129.358764768711,7203.0,2.0,217.0
2025-12-29 04:00:00,14757,1910.7114460718572,0.0,5424.288553928143,7203.0,2.0,217.0
2025-12-29 05:00:00,15120,1992.701662867045,0.0,5705.298337132956,7203.0,2.0,217.0
2025-12-29 06:00:00,15844,3340.4311827755705,0.0,5081.56881722443,7203.0,2.0,217.0
2025-12-29 07:00:00,16548,3561.8946880690023,0.0,5564.105311930998,7203.0,2.0,217.0
2025-12-29 08:00:00,17070,3479.4284437515485,0.0,6168.571556248451,7203.0,2.0,217.0
2025-12-29 09:00:00,17697,3419.3465109814965,0.0,6856.653489018503,7203.0,1.0,217.0
2025-12-29 10:00:00,18174,3397.4256182817776,0.0,7354.574381718223,7204.0,1.0,217.0
2025-12-29 11:00:00,18318,3546.5322943562087,0.0,7348.46770564379,7204.0,2.0,217.0
2025-12-29 12:00:00,18454,3634.960158393931,0.0,7407.039841606069,7193.0,2.0,217.0
2025-12-29 13:00:00,18542,3717.134004907828,0.0,7412.865995092172,7193.0,2.0,217.0
2025-12-29 14:00:00,18627,3702.493372572938,0.0,7513.506627427061,7193.0,1.0,217.0
2025-12-29 15:00:00,18706,3720.05783331433,0.0,7574.942166685671,7193.0,1.0,217.0
2025-12-29 16:00:00,19227,3698.42730813798,897.2537739961201,7220.3189178659,7193.0,1.0,217.0
2025-12-29 17:00:00,19716,3737.0523272416863,1129.0,7438.947672758313,7193.0,1.0,217.0
2025-12-29 18:00:00,19379,3708.414306911699,1129.0,7130.585693088302,7193.0,1.0,217.0
2025-12-29 19:00:00,19267,3789.6352939664657,1129.0,6961.364706033535,7168.0,2.0,217.0
2025-12-29 20:00:00,18990,3780.590889132663,0.0,7822.4091108673365,7168.0,2.0,217.0
2025-12-29 21:00:00,18476,3718.6124150840737,0.0,7312.387584915927,7226.0,2.0,217.0
2025-12-29 22:00:00,17706,3754.82931238656,0.0,6506.170687613439,7226.0,2.0,217.0
2025-12-29 23:00:00,16930,3764.619997541765,0.0,5720.380002458234,7226.0,2.0,217.0
2025-12-30 00:00:00,16472,3771.3702167953215,0.0,5184.6297832046785,7298.0,1.0,217.0
2025-12-30 01:00:00,16138,2549.60906481255,0.0,6072.39093518745,7298.0,1.0,217.0
2025-12-30 02:00:00,15838,2606.0106557413815,0.0,6242.989344258618,6771.0,1.0,217.0
2025-12-30 03:00:00,15843,2607.284080364843,0.0,6246.715919635157,6771.0,1.0,217.0
2025-12-30 04:00:00,15993,2568.5594717257286,0.0,6435.440528274272,6771.0,1.0,217.0
2025-12-30 05:00:00,16185,3489.600417929863,0.0,5705.399582070137,6771.0,2.0,217.0
2025-12-30 06:00:00,16911,3757.912808555018,0.0,6163.087191444982,6771.0,2.0,217.0
2025-12-30 07:00:00,17834,3817.976983324363,1013.12688699806,6012.896129677577,6771.0,2.0,217.0
2025-12-30 08:00:00,18271,3733.909707764549,1129.0,6418.090292235451,6771.0,2.0,217.0
2025-12-30 09:00:00,18626,3727.252343770227,-0.0,7908.7476562297725,6771.0,2.0,217.0
2025-12-30 10:00:00,18691,3793.619022105299,0.0,7907.380977894702,6771.0,2.0,217.0
2025-12-30 11:00:00,18601,3825.3508949000393,0.0,7785.649105099961,6771.0,2.0,217.0
2025-12-30 12:00:00,18340,3774.525323344496,0.0,7575.474676655504,6771.0,2.0,217.0
2025-12-30 13:00:00,18261,2592.256391424673,0.0,8678.743608575327,6771.0,2.0,217.0
2025-12-30 14:00:00,18677,3658.426408747818,0.0,8028.573591252181,6771.0,2.0,217.0
2025-12-30 15:00:00,19173,3670.7011641813074,0.0,8536.298835818692,6747.0,2.0,217.0
2025-12-30 16:00:00,19560,3654.7637332019335,0.0,8939.236266798067,6747.0,2.0,217.0
2025-12-30 17:00:00,20155,3604.229698527161,1129.0,8365.77030147284,6837.0,2.0,217.0
2025-12-30 18:00:00,19864,3462.8903539165904,1129.0,8216.109646083409,6837.0,2.0,217.0
2025-12-30 19:00:00,19615,3371.9631687929327,680.3731130019386,8506.663718205129,6837.0,2.0,217.0
2025-12-30 20:00:00,19321,3424.0507762480584,0.0,8840.94922375194,6837.0,2.0,217.0
2025-12-30 21:00:00,18817,3411.421776481344,0.0,8349.578223518656,6837.0,2.0,217.0
2025-12-30 22:00:00,17995,3313.393282204565,0.0,7625.6067177954355,6837.0,2.0,217.0
2025-12-30 23:00:00,17273,3207.980804955036,0.0,7471.019195044964,6375.0,2.0,217.0
2025-12-31 00:00:00,16692,2020.9472245025488,0.0,8399.052775497452,6053.0,2.0,217.0
2025-12-31 01:00:00,16147,1970.6450158045132,0.0,7120.354984195486,6837.0,2.0,217.0
2025-12-31 02:00:00,15932,1776.7392966430557,0.0,7099.260703356944,6837.0,2.0,217.0
2025-12-31 03:00:00,15807,1481.9888939404525,0.0,7269.011106059548,6837.0,2.0,217.0
2025-12-31 04:00:00,16048,2568.056091049004,0.0,6423.943908950996,6837.0,2.0,217.0
2025-12-31 05:00:00,16321,2363.8667136846575,0.0,6901.133286315342,6837.0,2.0,217.0
2025-12-31 06:00:00,17109,2210.0556952229044,0.0,7842.944304777095,6837.0,2.0,217.0
2025-12-31 07:00:00,17728,2108.3514328956003,0.0,8563.6485671044,6837.0,2.0,217.0
2025-12-31 08:00:00,18016,2112.6607470713643,0.0,8995.339252928636,6689.0,2.0,217.0
2025-12-31 09:00:00,18415,2154.574004173782,0.0,9352.425995826217,6689.0,2.0,217.0
2025-12-31 10:00:00,18423,2133.5026454394792,0.0,9381.49735456052,6689.0,2.0,217.0
2025-12-31 11:00:00,18725,2213.9605230235693,1129.0,8429.039476976432,6734.0,2.0,217.0
2025-12-31 12:00:00,18745,2443.5951923494135,787.3268869980598,8458.077920652526,6837.0,2.0,217.0
2025-12-31 13:00:00,18800,2489.5765775240916,1129.0,8176.423422475909,6786.0,2.0,217.0
2025-12-31 14:00:00,18728,2423.492172123776,1129.0,8148.507827876223,6808.0,2.0,217.0
2025-12-31 15:00:00,18948,2628.2734129951345,0.0,9292.726587004865,6808.0,2.0,217.0
2025-12-31 16:00:00,19338,2988.1862179136897,0.0,9322.81378208631,6808.0,2.0,217.0
2025-12-31 17:00:00,19558,3263.0251832926324,0.0,9267.974816707367,6808.0,2.0,217.0
2025-12-31 18:00:00,19126,3420.0080482820395,0.0,8678.99195171796,6808.0,2.0,217.0
2025-12-31 19:00:00,18783,3465.166386652307,0.0,8290.833613347693,6808.0,2.0,217.0
2025-12-31 20:00:00,18294,3619.8410914502406,0.0,7721.15890854976,6734.0,2.0,217.0
2025-12-31 21:00:00,17789,3736.504961579568,0.0,7025.495038420431,6808.0,2.0,217.0
2025-12-31 22:00:00,17415,2465.0910103161536,0.0,7922.908989683847,6808.0,2.0,217.0
2025-12-31 23:00:00,16946,2329.6120908535563,0.0,7589.387909146444,6808.0,2.0,217.0
