timestamp,storage_capability_mw,observed_storage_output_mw,battery_power_utilization
2025-04-08 08:00:00,250.0,0.0,0.0
2025-04-08 09:00:00,250.0,0.0,0.0
2025-04-08 10:00:00,250.0,0.0,0.0
2025-04-08 11:00:00,250.0,0.0,0.0
2025-04-08 12:00:00,250.0,0.0,0.0
2025-04-08 13:00:00,250.0,0.0,0.0
2025-04-08 14:00:00,250.0,0.0,0.0
2025-04-08 15:00:00,250.0,0.0,0.0
2025-04-08 16:00:00,250.0,0.0,0.0
2025-04-08 17:00:00,250.0,0.0,0.0
2025-04-08 18:00:00,250.0,0.0,0.0
2025-04-08 19:00:00,250.0,0.0,0.0
2025-04-08 20:00:00,250.0,0.0,0.0
2025-04-08 21:00:00,250.0,0.0,0.0
2025-04-08 22:00:00,250.0,0.0,0.0
2025-04-08 23:00:00,250.0,0.0,0.0
2025-04-09 00:00:00,250.0,0.0,0.0
2025-04-09 01:00:00,250.0,0.0,0.0
2025-04-09 02:00:00,250.0,0.0,0.0
2025-04-09 03:00:00,250.0,0.0,0.0
2025-04-09 04:00:00,250.0,0.0,0.0
2025-04-09 05:00:00,250.0,0.0,0.0
2025-04-09 06:00:00,250.0,0.0,0.0
2025-04-09 07:00:00,250.0,0.0,0.0
2025-04-09 08:00:00,250.0,0.0,0.0
2025-04-09 09:00:00,250.0,0.0,0.0
2025-04-09 10:00:00,250.0,0.0,0.0
2025-04-09 11:00:00,250.0,0.0,0.0
2025-04-09 12:00:00,250.0,0.0,0.0
2025-04-09 13:00:00,250.0,0.0,0.0
2025-04-09 14:00:00,250.0,0.0,0.0
2025-04-09 15:00:00,250.0,0.0,0.0
2025-04-09 16:00:00,250.0,0.0,0.0
2025-04-09 17:00:00,250.0,0.0,0.0
2025-04-09 18:00:00,250.0,0.0,0.0
2025-04-09 19:00:00,250.0,0.0,0.0
2025-04-09 20:00:00,250.0,0.0,0.0
2025-04-09 21:00:00,250.0,0.0,0.0
2025-04-09 22:00:00,250.0,0.0,0.0
2025-04-09 23:00:00,250.0,0.0,0.0
2025-04-10 00:00:00,250.0,0.0,0.0
2025-04-10 01:00:00,250.0,0.0,0.0
2025-04-10 02:00:00,250.0,0.0,0.0
2025-04-10 03:00:00,250.0,0.0,0.0
2025-04-10 04:00:00,250.0,0.0,0.0
2025-04-10 05:00:00,250.0,0.0,0.0
2025-04-10 06:00:00,250.0,0.0,0.0
2025-04-10 07:00:00,250.0,0.0,0.0
2025-04-10 08:00:00,250.0,0.0,0.0
2025-04-10 09:00:00,250.0,0.0,0.0
2025-04-10 10:00:00,250.0,0.0,0.0
2025-04-10 11:00:00,250.0,0.0,0.0
2025-04-10 12:00:00,250.0,0.0,0.0
2025-04-10 13:00:00,250.0,0.0,0.0
2025-04-10 14:00:00,250.0,0.0,0.0
2025-04-10 15:00:00,250.0,0.0,0.0
2025-04-10 16:00:00,250.0,0.0,0.0
2025-04-10 17:00:00,250.0,0.0,0.0
2025-04-10 18:00:00,250.0,0.0,0.0
2025-04-10 19:00:00,0.0,0.0,0.0
2025-04-10 20:00:00,0.0,0.0,0.0
2025-04-10 21:00:00,0.0,0.0,0.0
2025-04-10 22:00:00,0.0,0.0,0.0
2025-04-10 23:00:00,0.0,0.0,0.0
2025-04-11 00:00:00,0.0,0.0,0.0
2025-04-11 01:00:00,0.0,0.0,0.0
2025-04-11 02:00:00,0.0,0.0,0.0
2025-04-11 03:00:00,0.0,0.0,0.0
2025-04-11 04:00:00,0.0,0.0,0.0
2025-04-11 05:00:00,0.0,0.0,0.0
2025-04-11 06:00:00,0.0,0.0,0.0
2025-04-11 07:00:00,0.0,0.0,0.0
2025-04-11 08:00:00,0.0,0.0,0.0
2025-04-11 09:00:00,0.0,0.0,0.0
2025-04-11 10:00:00,0.0,0.0,0.0
2025-04-11 11:00:00,0.0,0.0,0.0
2025-04-11 12:00:00,0.0,0.0,0.0
2025-04-11 13:00:00,0.0,0.0,0.0
2025-04-11 14:00:00,0.0,0.0,0.0
2025-04-11 15:00:00,0.0,1.0,0.0
2025-04-11 16:00:00,250.0,5.0,0.02
2025-04-11 17:00:00,250.0,241.0,0.964
2025-04-11 18:00:00,250.0,147.0,0.588
2025-04-11 19:00:00,250.0,0.0,0.0
2025-04-11 20:00:00,250.0,0.0,0.0
2025-04-11 21:00:00,250.0,0.0,0.0
2025-04-11 22:00:00,250.0,0.0,0.0
2025-04-11 23:00:00,250.0,0.0,0.0
2025-04-12 00:00:00,250.0,0.0,0.0
2025-04-12 01:00:00,250.0,0.0,0.0
2025-04-12 02:00:00,250.0,0.0,0.0
2025-04-12 03:00:00,250.0,0.0,0.0
2025-04-12 04:00:00,250.0,0.0,0.0
2025-04-12 05:00:00,250.0,0.0,0.0
2025-04-12 06:00:00,250.0,124.0,0.496
2025-04-12 07:00:00,250.0,25.0,0.1
2025-04-12 08:00:00,250.0,0.0,0.0
2025-04-12 09:00:00,250.0,0.0,0.0
2025-04-12 10:00:00,250.0,0.0,0.0
2025-04-12 11:00:00,250.0,0.0,0.0
2025-04-12 12:00:00,250.0,62.0,0.248
2025-04-12 13:00:00,250.0,234.0,0.936
2025-04-12 14:00:00,250.0,252.0,1.0
2025-04-12 15:00:00,250.0,252.0,1.0
2025-04-12 16:00:00,250.0,247.0,0.988
2025-04-12 17:00:00,250.0,75.0,0.3
2025-04-12 18:00:00,250.0,0.0,0.0
2025-04-12 19:00:00,250.0,0.0,0.0
2025-04-12 20:00:00,250.0,0.0,0.0
2025-04-12 21:00:00,250.0,0.0,0.0
2025-04-12 22:00:00,250.0,0.0,0.0
2025-04-12 23:00:00,250.0,0.0,0.0
2025-04-13 00:00:00,250.0,0.0,0.0
2025-04-13 01:00:00,250.0,0.0,0.0
2025-04-13 02:00:00,250.0,0.0,0.0
2025-04-13 03:00:00,250.0,0.0,0.0
2025-04-13 04:00:00,250.0,0.0,0.0
2025-04-13 05:00:00,250.0,0.0,0.0
2025-04-13 06:00:00,250.0,0.0,0.0
2025-04-13 07:00:00,250.0,0.0,0.0
2025-04-13 08:00:00,250.0,0.0,0.0
2025-04-13 09:00:00,250.0,0.0,0.0
2025-04-13 10:00:00,250.0,0.0,0.0
2025-04-13 11:00:00,250.0,0.0,0.0
2025-04-13 12:00:00,250.0,0.0,0.0
2025-04-13 13:00:00,250.0,0.0,0.0
2025-04-13 14:00:00,250.0,0.0,0.0
2025-04-13 15:00:00,250.0,0.0,0.0
2025-04-13 16:00:00,250.0,0.0,0.0
2025-04-13 17:00:00,250.0,0.0,0.0
2025-04-13 18:00:00,250.0,0.0,0.0
2025-04-13 19:00:00,250.0,0.0,0.0
2025-04-13 20:00:00,250.0,0.0,0.0
2025-04-13 21:00:00,250.0,0.0,0.0
2025-04-13 22:00:00,250.0,0.0,0.0
2025-04-13 23:00:00,250.0,0.0,0.0
2025-04-14 00:00:00,250.0,0.0,0.0
2025-04-14 01:00:00,250.0,0.0,0.0
2025-04-14 02:00:00,250.0,0.0,0.0
2025-04-14 03:00:00,250.0,0.0,0.0
2025-04-14 04:00:00,250.0,0.0,0.0
2025-04-14 05:00:00,250.0,0.0,0.0
2025-04-14 06:00:00,250.0,0.0,0.0
2025-04-14 07:00:00,250.0,0.0,0.0
2025-04-14 08:00:00,250.0,0.0,0.0
2025-04-14 09:00:00,250.0,0.0,0.0
2025-04-14 10:00:00,250.0,0.0,0.0
2025-04-14 11:00:00,250.0,0.0,0.0
2025-04-14 12:00:00,250.0,0.0,0.0
2025-04-14 13:00:00,250.0,0.0,0.0
2025-04-14 14:00:00,250.0,0.0,0.0
2025-04-14 15:00:00,250.0,0.0,0.0
2025-04-14 16:00:00,250.0,0.0,0.0
2025-04-14 17:00:00,250.0,0.0,0.0
2025-04-14 18:00:00,250.0,0.0,0.0
2025-04-14 19:00:00,250.0,0.0,0.0
2025-04-14 20:00:00,250.0,0.0,0.0
2025-04-14 21:00:00,250.0,0.0,0.0
2025-04-14 22:00:00,250.0,0.0,0.0
2025-04-14 23:00:00,250.0,0.0,0.0
2025-04-15 00:00:00,250.0,0.0,0.0
2025-04-15 01:00:00,250.0,0.0,0.0
2025-04-15 02:00:00,250.0,0.0,0.0
2025-04-15 03:00:00,250.0,0.0,0.0
2025-04-15 04:00:00,250.0,0.0,0.0
2025-04-15 05:00:00,250.0,0.0,0.0
2025-04-15 06:00:00,250.0,0.0,0.0
2025-04-15 07:00:00,250.0,0.0,0.0
2025-04-15 08:00:00,250.0,0.0,0.0
2025-04-15 09:00:00,250.0,0.0,0.0
2025-04-15 10:00:00,250.0,0.0,0.0
2025-04-15 11:00:00,250.0,0.0,0.0
2025-04-15 12:00:00,250.0,0.0,0.0
2025-04-15 13:00:00,250.0,0.0,0.0
2025-04-15 14:00:00,250.0,0.0,0.0
2025-04-15 15:00:00,250.0,0.0,0.0
2025-04-15 16:00:00,250.0,0.0,0.0
2025-04-15 17:00:00,250.0,0.0,0.0
2025-04-15 18:00:00,250.0,0.0,0.0
2025-04-15 19:00:00,250.0,0.0,0.0
2025-04-15 20:00:00,250.0,0.0,0.0
2025-04-15 21:00:00,250.0,0.0,0.0
2025-04-15 22:00:00,250.0,0.0,0.0
2025-04-15 23:00:00,250.0,0.0,0.0
2025-04-16 00:00:00,250.0,0.0,0.0
2025-04-16 01:00:00,250.0,0.0,0.0
2025-04-16 02:00:00,250.0,0.0,0.0
2025-04-16 03:00:00,250.0,0.0,0.0
2025-04-16 04:00:00,250.0,0.0,0.0
2025-04-16 05:00:00,250.0,0.0,0.0
2025-04-16 06:00:00,250.0,0.0,0.0
2025-04-16 07:00:00,250.0,0.0,0.0
2025-04-16 08:00:00,250.0,0.0,0.0
2025-04-16 09:00:00,250.0,0.0,0.0
2025-04-16 10:00:00,250.0,0.0,0.0
2025-04-16 11:00:00,250.0,0.0,0.0
2025-04-16 12:00:00,250.0,0.0,0.0
2025-04-16 13:00:00,250.0,0.0,0.0
2025-04-16 14:00:00,250.0,0.0,0.0
2025-04-16 15:00:00,250.0,0.0,0.0
2025-04-16 16:00:00,250.0,0.0,0.0
2025-04-16 17:00:00,250.0,0.0,0.0
2025-04-16 18:00:00,250.0,0.0,0.0
2025-04-16 19:00:00,250.0,0.0,0.0
2025-04-16 20:00:00,250.0,0.0,0.0
2025-04-16 21:00:00,250.0,0.0,0.0
2025-04-16 22:00:00,250.0,0.0,0.0
2025-04-16 23:00:00,250.0,0.0,0.0
2025-04-17 00:00:00,250.0,0.0,0.0
2025-04-17 01:00:00,250.0,0.0,0.0
2025-04-17 02:00:00,250.0,0.0,0.0
2025-04-17 03:00:00,250.0,0.0,0.0
2025-04-17 04:00:00,250.0,0.0,0.0
2025-04-17 05:00:00,250.0,0.0,0.0
2025-04-17 06:00:00,250.0,0.0,0.0
2025-04-17 07:00:00,250.0,0.0,0.0
2025-04-17 08:00:00,250.0,0.0,0.0
2025-04-17 09:00:00,250.0,0.0,0.0
2025-04-17 10:00:00,250.0,0.0,0.0
2025-04-17 11:00:00,250.0,0.0,0.0
2025-04-17 12:00:00,250.0,0.0,0.0
2025-04-17 13:00:00,250.0,0.0,0.0
2025-04-17 14:00:00,250.0,0.0,0.0
2025-04-17 15:00:00,250.0,0.0,0.0
2025-04-17 16:00:00,250.0,0.0,0.0
2025-04-17 17:00:00,250.0,0.0,0.0
2025-04-17 18:00:00,250.0,0.0,0.0
2025-04-17 19:00:00,250.0,0.0,0.0
2025-04-17 20:00:00,250.0,0.0,0.0
2025-04-17 21:00:00,250.0,0.0,0.0
2025-04-17 22:00:00,250.0,0.0,0.0
2025-04-17 23:00:00,250.0,0.0,0.0
2025-04-18 00:00:00,250.0,0.0,0.0
2025-04-18 01:00:00,250.0,0.0,0.0
2025-04-18 02:00:00,250.0,0.0,0.0
2025-04-18 03:00:00,250.0,0.0,0.0
2025-04-18 04:00:00,250.0,0.0,0.0
2025-04-18 05:00:00,250.0,0.0,0.0
2025-04-18 06:00:00,250.0,0.0,0.0
2025-04-18 07:00:00,250.0,0.0,0.0
2025-04-18 08:00:00,250.0,0.0,0.0
2025-04-18 09:00:00,250.0,0.0,0.0
2025-04-18 10:00:00,250.0,0.0,0.0
2025-04-18 11:00:00,250.0,0.0,0.0
2025-04-18 12:00:00,250.0,0.0,0.0
2025-04-18 13:00:00,250.0,0.0,0.0
2025-04-18 14:00:00,250.0,0.0,0.0
2025-04-18 15:00:00,250.0,0.0,0.0
2025-04-18 16:00:00,250.0,0.0,0.0
2025-04-18 17:00:00,250.0,0.0,0.0
2025-04-18 18:00:00,250.0,0.0,0.0
2025-04-18 19:00:00,250.0,0.0,0.0
2025-04-18 20:00:00,250.0,0.0,0.0
2025-04-18 21:00:00,250.0,0.0,0.0
2025-04-18 22:00:00,250.0,0.0,0.0
2025-04-18 23:00:00,250.0,0.0,0.0
2025-04-19 00:00:00,250.0,0.0,0.0
2025-04-19 01:00:00,250.0,0.0,0.0
2025-04-19 02:00:00,250.0,0.0,0.0
2025-04-19 03:00:00,250.0,0.0,0.0
2025-04-19 04:00:00,250.0,0.0,0.0
2025-04-19 05:00:00,250.0,0.0,0.0
2025-04-19 06:00:00,250.0,0.0,0.0
2025-04-19 07:00:00,250.0,0.0,0.0
2025-04-19 08:00:00,250.0,1.0,0.004
2025-04-19 09:00:00,250.0,0.0,0.0
2025-04-19 10:00:00,250.0,0.0,0.0
2025-04-19 11:00:00,250.0,0.0,0.0
2025-04-19 12:00:00,250.0,0.0,0.0
2025-04-19 13:00:00,250.0,0.0,0.0
2025-04-19 14:00:00,250.0,0.0,0.0
2025-04-19 15:00:00,250.0,0.0,0.0
2025-04-19 16:00:00,250.0,0.0,0.0
2025-04-19 17:00:00,250.0,0.0,0.0
2025-04-19 18:00:00,250.0,0.0,0.0
2025-04-19 19:00:00,250.0,0.0,0.0
2025-04-19 20:00:00,250.0,0.0,0.0
2025-04-19 21:00:00,250.0,0.0,0.0
2025-04-19 22:00:00,250.0,0.0,0.0
2025-04-19 23:00:00,250.0,0.0,0.0
2025-04-20 00:00:00,250.0,0.0,0.0
2025-04-20 01:00:00,250.0,0.0,0.0
2025-04-20 02:00:00,250.0,0.0,0.0
2025-04-20 03:00:00,250.0,0.0,0.0
2025-04-20 04:00:00,250.0,0.0,0.0
2025-04-20 05:00:00,250.0,0.0,0.0
2025-04-20 06:00:00,250.0,0.0,0.0
2025-04-20 07:00:00,250.0,0.0,0.0
2025-04-20 08:00:00,250.0,0.0,0.0
2025-04-20 09:00:00,250.0,0.0,0.0
2025-04-20 10:00:00,250.0,0.0,0.0
2025-04-20 11:00:00,250.0,0.0,0.0
2025-04-20 12:00:00,250.0,0.0,0.0
2025-04-20 13:00:00,250.0,0.0,0.0
2025-04-20 14:00:00,250.0,0.0,0.0
2025-04-20 15:00:00,250.0,0.0,0.0
2025-04-20 16:00:00,250.0,0.0,0.0
2025-04-20 17:00:00,250.0,0.0,0.0
2025-04-20 18:00:00,250.0,0.0,0.0
2025-04-20 19:00:00,250.0,0.0,0.0
2025-04-20 20:00:00,250.0,0.0,0.0
2025-04-20 21:00:00,250.0,0.0,0.0
2025-04-20 22:00:00,250.0,0.0,0.0
2025-04-20 23:00:00,250.0,0.0,0.0
2025-04-21 00:00:00,250.0,0.0,0.0
2025-04-21 01:00:00,250.0,0.0,0.0
2025-04-21 02:00:00,250.0,0.0,0.0
2025-04-21 03:00:00,250.0,0.0,0.0
2025-04-21 04:00:00,250.0,0.0,0.0
2025-04-21 05:00:00,250.0,0.0,0.0
2025-04-21 06:00:00,250.0,0.0,0.0
2025-04-21 07:00:00,250.0,0.0,0.0
2025-04-21 08:00:00,250.0,0.0,0.0
2025-04-21 09:00:00,250.0,0.0,0.0
2025-04-21 10:00:00,250.0,0.0,0.0
2025-04-21 11:00:00,250.0,0.0,0.0
2025-04-21 12:00:00,250.0,0.0,0.0
2025-04-21 13:00:00,250.0,0.0,0.0
2025-04-21 14:00:00,250.0,0.0,0.0
2025-04-21 15:00:00,250.0,0.0,0.0
2025-04-21 16:00:00,250.0,0.0,0.0
2025-04-21 17:00:00,250.0,0.0,0.0
2025-04-21 18:00:00,250.0,0.0,0.0
2025-04-21 19:00:00,250.0,0.0,0.0
2025-04-21 20:00:00,250.0,0.0,0.0
2025-04-21 21:00:00,250.0,0.0,0.0
2025-04-21 22:00:00,250.0,0.0,0.0
2025-04-21 23:00:00,250.0,0.0,0.0
2025-04-22 00:00:00,250.0,0.0,0.0
2025-04-22 01:00:00,250.0,0.0,0.0
2025-04-22 02:00:00,250.0,0.0,0.0
2025-04-22 03:00:00,250.0,0.0,0.0
2025-04-22 04:00:00,250.0,0.0,0.0
2025-04-22 05:00:00,250.0,0.0,0.0
2025-04-22 06:00:00,250.0,0.0,0.0
2025-04-22 07:00:00,250.0,0.0,0.0
2025-04-22 08:00:00,250.0,0.0,0.0
2025-04-22 09:00:00,125.0,0.0,0.0
2025-04-22 10:00:00,125.0,0.0,0.0
2025-04-22 11:00:00,125.0,0.0,0.0
2025-04-22 12:00:00,125.0,0.0,0.0
2025-04-22 13:00:00,125.0,0.0,0.0
2025-04-22 14:00:00,125.0,0.0,0.0
2025-04-22 15:00:00,250.0,0.0,0.0
2025-04-22 16:00:00,250.0,0.0,0.0
2025-04-22 17:00:00,250.0,0.0,0.0
2025-04-22 18:00:00,250.0,0.0,0.0
2025-04-22 19:00:00,250.0,0.0,0.0
2025-04-22 20:00:00,250.0,0.0,0.0
2025-04-22 21:00:00,250.0,0.0,0.0
2025-04-22 22:00:00,250.0,0.0,0.0
2025-04-22 23:00:00,250.0,0.0,0.0
2025-04-23 00:00:00,250.0,0.0,0.0
2025-04-23 01:00:00,250.0,0.0,0.0
2025-04-23 02:00:00,250.0,0.0,0.0
2025-04-23 03:00:00,250.0,0.0,0.0
2025-04-23 04:00:00,250.0,0.0,0.0
2025-04-23 05:00:00,250.0,0.0,0.0
2025-04-23 06:00:00,250.0,0.0,0.0
2025-04-23 07:00:00,250.0,0.0,0.0
2025-04-23 08:00:00,250.0,0.0,0.0
2025-04-23 09:00:00,250.0,2.0,0.008
2025-04-23 10:00:00,250.0,0.0,0.0
2025-04-23 11:00:00,250.0,1.0,0.004
2025-04-23 12:00:00,250.0,1.0,0.004
2025-04-23 13:00:00,250.0,1.0,0.004
2025-04-23 14:00:00,250.0,1.0,0.004
2025-04-23 15:00:00,250.0,0.0,0.0
2025-04-23 16:00:00,250.0,0.0,0.0
2025-04-23 17:00:00,250.0,0.0,0.0
2025-04-23 18:00:00,250.0,0.0,0.0
2025-04-23 19:00:00,250.0,0.0,0.0
2025-04-23 20:00:00,250.0,0.0,0.0
2025-04-23 21:00:00,250.0,1.0,0.004
2025-04-23 22:00:00,250.0,1.0,0.004
2025-04-23 23:00:00,250.0,1.0,0.004
2025-04-24 00:00:00,250.0,1.0,0.004
2025-04-24 01:00:00,250.0,1.0,0.004
2025-04-24 02:00:00,250.0,0.0,0.0
2025-04-24 03:00:00,250.0,1.0,0.004
2025-04-24 04:00:00,250.0,1.0,0.004
2025-04-24 05:00:00,250.0,1.0,0.004
2025-04-24 06:00:00,250.0,0.0,0.0
2025-04-24 07:00:00,250.0,1.0,0.004
2025-04-24 08:00:00,250.0,1.0,0.004
2025-04-24 09:00:00,250.0,0.0,0.0
2025-04-24 10:00:00,250.0,0.0,0.0
2025-04-24 11:00:00,250.0,0.0,0.0
2025-04-24 12:00:00,250.0,0.0,0.0
2025-04-24 13:00:00,250.0,0.0,0.0
2025-04-24 14:00:00,250.0,1.0,0.004
2025-04-24 15:00:00,250.0,0.0,0.0
2025-04-24 16:00:00,250.0,10.0,0.04
2025-04-24 17:00:00,250.0,0.0,0.0
2025-04-24 18:00:00,250.0,33.0,0.132
2025-04-24 19:00:00,250.0,1.0,0.004
2025-04-24 20:00:00,250.0,0.0,0.0
2025-04-24 21:00:00,250.0,0.0,0.0
2025-04-24 22:00:00,250.0,0.0,0.0
2025-04-24 23:00:00,250.0,0.0,0.0
2025-04-25 00:00:00,250.0,1.0,0.004
2025-04-25 01:00:00,250.0,1.0,0.004
2025-04-25 02:00:00,250.0,1.0,0.004
2025-04-25 03:00:00,250.0,1.0,0.004
2025-04-25 04:00:00,250.0,1.0,0.004
2025-04-25 05:00:00,250.0,1.0,0.004
2025-04-25 06:00:00,250.0,0.0,0.0
2025-04-25 07:00:00,250.0,0.0,0.0
2025-04-25 08:00:00,250.0,0.0,0.0
2025-04-25 09:00:00,250.0,0.0,0.0
2025-04-25 10:00:00,250.0,1.0,0.004
2025-04-25 11:00:00,250.0,0.0,0.0
2025-04-25 12:00:00,250.0,0.0,0.0
2025-04-25 13:00:00,250.0,1.0,0.004
2025-04-25 14:00:00,250.0,0.0,0.0
2025-04-25 15:00:00,250.0,0.0,0.0
2025-04-25 16:00:00,250.0,0.0,0.0
2025-04-25 17:00:00,250.0,39.0,0.156
2025-04-25 18:00:00,250.0,36.0,0.144
2025-04-25 19:00:00,250.0,1.0,0.004
2025-04-25 20:00:00,250.0,0.0,0.0
2025-04-25 21:00:00,250.0,0.0,0.0
2025-04-25 22:00:00,250.0,0.0,0.0
2025-04-25 23:00:00,250.0,0.0,0.0
2025-04-26 00:00:00,250.0,0.0,0.0
2025-04-26 01:00:00,250.0,1.0,0.004
2025-04-26 02:00:00,250.0,0.0,0.0
2025-04-26 03:00:00,250.0,0.0,0.0
2025-04-26 04:00:00,250.0,0.0,0.0
2025-04-26 05:00:00,250.0,0.0,0.0
2025-04-26 06:00:00,250.0,1.0,0.004
2025-04-26 07:00:00,250.0,0.0,0.0
2025-04-26 08:00:00,250.0,0.0,0.0
2025-04-26 09:00:00,250.0,0.0,0.0
2025-04-26 10:00:00,250.0,0.0,0.0
2025-04-26 11:00:00,250.0,1.0,0.004
2025-04-26 12:00:00,250.0,0.0,0.0
2025-04-26 13:00:00,250.0,1.0,0.004
2025-04-26 14:00:00,250.0,0.0,0.0
2025-04-26 15:00:00,250.0,0.0,0.0
2025-04-26 16:00:00,250.0,1.0,0.004
2025-04-26 17:00:00,250.0,0.0,0.0
2025-04-26 18:00:00,250.0,1.0,0.004
2025-04-26 19:00:00,250.0,93.0,0.372
2025-04-26 20:00:00,250.0,0.0,0.0
2025-04-26 21:00:00,250.0,0.0,0.0
2025-04-26 22:00:00,250.0,0.0,0.0
2025-04-26 23:00:00,250.0,1.0,0.004
2025-04-27 00:00:00,250.0,1.0,0.004
2025-04-27 01:00:00,250.0,0.0,0.0
2025-04-27 02:00:00,250.0,0.0,0.0
2025-04-27 03:00:00,250.0,1.0,0.004
2025-04-27 04:00:00,250.0,0.0,0.0
2025-04-27 05:00:00,250.0,0.0,0.0
2025-04-27 06:00:00,250.0,1.0,0.004
2025-04-27 07:00:00,250.0,0.0,0.0
2025-04-27 08:00:00,250.0,1.0,0.004
2025-04-27 09:00:00,250.0,0.0,0.0
2025-04-27 10:00:00,250.0,0.0,0.0
2025-04-27 11:00:00,250.0,1.0,0.004
2025-04-27 12:00:00,250.0,1.0,0.004
2025-04-27 13:00:00,250.0,1.0,0.004
2025-04-27 14:00:00,250.0,0.0,0.0
2025-04-27 15:00:00,250.0,1.0,0.004
2025-04-27 16:00:00,250.0,1.0,0.004
2025-04-27 17:00:00,250.0,1.0,0.004
2025-04-27 18:00:00,250.0,1.0,0.004
2025-04-27 19:00:00,250.0,1.0,0.004
2025-04-27 20:00:00,250.0,0.0,0.0
2025-04-27 21:00:00,250.0,0.0,0.0
2025-04-27 22:00:00,250.0,0.0,0.0
2025-04-27 23:00:00,250.0,0.0,0.0
2025-04-28 00:00:00,250.0,0.0,0.0
2025-04-28 01:00:00,250.0,0.0,0.0
2025-04-28 02:00:00,250.0,0.0,0.0
2025-04-28 03:00:00,250.0,0.0,0.0
2025-04-28 04:00:00,250.0,0.0,0.0
2025-04-28 05:00:00,250.0,1.0,0.004
2025-04-28 06:00:00,250.0,0.0,0.0
2025-04-28 07:00:00,250.0,0.0,0.0
2025-04-28 08:00:00,250.0,0.0,0.0
2025-04-28 09:00:00,250.0,0.0,0.0
2025-04-28 10:00:00,250.0,0.0,0.0
2025-04-28 11:00:00,250.0,0.0,0.0
2025-04-28 12:00:00,250.0,1.0,0.004
2025-04-28 13:00:00,250.0,0.0,0.0
2025-04-28 14:00:00,250.0,0.0,0.0
2025-04-28 15:00:00,250.0,0.0,0.0
2025-04-28 16:00:00,250.0,1.0,0.004
2025-04-28 17:00:00,250.0,1.0,0.004
2025-04-28 18:00:00,250.0,1.0,0.004
2025-04-28 19:00:00,250.0,0.0,0.0
2025-04-28 20:00:00,250.0,1.0,0.004
2025-04-28 21:00:00,250.0,0.0,0.0
2025-04-28 22:00:00,250.0,0.0,0.0
2025-04-28 23:00:00,250.0,1.0,0.004
2025-04-29 00:00:00,250.0,1.0,0.004
2025-04-29 01:00:00,250.0,0.0,0.0
2025-04-29 02:00:00,250.0,0.0,0.0
2025-04-29 03:00:00,250.0,0.0,0.0
2025-04-29 04:00:00,250.0,1.0,0.004
2025-04-29 05:00:00,250.0,1.0,0.004
2025-04-29 06:00:00,250.0,0.0,0.0
2025-04-29 07:00:00,250.0,0.0,0.0
2025-04-29 08:00:00,250.0,1.0,0.004
2025-04-29 09:00:00,250.0,0.0,0.0
2025-04-29 10:00:00,250.0,1.0,0.004
2025-04-29 11:00:00,250.0,1.0,0.004
2025-04-29 12:00:00,250.0,1.0,0.004
2025-04-29 13:00:00,250.0,1.0,0.004
2025-04-29 14:00:00,250.0,1.0,0.004
2025-04-29 15:00:00,250.0,1.0,0.004
2025-04-29 16:00:00,250.0,1.0,0.004
2025-04-29 17:00:00,250.0,1.0,0.004
2025-04-29 18:00:00,250.0,2.0,0.008
2025-04-29 19:00:00,250.0,2.0,0.008
2025-04-29 20:00:00,250.0,1.0,0.004
2025-04-29 21:00:00,250.0,1.0,0.004
2025-04-29 22:00:00,250.0,0.0,0.0
2025-04-29 23:00:00,250.0,0.0,0.0
2025-04-30 00:00:00,250.0,1.0,0.004
2025-04-30 01:00:00,250.0,1.0,0.004
2025-04-30 02:00:00,250.0,1.0,0.004
2025-04-30 03:00:00,250.0,1.0,0.004
2025-04-30 04:00:00,250.0,1.0,0.004
2025-04-30 05:00:00,250.0,0.0,0.0
2025-04-30 06:00:00,250.0,0.0,0.0
2025-04-30 07:00:00,250.0,0.0,0.0
2025-04-30 08:00:00,250.0,0.0,0.0
2025-04-30 09:00:00,250.0,0.0,0.0
2025-04-30 10:00:00,250.0,1.0,0.004
2025-04-30 11:00:00,250.0,1.0,0.004
2025-04-30 12:00:00,250.0,1.0,0.004
2025-04-30 13:00:00,250.0,0.0,0.0
2025-04-30 14:00:00,250.0,1.0,0.004
2025-04-30 15:00:00,250.0,1.0,0.004
2025-04-30 16:00:00,250.0,0.0,0.0
2025-04-30 17:00:00,250.0,1.0,0.004
2025-04-30 18:00:00,250.0,1.0,0.004
2025-04-30 19:00:00,250.0,1.0,0.004
2025-04-30 20:00:00,250.0,0.0,0.0
2025-04-30 21:00:00,250.0,0.0,0.0
2025-04-30 22:00:00,250.0,0.0,0.0
2025-04-30 23:00:00,250.0,1.0,0.004
2025-05-01 00:00:00,250.0,1.0,0.004
2025-05-01 01:00:00,250.0,0.0,0.0
2025-05-01 02:00:00,250.0,1.0,0.004
2025-05-01 03:00:00,250.0,0.0,0.0
2025-05-01 04:00:00,250.0,1.0,0.004
2025-05-01 05:00:00,250.0,0.0,0.0
2025-05-01 06:00:00,250.0,0.0,0.0
2025-05-01 07:00:00,250.0,0.0,0.0
2025-05-01 08:00:00,250.0,0.0,0.0
2025-05-01 09:00:00,250.0,0.0,0.0
2025-05-01 10:00:00,250.0,0.0,0.0
2025-05-01 11:00:00,250.0,1.0,0.004
2025-05-01 12:00:00,250.0,0.0,0.0
2025-05-01 13:00:00,250.0,14.0,0.056
2025-05-01 14:00:00,250.0,109.0,0.436
2025-05-01 15:00:00,250.0,41.0,0.164
2025-05-01 16:00:00,250.0,1.0,0.004
2025-05-01 17:00:00,250.0,0.0,0.0
2025-05-01 18:00:00,250.0,1.0,0.004
2025-05-01 19:00:00,250.0,0.0,0.0
2025-05-01 20:00:00,250.0,0.0,0.0
2025-05-01 21:00:00,250.0,0.0,0.0
2025-05-01 22:00:00,250.0,0.0,0.0
2025-05-01 23:00:00,250.0,0.0,0.0
2025-05-02 00:00:00,250.0,1.0,0.004
2025-05-02 01:00:00,250.0,0.0,0.0
2025-05-02 02:00:00,250.0,1.0,0.004
2025-05-02 03:00:00,250.0,0.0,0.0
2025-05-02 04:00:00,250.0,1.0,0.004
2025-05-02 05:00:00,250.0,0.0,0.0
2025-05-02 06:00:00,250.0,1.0,0.004
2025-05-02 07:00:00,250.0,1.0,0.004
2025-05-02 08:00:00,250.0,0.0,0.0
2025-05-02 09:00:00,250.0,1.0,0.004
2025-05-02 10:00:00,250.0,1.0,0.004
2025-05-02 11:00:00,250.0,68.0,0.272
2025-05-02 12:00:00,250.0,3.0,0.012
2025-05-02 13:00:00,250.0,0.0,0.0
2025-05-02 14:00:00,250.0,1.0,0.004
2025-05-02 15:00:00,250.0,0.0,0.0
2025-05-02 16:00:00,250.0,0.0,0.0
2025-05-02 17:00:00,250.0,0.0,0.0
2025-05-02 18:00:00,250.0,0.0,0.0
2025-05-02 19:00:00,250.0,1.0,0.004
2025-05-02 20:00:00,250.0,11.0,0.044
2025-05-02 21:00:00,250.0,0.0,0.0
2025-05-02 22:00:00,250.0,0.0,0.0
2025-05-02 23:00:00,250.0,0.0,0.0
2025-05-03 00:00:00,250.0,1.0,0.004
2025-05-03 01:00:00,250.0,1.0,0.004
2025-05-03 02:00:00,250.0,1.0,0.004
2025-05-03 03:00:00,250.0,0.0,0.0
2025-05-03 04:00:00,250.0,0.0,0.0
2025-05-03 05:00:00,250.0,0.0,0.0
2025-05-03 06:00:00,250.0,0.0,0.0
2025-05-03 07:00:00,250.0,0.0,0.0
2025-05-03 08:00:00,250.0,28.0,0.112
2025-05-03 09:00:00,250.0,39.0,0.156
2025-05-03 10:00:00,250.0,9.0,0.036
2025-05-03 11:00:00,250.0,0.0,0.0
2025-05-03 12:00:00,250.0,1.0,0.004
2025-05-03 13:00:00,250.0,1.0,0.004
2025-05-03 14:00:00,250.0,1.0,0.004
2025-05-03 15:00:00,250.0,7.0,0.028
2025-05-03 16:00:00,250.0,8.0,0.032
2025-05-03 17:00:00,250.0,0.0,0.0
2025-05-03 18:00:00,250.0,1.0,0.004
2025-05-03 19:00:00,250.0,1.0,0.004
2025-05-03 20:00:00,250.0,17.0,0.068
2025-05-03 21:00:00,250.0,1.0,0.004
2025-05-03 22:00:00,250.0,0.0,0.0
2025-05-03 23:00:00,250.0,0.0,0.0
2025-05-04 00:00:00,250.0,0.0,0.0
2025-05-04 01:00:00,250.0,0.0,0.0
2025-05-04 02:00:00,250.0,0.0,0.0
2025-05-04 03:00:00,250.0,0.0,0.0
2025-05-04 04:00:00,250.0,0.0,0.0
2025-05-04 05:00:00,250.0,1.0,0.004
2025-05-04 06:00:00,250.0,1.0,0.004
2025-05-04 07:00:00,250.0,0.0,0.0
2025-05-04 08:00:00,250.0,0.0,0.0
2025-05-04 09:00:00,250.0,1.0,0.004
2025-05-04 10:00:00,250.0,0.0,0.0
2025-05-04 11:00:00,250.0,0.0,0.0
2025-05-04 12:00:00,250.0,0.0,0.0
2025-05-04 13:00:00,250.0,0.0,0.0
2025-05-04 14:00:00,250.0,1.0,0.004
2025-05-04 15:00:00,250.0,0.0,0.0
2025-05-04 16:00:00,250.0,1.0,0.004
2025-05-04 17:00:00,250.0,1.0,0.004
2025-05-04 18:00:00,250.0,12.0,0.048
2025-05-04 19:00:00,250.0,1.0,0.004
2025-05-04 20:00:00,250.0,3.0,0.012
2025-05-04 21:00:00,250.0,1.0,0.004
2025-05-04 22:00:00,250.0,0.0,0.0
2025-05-04 23:00:00,250.0,0.0,0.0
2025-05-05 00:00:00,250.0,1.0,0.004
2025-05-05 01:00:00,250.0,0.0,0.0
2025-05-05 02:00:00,250.0,0.0,0.0
2025-05-05 03:00:00,250.0,0.0,0.0
2025-05-05 04:00:00,250.0,0.0,0.0
2025-05-05 05:00:00,250.0,1.0,0.004
2025-05-05 06:00:00,250.0,1.0,0.004
2025-05-05 07:00:00,250.0,0.0,0.0
2025-05-05 08:00:00,250.0,3.0,0.012
2025-05-05 09:00:00,250.0,0.0,0.0
2025-05-05 10:00:00,250.0,2.0,0.008
2025-05-05 11:00:00,250.0,5.0,0.02
2025-05-05 12:00:00,250.0,0.0,0.0
2025-05-05 13:00:00,250.0,1.0,0.004
2025-05-05 14:00:00,250.0,65.0,0.26
2025-05-05 15:00:00,250.0,121.0,0.484
2025-05-05 16:00:00,250.0,60.0,0.24
2025-05-05 17:00:00,250.0,13.0,0.052
2025-05-05 18:00:00,250.0,37.0,0.148
2025-05-05 19:00:00,250.0,0.0,0.0
2025-05-05 20:00:00,250.0,0.0,0.0
2025-05-05 21:00:00,250.0,0.0,0.0
2025-05-05 22:00:00,250.0,0.0,0.0
2025-05-05 23:00:00,250.0,0.0,0.0
2025-05-06 00:00:00,250.0,0.0,0.0
2025-05-06 01:00:00,250.0,0.0,0.0
2025-05-06 02:00:00,250.0,1.0,0.004
2025-05-06 03:00:00,250.0,1.0,0.004
2025-05-06 04:00:00,250.0,1.0,0.004
2025-05-06 05:00:00,250.0,1.0,0.004
2025-05-06 06:00:00,250.0,0.0,0.0
2025-05-06 07:00:00,250.0,0.0,0.0
2025-05-06 08:00:00,250.0,0.0,0.0
2025-05-06 09:00:00,250.0,0.0,0.0
2025-05-06 10:00:00,250.0,1.0,0.004
2025-05-06 11:00:00,250.0,0.0,0.0
2025-05-06 12:00:00,250.0,0.0,0.0
2025-05-06 13:00:00,250.0,2.0,0.008
2025-05-06 14:00:00,250.0,0.0,0.0
2025-05-06 15:00:00,250.0,0.0,0.0
2025-05-06 16:00:00,250.0,25.0,0.1
2025-05-06 17:00:00,250.0,47.0,0.188
2025-05-06 18:00:00,250.0,24.0,0.096
2025-05-06 19:00:00,250.0,14.0,0.056
2025-05-06 20:00:00,250.0,6.0,0.024
2025-05-06 21:00:00,250.0,0.0,0.0
2025-05-06 22:00:00,250.0,0.0,0.0
2025-05-06 23:00:00,250.0,1.0,0.004
2025-05-07 00:00:00,250.0,1.0,0.004
2025-05-07 01:00:00,250.0,1.0,0.004
2025-05-07 02:00:00,250.0,1.0,0.004
2025-05-07 03:00:00,250.0,0.0,0.0
2025-05-07 04:00:00,250.0,1.0,0.004
2025-05-07 05:00:00,250.0,1.0,0.004
2025-05-07 06:00:00,235.0,58.0,0.24680851063829787
2025-05-07 07:00:00,250.0,219.0,0.876
2025-05-07 08:00:00,250.0,11.0,0.044
2025-05-07 09:00:00,250.0,0.0,0.0
2025-05-07 10:00:00,250.0,1.0,0.004
2025-05-07 11:00:00,250.0,0.0,0.0
2025-05-07 12:00:00,250.0,1.0,0.004
2025-05-07 13:00:00,250.0,28.0,0.112
2025-05-07 14:00:00,250.0,165.0,0.66
2025-05-07 15:00:00,250.0,20.0,0.08
2025-05-07 16:00:00,250.0,1.0,0.004
2025-05-07 17:00:00,250.0,1.0,0.004
2025-05-07 18:00:00,250.0,35.0,0.14
2025-05-07 19:00:00,250.0,50.0,0.2
2025-05-07 20:00:00,250.0,59.0,0.236
2025-05-07 21:00:00,250.0,1.0,0.004
2025-05-07 22:00:00,250.0,0.0,0.0
2025-05-07 23:00:00,250.0,0.0,0.0
2025-05-08 00:00:00,250.0,0.0,0.0
2025-05-08 01:00:00,250.0,0.0,0.0
2025-05-08 02:00:00,250.0,0.0,0.0
2025-05-08 03:00:00,250.0,0.0,0.0
2025-05-08 04:00:00,250.0,0.0,0.0
2025-05-08 05:00:00,250.0,1.0,0.004
2025-05-08 06:00:00,250.0,0.0,0.0
2025-05-08 07:00:00,250.0,1.0,0.004
2025-05-08 08:00:00,250.0,7.0,0.028
2025-05-08 09:00:00,250.0,25.0,0.1
2025-05-08 10:00:00,250.0,42.0,0.168
2025-05-08 11:00:00,250.0,1.0,0.004
2025-05-08 12:00:00,250.0,0.0,0.0
2025-05-08 13:00:00,250.0,1.0,0.004
2025-05-08 14:00:00,250.0,1.0,0.004
2025-05-08 15:00:00,250.0,1.0,0.004
2025-05-08 16:00:00,250.0,1.0,0.004
2025-05-08 17:00:00,250.0,151.0,0.604
2025-05-08 18:00:00,250.0,229.0,0.916
2025-05-08 19:00:00,250.0,184.0,0.736
2025-05-08 20:00:00,250.0,184.0,0.736
2025-05-08 21:00:00,250.0,81.0,0.324
2025-05-08 22:00:00,250.0,0.0,0.0
2025-05-08 23:00:00,250.0,0.0,0.0
2025-05-09 00:00:00,250.0,0.0,0.0
2025-05-09 01:00:00,250.0,0.0,0.0
2025-05-09 02:00:00,250.0,0.0,0.0
2025-05-09 03:00:00,250.0,0.0,0.0
2025-05-09 04:00:00,250.0,0.0,0.0
2025-05-09 05:00:00,250.0,0.0,0.0
2025-05-09 06:00:00,250.0,0.0,0.0
2025-05-09 07:00:00,250.0,36.0,0.144
2025-05-09 08:00:00,250.0,148.0,0.592
2025-05-09 09:00:00,250.0,0.0,0.0
2025-05-09 10:00:00,250.0,0.0,0.0
2025-05-09 11:00:00,250.0,0.0,0.0
2025-05-09 12:00:00,250.0,1.0,0.004
2025-05-09 13:00:00,250.0,1.0,0.004
2025-05-09 14:00:00,250.0,0.0,0.0
2025-05-09 15:00:00,250.0,1.0,0.004
2025-05-09 16:00:00,250.0,1.0,0.004
2025-05-09 17:00:00,250.0,2.0,0.008
2025-05-09 18:00:00,250.0,2.0,0.008
2025-05-09 19:00:00,250.0,80.0,0.32
2025-05-09 20:00:00,250.0,52.0,0.208
2025-05-09 21:00:00,250.0,56.0,0.224
2025-05-09 22:00:00,250.0,0.0,0.0
2025-05-09 23:00:00,250.0,0.0,0.0
2025-05-10 00:00:00,250.0,0.0,0.0
2025-05-10 01:00:00,250.0,0.0,0.0
2025-05-10 02:00:00,250.0,0.0,0.0
2025-05-10 03:00:00,250.0,0.0,0.0
2025-05-10 04:00:00,250.0,0.0,0.0
2025-05-10 05:00:00,250.0,0.0,0.0
2025-05-10 06:00:00,250.0,0.0,0.0
2025-05-10 07:00:00,250.0,1.0,0.004
2025-05-10 08:00:00,250.0,75.0,0.3
2025-05-10 09:00:00,250.0,0.0,0.0
2025-05-10 10:00:00,250.0,0.0,0.0
2025-05-10 11:00:00,250.0,0.0,0.0
2025-05-10 12:00:00,250.0,0.0,0.0
2025-05-10 13:00:00,250.0,0.0,0.0
2025-05-10 14:00:00,250.0,1.0,0.004
2025-05-10 15:00:00,250.0,0.0,0.0
2025-05-10 16:00:00,250.0,0.0,0.0
2025-05-10 17:00:00,250.0,0.0,0.0
2025-05-10 18:00:00,250.0,1.0,0.004
2025-05-10 19:00:00,250.0,0.0,0.0
2025-05-10 20:00:00,250.0,0.0,0.0
2025-05-10 21:00:00,250.0,1.0,0.004
2025-05-10 22:00:00,250.0,0.0,0.0
2025-05-10 23:00:00,250.0,0.0,0.0
2025-05-11 00:00:00,250.0,1.0,0.004
2025-05-11 01:00:00,250.0,1.0,0.004
2025-05-11 02:00:00,250.0,1.0,0.004
2025-05-11 03:00:00,250.0,1.0,0.004
2025-05-11 04:00:00,250.0,1.0,0.004
2025-05-11 05:00:00,250.0,0.0,0.0
2025-05-11 06:00:00,250.0,0.0,0.0
2025-05-11 07:00:00,250.0,1.0,0.004
2025-05-11 08:00:00,250.0,1.0,0.004
2025-05-11 09:00:00,250.0,1.0,0.004
2025-05-11 10:00:00,250.0,1.0,0.004
2025-05-11 11:00:00,250.0,1.0,0.004
2025-05-11 12:00:00,250.0,1.0,0.004
2025-05-11 13:00:00,250.0,0.0,0.0
2025-05-11 14:00:00,250.0,1.0,0.004
2025-05-11 15:00:00,250.0,1.0,0.004
2025-05-11 16:00:00,250.0,1.0,0.004
2025-05-11 17:00:00,250.0,0.0,0.0
2025-05-11 18:00:00,250.0,1.0,0.004
2025-05-11 19:00:00,250.0,19.0,0.076
2025-05-11 20:00:00,250.0,0.0,0.0
2025-05-11 21:00:00,250.0,1.0,0.004
2025-05-11 22:00:00,250.0,0.0,0.0
2025-05-11 23:00:00,250.0,0.0,0.0
2025-05-12 00:00:00,250.0,0.0,0.0
2025-05-12 01:00:00,250.0,0.0,0.0
2025-05-12 02:00:00,250.0,1.0,0.004
2025-05-12 03:00:00,250.0,0.0,0.0
2025-05-12 04:00:00,250.0,0.0,0.0
2025-05-12 05:00:00,250.0,1.0,0.004
2025-05-12 06:00:00,220.0,0.0,0.0
2025-05-12 07:00:00,220.0,0.0,0.0
2025-05-12 08:00:00,250.0,13.0,0.052
2025-05-12 09:00:00,250.0,1.0,0.004
2025-05-12 10:00:00,250.0,12.0,0.048
2025-05-12 11:00:00,250.0,69.0,0.276
2025-05-12 12:00:00,250.0,98.0,0.392
2025-05-12 13:00:00,250.0,1.0,0.004
2025-05-12 14:00:00,250.0,1.0,0.004
2025-05-12 15:00:00,250.0,2.0,0.008
2025-05-12 16:00:00,250.0,117.0,0.468
2025-05-12 17:00:00,250.0,152.0,0.608
2025-05-12 18:00:00,250.0,77.0,0.308
2025-05-12 19:00:00,250.0,3.0,0.012
2025-05-12 20:00:00,250.0,237.0,0.948
2025-05-12 21:00:00,250.0,14.0,0.056
2025-05-12 22:00:00,250.0,0.0,0.0
2025-05-12 23:00:00,250.0,0.0,0.0
2025-05-13 00:00:00,250.0,0.0,0.0
2025-05-13 01:00:00,250.0,0.0,0.0
2025-05-13 02:00:00,250.0,0.0,0.0
2025-05-13 03:00:00,250.0,0.0,0.0
2025-05-13 04:00:00,250.0,0.0,0.0
2025-05-13 05:00:00,250.0,0.0,0.0
2025-05-13 06:00:00,220.0,1.0,0.004545454545454545
2025-05-13 07:00:00,220.0,8.0,0.03636363636363636
2025-05-13 08:00:00,250.0,0.0,0.0
2025-05-13 09:00:00,250.0,0.0,0.0
2025-05-13 10:00:00,250.0,1.0,0.004
2025-05-13 11:00:00,250.0,1.0,0.004
2025-05-13 12:00:00,250.0,0.0,0.0
2025-05-13 13:00:00,250.0,0.0,0.0
2025-05-13 14:00:00,250.0,0.0,0.0
2025-05-13 15:00:00,250.0,0.0,0.0
2025-05-13 16:00:00,250.0,0.0,0.0
2025-05-13 17:00:00,250.0,0.0,0.0
2025-05-13 18:00:00,250.0,0.0,0.0
2025-05-13 19:00:00,250.0,0.0,0.0
2025-05-13 20:00:00,250.0,0.0,0.0
2025-05-13 21:00:00,250.0,0.0,0.0
2025-05-13 22:00:00,250.0,0.0,0.0
2025-05-13 23:00:00,250.0,1.0,0.004
2025-05-14 00:00:00,250.0,0.0,0.0
2025-05-14 01:00:00,250.0,0.0,0.0
2025-05-14 02:00:00,250.0,0.0,0.0
2025-05-14 03:00:00,250.0,0.0,0.0
2025-05-14 04:00:00,250.0,1.0,0.004
2025-05-14 05:00:00,250.0,1.0,0.004
2025-05-14 06:00:00,220.0,0.0,0.0
2025-05-14 07:00:00,220.0,0.0,0.0
2025-05-14 08:00:00,250.0,13.0,0.052
2025-05-14 09:00:00,250.0,2.0,0.008
2025-05-14 10:00:00,250.0,147.0,0.588
2025-05-14 11:00:00,250.0,72.0,0.288
2025-05-14 12:00:00,250.0,50.0,0.2
2025-05-14 13:00:00,250.0,1.0,0.004
2025-05-14 14:00:00,250.0,3.0,0.012
2025-05-14 15:00:00,250.0,3.0,0.012
2025-05-14 16:00:00,250.0,10.0,0.04
2025-05-14 17:00:00,250.0,146.0,0.584
2025-05-14 18:00:00,250.0,0.0,0.0
2025-05-14 19:00:00,250.0,0.0,0.0
2025-05-14 20:00:00,250.0,0.0,0.0
2025-05-14 21:00:00,250.0,0.0,0.0
2025-05-14 22:00:00,250.0,0.0,0.0
2025-05-14 23:00:00,250.0,0.0,0.0
2025-05-15 00:00:00,250.0,0.0,0.0
2025-05-15 01:00:00,250.0,0.0,0.0
2025-05-15 02:00:00,250.0,0.0,0.0
2025-05-15 03:00:00,250.0,0.0,0.0
2025-05-15 04:00:00,125.0,1.0,0.008
2025-05-15 05:00:00,110.0,0.0,0.0
2025-05-15 06:00:00,110.0,0.0,0.0
2025-05-15 07:00:00,125.0,1.0,0.008
2025-05-15 08:00:00,125.0,98.0,0.784
2025-05-15 09:00:00,250.0,1.0,0.004
2025-05-15 10:00:00,250.0,1.0,0.004
2025-05-15 11:00:00,250.0,1.0,0.004
2025-05-15 12:00:00,250.0,1.0,0.004
2025-05-15 13:00:00,250.0,6.0,0.024
2025-05-15 14:00:00,250.0,14.0,0.056
2025-05-15 15:00:00,250.0,1.0,0.004
2025-05-15 16:00:00,250.0,101.0,0.404
2025-05-15 17:00:00,250.0,75.0,0.3
2025-05-15 18:00:00,250.0,1.0,0.004
2025-05-15 19:00:00,250.0,0.0,0.0
2025-05-15 20:00:00,250.0,0.0,0.0
2025-05-15 21:00:00,250.0,0.0,0.0
2025-05-15 22:00:00,250.0,0.0,0.0
2025-05-15 23:00:00,250.0,0.0,0.0
2025-05-16 00:00:00,250.0,0.0,0.0
2025-05-16 01:00:00,250.0,0.0,0.0
2025-05-16 02:00:00,250.0,0.0,0.0
2025-05-16 03:00:00,250.0,0.0,0.0
2025-05-16 04:00:00,250.0,0.0,0.0
2025-05-16 05:00:00,250.0,1.0,0.004
2025-05-16 06:00:00,220.0,1.0,0.004545454545454545
2025-05-16 07:00:00,220.0,1.0,0.004545454545454545
2025-05-16 08:00:00,250.0,1.0,0.004
2025-05-16 09:00:00,250.0,76.0,0.304
2025-05-16 10:00:00,250.0,94.0,0.376
2025-05-16 11:00:00,250.0,34.0,0.136
2025-05-16 12:00:00,250.0,12.0,0.048
2025-05-16 13:00:00,250.0,13.0,0.052
2025-05-16 14:00:00,250.0,1.0,0.004
2025-05-16 15:00:00,250.0,82.0,0.328
2025-05-16 16:00:00,250.0,177.0,0.708
2025-05-16 17:00:00,250.0,250.0,1.0
2025-05-16 18:00:00,250.0,236.0,0.944
2025-05-16 19:00:00,0.0,45.0,0.0
2025-05-16 20:00:00,250.0,0.0,0.0
2025-05-16 21:00:00,250.0,0.0,0.0
2025-05-16 22:00:00,250.0,0.0,0.0
2025-05-16 23:00:00,250.0,0.0,0.0
2025-05-17 00:00:00,250.0,0.0,0.0
2025-05-17 01:00:00,250.0,0.0,0.0
2025-05-17 02:00:00,250.0,0.0,0.0
2025-05-17 03:00:00,250.0,0.0,0.0
2025-05-17 04:00:00,250.0,0.0,0.0
2025-05-17 05:00:00,250.0,0.0,0.0
2025-05-17 06:00:00,250.0,0.0,0.0
2025-05-17 07:00:00,250.0,0.0,0.0
2025-05-17 08:00:00,250.0,0.0,0.0
2025-05-17 09:00:00,250.0,0.0,0.0
2025-05-17 10:00:00,250.0,0.0,0.0
2025-05-17 11:00:00,250.0,32.0,0.128
2025-05-17 12:00:00,250.0,1.0,0.004
2025-05-17 13:00:00,250.0,0.0,0.0
2025-05-17 14:00:00,250.0,0.0,0.0
2025-05-17 15:00:00,250.0,1.0,0.004
2025-05-17 16:00:00,250.0,1.0,0.004
2025-05-17 17:00:00,250.0,1.0,0.004
2025-05-17 18:00:00,250.0,1.0,0.004
2025-05-17 19:00:00,250.0,1.0,0.004
2025-05-17 20:00:00,250.0,1.0,0.004
2025-05-17 21:00:00,250.0,1.0,0.004
2025-05-17 22:00:00,250.0,0.0,0.0
2025-05-17 23:00:00,250.0,0.0,0.0
2025-05-18 00:00:00,250.0,1.0,0.004
2025-05-18 01:00:00,250.0,2.0,0.008
2025-05-18 02:00:00,250.0,1.0,0.004
2025-05-18 03:00:00,250.0,1.0,0.004
2025-05-18 04:00:00,250.0,0.0,0.0
2025-05-18 05:00:00,250.0,0.0,0.0
2025-05-18 06:00:00,250.0,0.0,0.0
2025-05-18 07:00:00,250.0,73.0,0.292
2025-05-18 08:00:00,250.0,2.0,0.008
2025-05-18 09:00:00,250.0,1.0,0.004
2025-05-18 10:00:00,250.0,0.0,0.0
2025-05-18 11:00:00,250.0,0.0,0.0
2025-05-18 12:00:00,250.0,1.0,0.004
2025-05-18 13:00:00,250.0,1.0,0.004
2025-05-18 14:00:00,250.0,0.0,0.0
2025-05-18 15:00:00,250.0,0.0,0.0
2025-05-18 16:00:00,250.0,1.0,0.004
2025-05-18 17:00:00,250.0,1.0,0.004
2025-05-18 18:00:00,250.0,0.0,0.0
2025-05-18 19:00:00,250.0,0.0,0.0
2025-05-18 20:00:00,250.0,0.0,0.0
2025-05-18 21:00:00,250.0,0.0,0.0
2025-05-18 22:00:00,250.0,0.0,0.0
2025-05-18 23:00:00,250.0,0.0,0.0
2025-05-19 00:00:00,250.0,0.0,0.0
2025-05-19 01:00:00,250.0,0.0,0.0
2025-05-19 02:00:00,250.0,0.0,0.0
2025-05-19 03:00:00,250.0,0.0,0.0
2025-05-19 04:00:00,250.0,0.0,0.0
2025-05-19 05:00:00,250.0,1.0,0.004
2025-05-19 06:00:00,250.0,0.0,0.0
2025-05-19 07:00:00,250.0,19.0,0.076
2025-05-19 08:00:00,250.0,92.0,0.368
2025-05-19 09:00:00,250.0,3.0,0.012
2025-05-19 10:00:00,250.0,1.0,0.004
2025-05-19 11:00:00,250.0,0.0,0.0
2025-05-19 12:00:00,250.0,0.0,0.0
2025-05-19 13:00:00,250.0,1.0,0.004
2025-05-19 14:00:00,250.0,1.0,0.004
2025-05-19 15:00:00,250.0,0.0,0.0
2025-05-19 16:00:00,250.0,1.0,0.004
2025-05-19 17:00:00,250.0,0.0,0.0
2025-05-19 18:00:00,250.0,0.0,0.0
2025-05-19 19:00:00,250.0,3.0,0.012
2025-05-19 20:00:00,250.0,71.0,0.284
2025-05-19 21:00:00,250.0,1.0,0.004
2025-05-19 22:00:00,250.0,0.0,0.0
2025-05-19 23:00:00,250.0,0.0,0.0
2025-05-20 00:00:00,250.0,0.0,0.0
2025-05-20 01:00:00,250.0,0.0,0.0
2025-05-20 02:00:00,250.0,0.0,0.0
2025-05-20 03:00:00,250.0,0.0,0.0
2025-05-20 04:00:00,250.0,0.0,0.0
2025-05-20 05:00:00,250.0,0.0,0.0
2025-05-20 06:00:00,220.0,0.0,0.0
2025-05-20 07:00:00,220.0,0.0,0.0
2025-05-20 08:00:00,250.0,0.0,0.0
2025-05-20 09:00:00,250.0,1.0,0.004
2025-05-20 10:00:00,250.0,1.0,0.004
2025-05-20 11:00:00,250.0,0.0,0.0
2025-05-20 12:00:00,250.0,5.0,0.02
2025-05-20 13:00:00,250.0,0.0,0.0
2025-05-20 14:00:00,250.0,0.0,0.0
2025-05-20 15:00:00,250.0,0.0,0.0
2025-05-20 16:00:00,250.0,0.0,0.0
2025-05-20 17:00:00,250.0,0.0,0.0
2025-05-20 18:00:00,250.0,0.0,0.0
2025-05-20 19:00:00,250.0,0.0,0.0
2025-05-20 20:00:00,250.0,0.0,0.0
2025-05-20 21:00:00,250.0,0.0,0.0
2025-05-20 22:00:00,250.0,0.0,0.0
2025-05-20 23:00:00,250.0,1.0,0.004
2025-05-21 00:00:00,250.0,0.0,0.0
2025-05-21 01:00:00,250.0,0.0,0.0
2025-05-21 02:00:00,250.0,0.0,0.0
2025-05-21 03:00:00,250.0,0.0,0.0
2025-05-21 04:00:00,250.0,1.0,0.004
2025-05-21 05:00:00,250.0,1.0,0.004
2025-05-21 06:00:00,220.0,0.0,0.0
2025-05-21 07:00:00,220.0,0.0,0.0
2025-05-21 08:00:00,250.0,7.0,0.028
2025-05-21 09:00:00,250.0,86.0,0.344
2025-05-21 10:00:00,250.0,244.0,0.976
2025-05-21 11:00:00,250.0,164.0,0.656
2025-05-21 12:00:00,250.0,251.0,1.0
2025-05-21 13:00:00,250.0,53.0,0.212
2025-05-21 14:00:00,250.0,5.0,0.02
2025-05-21 15:00:00,250.0,5.0,0.02
2025-05-21 16:00:00,250.0,20.0,0.08
2025-05-21 17:00:00,250.0,1.0,0.004
2025-05-21 18:00:00,250.0,83.0,0.332
2025-05-21 19:00:00,0.0,73.0,0.0
2025-05-21 20:00:00,0.0,0.0,0.0
2025-05-21 21:00:00,250.0,0.0,0.0
2025-05-21 22:00:00,250.0,0.0,0.0
2025-05-21 23:00:00,250.0,0.0,0.0
2025-05-22 00:00:00,250.0,0.0,0.0
2025-05-22 01:00:00,250.0,0.0,0.0
2025-05-22 02:00:00,250.0,0.0,0.0
2025-05-22 03:00:00,250.0,0.0,0.0
2025-05-22 04:00:00,250.0,0.0,0.0
2025-05-22 05:00:00,250.0,0.0,0.0
2025-05-22 06:00:00,220.0,0.0,0.0
2025-05-22 07:00:00,220.0,0.0,0.0
2025-05-22 08:00:00,220.0,0.0,0.0
2025-05-22 09:00:00,250.0,0.0,0.0
2025-05-22 10:00:00,250.0,1.0,0.004
2025-05-22 11:00:00,250.0,2.0,0.008
2025-05-22 12:00:00,250.0,1.0,0.004
2025-05-22 13:00:00,250.0,2.0,0.008
2025-05-22 14:00:00,250.0,1.0,0.004
2025-05-22 15:00:00,250.0,1.0,0.004
2025-05-22 16:00:00,250.0,1.0,0.004
2025-05-22 17:00:00,250.0,1.0,0.004
2025-05-22 18:00:00,250.0,1.0,0.004
2025-05-22 19:00:00,250.0,1.0,0.004
2025-05-22 20:00:00,250.0,1.0,0.004
2025-05-22 21:00:00,250.0,1.0,0.004
2025-05-22 22:00:00,250.0,0.0,0.0
2025-05-22 23:00:00,250.0,1.0,0.004
2025-05-23 00:00:00,250.0,1.0,0.004
2025-05-23 01:00:00,250.0,1.0,0.004
2025-05-23 02:00:00,250.0,1.0,0.004
2025-05-23 03:00:00,250.0,1.0,0.004
2025-05-23 04:00:00,250.0,0.0,0.0
2025-05-23 05:00:00,250.0,0.0,0.0
2025-05-23 06:00:00,220.0,0.0,0.0
2025-05-23 07:00:00,220.0,0.0,0.0
2025-05-23 08:00:00,250.0,0.0,0.0
2025-05-23 09:00:00,250.0,1.0,0.004
2025-05-23 10:00:00,250.0,0.0,0.0
2025-05-23 11:00:00,250.0,1.0,0.004
2025-05-23 12:00:00,250.0,1.0,0.004
2025-05-23 13:00:00,250.0,0.0,0.0
2025-05-23 14:00:00,250.0,0.0,0.0
2025-05-23 15:00:00,250.0,0.0,0.0
2025-05-23 16:00:00,250.0,0.0,0.0
2025-05-23 17:00:00,250.0,42.0,0.168
2025-05-23 18:00:00,250.0,59.0,0.236
2025-05-23 19:00:00,250.0,6.0,0.024
2025-05-23 20:00:00,250.0,10.0,0.04
2025-05-23 21:00:00,250.0,20.0,0.08
2025-05-23 22:00:00,250.0,0.0,0.0
2025-05-23 23:00:00,250.0,0.0,0.0
2025-05-24 00:00:00,250.0,0.0,0.0
2025-05-24 01:00:00,250.0,0.0,0.0
2025-05-24 02:00:00,250.0,0.0,0.0
2025-05-24 03:00:00,250.0,0.0,0.0
2025-05-24 04:00:00,250.0,0.0,0.0
2025-05-24 05:00:00,250.0,0.0,0.0
2025-05-24 06:00:00,250.0,0.0,0.0
2025-05-24 07:00:00,250.0,12.0,0.048
2025-05-24 08:00:00,250.0,0.0,0.0
2025-05-24 09:00:00,250.0,1.0,0.004
2025-05-24 10:00:00,250.0,1.0,0.004
2025-05-24 11:00:00,250.0,10.0,0.04
2025-05-24 12:00:00,250.0,0.0,0.0
2025-05-24 13:00:00,250.0,0.0,0.0
2025-05-24 14:00:00,250.0,0.0,0.0
2025-05-24 15:00:00,250.0,0.0,0.0
2025-05-24 16:00:00,250.0,0.0,0.0
2025-05-24 17:00:00,250.0,7.0,0.028
2025-05-24 18:00:00,250.0,68.0,0.272
2025-05-24 19:00:00,250.0,20.0,0.08
2025-05-24 20:00:00,250.0,101.0,0.404
2025-05-24 21:00:00,250.0,90.0,0.36
2025-05-24 22:00:00,250.0,0.0,0.0
2025-05-24 23:00:00,250.0,0.0,0.0
2025-05-25 00:00:00,250.0,0.0,0.0
2025-05-25 01:00:00,250.0,0.0,0.0
2025-05-25 02:00:00,250.0,0.0,0.0
2025-05-25 03:00:00,250.0,1.0,0.004
2025-05-25 04:00:00,250.0,1.0,0.004
2025-05-25 05:00:00,250.0,1.0,0.004
2025-05-25 06:00:00,250.0,0.0,0.0
2025-05-25 07:00:00,250.0,1.0,0.004
2025-05-25 08:00:00,250.0,0.0,0.0
2025-05-25 09:00:00,250.0,0.0,0.0
2025-05-25 10:00:00,250.0,0.0,0.0
2025-05-25 11:00:00,250.0,0.0,0.0
2025-05-25 12:00:00,250.0,0.0,0.0
2025-05-25 13:00:00,250.0,1.0,0.004
2025-05-25 14:00:00,250.0,0.0,0.0
2025-05-25 15:00:00,250.0,0.0,0.0
2025-05-25 16:00:00,250.0,81.0,0.324
2025-05-25 17:00:00,250.0,6.0,0.024
2025-05-25 18:00:00,250.0,19.0,0.076
2025-05-25 19:00:00,250.0,27.0,0.108
2025-05-25 20:00:00,250.0,27.0,0.108
2025-05-25 21:00:00,250.0,161.0,0.644
2025-05-25 22:00:00,250.0,1.0,0.004
2025-05-25 23:00:00,250.0,0.0,0.0
2025-05-26 00:00:00,250.0,0.0,0.0
2025-05-26 01:00:00,250.0,0.0,0.0
2025-05-26 02:00:00,250.0,0.0,0.0
2025-05-26 03:00:00,250.0,0.0,0.0
2025-05-26 04:00:00,250.0,0.0,0.0
2025-05-26 05:00:00,250.0,0.0,0.0
2025-05-26 06:00:00,220.0,0.0,0.0
2025-05-26 07:00:00,220.0,0.0,0.0
2025-05-26 08:00:00,250.0,0.0,0.0
2025-05-26 09:00:00,250.0,0.0,0.0
2025-05-26 10:00:00,250.0,1.0,0.004
2025-05-26 11:00:00,250.0,1.0,0.004
2025-05-26 12:00:00,250.0,1.0,0.004
2025-05-26 13:00:00,250.0,1.0,0.004
2025-05-26 14:00:00,250.0,18.0,0.072
2025-05-26 15:00:00,250.0,1.0,0.004
2025-05-26 16:00:00,250.0,1.0,0.004
2025-05-26 17:00:00,250.0,1.0,0.004
2025-05-26 18:00:00,250.0,2.0,0.008
2025-05-26 19:00:00,250.0,2.0,0.008
2025-05-26 20:00:00,250.0,1.0,0.004
2025-05-26 21:00:00,250.0,1.0,0.004
2025-05-26 22:00:00,250.0,0.0,0.0
2025-05-26 23:00:00,250.0,0.0,0.0
2025-05-27 00:00:00,250.0,1.0,0.004
2025-05-27 01:00:00,250.0,1.0,0.004
2025-05-27 02:00:00,250.0,1.0,0.004
2025-05-27 03:00:00,250.0,1.0,0.004
2025-05-27 04:00:00,250.0,0.0,0.0
2025-05-27 05:00:00,250.0,1.0,0.004
2025-05-27 06:00:00,220.0,0.0,0.0
2025-05-27 07:00:00,220.0,1.0,0.004545454545454545
2025-05-27 08:00:00,250.0,0.0,0.0
2025-05-27 09:00:00,250.0,0.0,0.0
2025-05-27 10:00:00,250.0,10.0,0.04
2025-05-27 11:00:00,250.0,7.0,0.028
2025-05-27 12:00:00,250.0,18.0,0.072
2025-05-27 13:00:00,250.0,1.0,0.004
2025-05-27 14:00:00,250.0,0.0,0.0
2025-05-27 15:00:00,250.0,0.0,0.0
2025-05-27 16:00:00,250.0,0.0,0.0
2025-05-27 17:00:00,250.0,13.0,0.052
2025-05-27 18:00:00,250.0,0.0,0.0
2025-05-27 19:00:00,250.0,7.0,0.028
2025-05-27 20:00:00,250.0,66.0,0.264
2025-05-27 21:00:00,250.0,91.0,0.364
2025-05-27 22:00:00,250.0,0.0,0.0
2025-05-27 23:00:00,250.0,0.0,0.0
2025-05-28 00:00:00,250.0,0.0,0.0
2025-05-28 01:00:00,250.0,0.0,0.0
2025-05-28 02:00:00,250.0,0.0,0.0
2025-05-28 03:00:00,250.0,0.0,0.0
2025-05-28 04:00:00,250.0,1.0,0.004
2025-05-28 05:00:00,250.0,1.0,0.004
2025-05-28 06:00:00,220.0,40.0,0.18181818181818182
2025-05-28 07:00:00,220.0,0.0,0.0
2025-05-28 08:00:00,250.0,0.0,0.0
2025-05-28 09:00:00,250.0,0.0,0.0
2025-05-28 10:00:00,250.0,0.0,0.0
2025-05-28 11:00:00,250.0,1.0,0.004
2025-05-28 12:00:00,250.0,31.0,0.124
2025-05-28 13:00:00,250.0,34.0,0.136
2025-05-28 14:00:00,250.0,1.0,0.004
2025-05-28 15:00:00,250.0,17.0,0.068
2025-05-28 16:00:00,250.0,103.0,0.412
2025-05-28 17:00:00,250.0,34.0,0.136
2025-05-28 18:00:00,250.0,142.0,0.568
2025-05-28 19:00:00,250.0,251.0,1.0
2025-05-28 20:00:00,250.0,151.0,0.604
2025-05-28 21:00:00,250.0,34.0,0.136
2025-05-28 22:00:00,250.0,0.0,0.0
2025-05-28 23:00:00,250.0,0.0,0.0
2025-05-29 00:00:00,250.0,0.0,0.0
2025-05-29 01:00:00,250.0,0.0,0.0
2025-05-29 02:00:00,250.0,0.0,0.0
2025-05-29 03:00:00,250.0,0.0,0.0
2025-05-29 04:00:00,250.0,1.0,0.004
2025-05-29 05:00:00,250.0,2.0,0.008
2025-05-29 06:00:00,220.0,114.0,0.5181818181818182
2025-05-29 07:00:00,220.0,20.0,0.09090909090909091
2025-05-29 08:00:00,250.0,43.0,0.172
2025-05-29 09:00:00,250.0,37.0,0.148
2025-05-29 10:00:00,250.0,140.0,0.56
2025-05-29 11:00:00,250.0,10.0,0.04
2025-05-29 12:00:00,250.0,12.0,0.048
2025-05-29 13:00:00,250.0,1.0,0.004
2025-05-29 14:00:00,250.0,0.0,0.0
2025-05-29 15:00:00,250.0,1.0,0.004
2025-05-29 16:00:00,250.0,5.0,0.02
2025-05-29 17:00:00,250.0,0.0,0.0
2025-05-29 18:00:00,250.0,0.0,0.0
2025-05-29 19:00:00,250.0,4.0,0.016
2025-05-29 20:00:00,250.0,0.0,0.0
2025-05-29 21:00:00,250.0,0.0,0.0
2025-05-29 22:00:00,250.0,0.0,0.0
2025-05-29 23:00:00,250.0,0.0,0.0
2025-05-30 00:00:00,250.0,0.0,0.0
2025-05-30 01:00:00,250.0,0.0,0.0
2025-05-30 02:00:00,250.0,0.0,0.0
2025-05-30 03:00:00,250.0,0.0,0.0
2025-05-30 04:00:00,250.0,0.0,0.0
2025-05-30 05:00:00,250.0,0.0,0.0
2025-05-30 06:00:00,250.0,47.0,0.188
2025-05-30 07:00:00,250.0,29.0,0.116
2025-05-30 08:00:00,250.0,200.0,0.8
2025-05-30 09:00:00,250.0,204.0,0.816
2025-05-30 10:00:00,250.0,160.0,0.64
2025-05-30 11:00:00,250.0,0.0,0.0
2025-05-30 12:00:00,250.0,0.0,0.0
2025-05-30 13:00:00,250.0,1.0,0.004
2025-05-30 14:00:00,250.0,0.0,0.0
2025-05-30 15:00:00,250.0,2.0,0.008
2025-05-30 16:00:00,250.0,33.0,0.132
2025-05-30 17:00:00,250.0,9.0,0.036
2025-05-30 18:00:00,250.0,0.0,0.0
2025-05-30 19:00:00,250.0,1.0,0.004
2025-05-30 20:00:00,250.0,1.0,0.004
2025-05-30 21:00:00,250.0,0.0,0.0
2025-05-30 22:00:00,250.0,0.0,0.0
2025-05-30 23:00:00,250.0,0.0,0.0
2025-05-31 00:00:00,250.0,0.0,0.0
2025-05-31 01:00:00,250.0,0.0,0.0
2025-05-31 02:00:00,250.0,0.0,0.0
2025-05-31 03:00:00,250.0,0.0,0.0
2025-05-31 04:00:00,250.0,0.0,0.0
2025-05-31 05:00:00,250.0,0.0,0.0
2025-05-31 06:00:00,250.0,0.0,0.0
2025-05-31 07:00:00,250.0,0.0,0.0
2025-05-31 08:00:00,250.0,0.0,0.0
2025-05-31 09:00:00,250.0,0.0,0.0
2025-05-31 10:00:00,250.0,0.0,0.0
2025-05-31 11:00:00,250.0,0.0,0.0
2025-05-31 12:00:00,250.0,1.0,0.004
2025-05-31 13:00:00,250.0,1.0,0.004
2025-05-31 14:00:00,250.0,0.0,0.0
2025-05-31 15:00:00,250.0,0.0,0.0
2025-05-31 16:00:00,250.0,1.0,0.004
2025-05-31 17:00:00,250.0,0.0,0.0
2025-05-31 18:00:00,250.0,1.0,0.004
2025-05-31 19:00:00,250.0,1.0,0.004
2025-05-31 20:00:00,250.0,5.0,0.02
2025-05-31 21:00:00,250.0,68.0,0.272
2025-05-31 22:00:00,250.0,61.0,0.244
2025-05-31 23:00:00,250.0,0.0,0.0
2025-06-01 00:00:00,250.0,0.0,0.0
2025-06-01 01:00:00,250.0,0.0,0.0
2025-06-01 02:00:00,250.0,0.0,0.0
2025-06-01 03:00:00,250.0,0.0,0.0
2025-06-01 04:00:00,250.0,0.0,0.0
2025-06-01 05:00:00,250.0,0.0,0.0
2025-06-01 06:00:00,250.0,0.0,0.0
2025-06-01 07:00:00,250.0,0.0,0.0
2025-06-01 08:00:00,250.0,1.0,0.004
2025-06-01 09:00:00,250.0,0.0,0.0
2025-06-01 10:00:00,250.0,1.0,0.004
2025-06-01 11:00:00,250.0,1.0,0.004
2025-06-01 12:00:00,250.0,1.0,0.004
2025-06-01 13:00:00,250.0,1.0,0.004
2025-06-01 14:00:00,250.0,1.0,0.004
2025-06-01 15:00:00,250.0,1.0,0.004
2025-06-01 16:00:00,250.0,1.0,0.004
2025-06-01 17:00:00,250.0,1.0,0.004
2025-06-01 18:00:00,250.0,6.0,0.024
2025-06-01 19:00:00,250.0,21.0,0.084
2025-06-01 20:00:00,250.0,153.0,0.612
2025-06-01 21:00:00,250.0,52.0,0.208
2025-06-01 22:00:00,250.0,0.0,0.0
2025-06-01 23:00:00,250.0,0.0,0.0
2025-06-02 00:00:00,250.0,0.0,0.0
2025-06-02 01:00:00,250.0,0.0,0.0
2025-06-02 02:00:00,250.0,1.0,0.004
2025-06-02 03:00:00,250.0,1.0,0.004
2025-06-02 04:00:00,250.0,1.0,0.004
2025-06-02 05:00:00,220.0,0.0,0.0
2025-06-02 06:00:00,220.0,64.0,0.2909090909090909
2025-06-02 07:00:00,220.0,7.0,0.031818181818181815
2025-06-02 08:00:00,250.0,47.0,0.188
2025-06-02 09:00:00,250.0,0.0,0.0
2025-06-02 10:00:00,250.0,28.0,0.112
2025-06-02 11:00:00,250.0,1.0,0.004
2025-06-02 12:00:00,250.0,1.0,0.004
2025-06-02 13:00:00,250.0,0.0,0.0
2025-06-02 14:00:00,250.0,1.0,0.004
2025-06-02 15:00:00,250.0,1.0,0.004
2025-06-02 16:00:00,250.0,1.0,0.004
2025-06-02 17:00:00,250.0,1.0,0.004
2025-06-02 18:00:00,250.0,1.0,0.004
2025-06-02 19:00:00,250.0,0.0,0.0
2025-06-02 20:00:00,250.0,5.0,0.02
2025-06-02 21:00:00,250.0,1.0,0.004
2025-06-02 22:00:00,250.0,0.0,0.0
2025-06-02 23:00:00,250.0,0.0,0.0
2025-06-03 00:00:00,250.0,0.0,0.0
2025-06-03 01:00:00,250.0,0.0,0.0
2025-06-03 02:00:00,250.0,0.0,0.0
2025-06-03 03:00:00,250.0,0.0,0.0
2025-06-03 04:00:00,250.0,0.0,0.0
2025-06-03 05:00:00,250.0,0.0,0.0
2025-06-03 06:00:00,220.0,0.0,0.0
2025-06-03 07:00:00,220.0,0.0,0.0
2025-06-03 08:00:00,250.0,2.0,0.008
2025-06-03 09:00:00,250.0,82.0,0.328
2025-06-03 10:00:00,250.0,1.0,0.004
2025-06-03 11:00:00,250.0,1.0,0.004
2025-06-03 12:00:00,250.0,0.0,0.0
2025-06-03 13:00:00,250.0,1.0,0.004
2025-06-03 14:00:00,250.0,1.0,0.004
2025-06-03 15:00:00,250.0,1.0,0.004
2025-06-03 16:00:00,250.0,0.0,0.0
2025-06-03 17:00:00,250.0,1.0,0.004
2025-06-03 18:00:00,250.0,0.0,0.0
2025-06-03 19:00:00,250.0,15.0,0.06
2025-06-03 20:00:00,250.0,25.0,0.1
2025-06-03 21:00:00,250.0,0.0,0.0
2025-06-03 22:00:00,250.0,0.0,0.0
2025-06-03 23:00:00,250.0,0.0,0.0
2025-06-04 00:00:00,250.0,1.0,0.004
2025-06-04 01:00:00,250.0,0.0,0.0
2025-06-04 02:00:00,250.0,0.0,0.0
2025-06-04 03:00:00,250.0,0.0,0.0
2025-06-04 04:00:00,250.0,0.0,0.0
2025-06-04 05:00:00,250.0,0.0,0.0
2025-06-04 06:00:00,220.0,0.0,0.0
2025-06-04 07:00:00,220.0,1.0,0.004545454545454545
2025-06-04 08:00:00,250.0,0.0,0.0
2025-06-04 09:00:00,250.0,0.0,0.0
2025-06-04 10:00:00,250.0,4.0,0.016
2025-06-04 11:00:00,250.0,4.0,0.016
2025-06-04 12:00:00,250.0,4.0,0.016
2025-06-04 13:00:00,250.0,4.0,0.016
2025-06-04 14:00:00,250.0,4.0,0.016
2025-06-04 15:00:00,250.0,11.0,0.044
2025-06-04 16:00:00,250.0,176.0,0.704
2025-06-04 17:00:00,250.0,192.0,0.768
2025-06-04 18:00:00,250.0,14.0,0.056
2025-06-04 19:00:00,250.0,4.0,0.016
2025-06-04 20:00:00,250.0,5.0,0.02
2025-06-04 21:00:00,250.0,0.0,0.0
2025-06-04 22:00:00,250.0,0.0,0.0
2025-06-04 23:00:00,250.0,0.0,0.0
2025-06-05 00:00:00,250.0,0.0,0.0
2025-06-05 01:00:00,250.0,0.0,0.0
2025-06-05 02:00:00,250.0,0.0,0.0
2025-06-05 03:00:00,250.0,0.0,0.0
2025-06-05 04:00:00,250.0,0.0,0.0
2025-06-05 05:00:00,250.0,0.0,0.0
2025-06-05 06:00:00,220.0,1.0,0.004545454545454545
2025-06-05 07:00:00,220.0,1.0,0.004545454545454545
2025-06-05 08:00:00,250.0,0.0,0.0
2025-06-05 09:00:00,250.0,0.0,0.0
2025-06-05 10:00:00,250.0,1.0,0.004
2025-06-05 11:00:00,250.0,4.0,0.016
2025-06-05 12:00:00,250.0,2.0,0.008
2025-06-05 13:00:00,250.0,113.0,0.452
2025-06-05 14:00:00,250.0,6.0,0.024
2025-06-05 15:00:00,250.0,2.0,0.008
2025-06-05 16:00:00,250.0,1.0,0.004
2025-06-05 17:00:00,250.0,2.0,0.008
2025-06-05 18:00:00,250.0,1.0,0.004
2025-06-05 19:00:00,250.0,1.0,0.004
2025-06-05 20:00:00,250.0,4.0,0.016
2025-06-05 21:00:00,250.0,9.0,0.036
2025-06-05 22:00:00,250.0,1.0,0.004
2025-06-05 23:00:00,250.0,1.0,0.004
2025-06-06 00:00:00,250.0,0.0,0.0
2025-06-06 01:00:00,250.0,0.0,0.0
2025-06-06 02:00:00,250.0,0.0,0.0
2025-06-06 03:00:00,250.0,1.0,0.004
2025-06-06 04:00:00,250.0,1.0,0.004
2025-06-06 05:00:00,250.0,1.0,0.004
2025-06-06 06:00:00,220.0,0.0,0.0
2025-06-06 07:00:00,220.0,9.0,0.04090909090909091
2025-06-06 08:00:00,250.0,81.0,0.324
2025-06-06 09:00:00,250.0,224.0,0.896
2025-06-06 10:00:00,250.0,89.0,0.356
2025-06-06 11:00:00,250.0,59.0,0.236
2025-06-06 12:00:00,250.0,0.0,0.0
2025-06-06 13:00:00,250.0,9.0,0.036
2025-06-06 14:00:00,250.0,0.0,0.0
2025-06-06 15:00:00,250.0,101.0,0.404
2025-06-06 16:00:00,250.0,18.0,0.072
2025-06-06 17:00:00,250.0,39.0,0.156
2025-06-06 18:00:00,250.0,32.0,0.128
2025-06-06 19:00:00,250.0,46.0,0.184
2025-06-06 20:00:00,250.0,51.0,0.204
2025-06-06 21:00:00,250.0,0.0,0.0
2025-06-06 22:00:00,250.0,0.0,0.0
2025-06-06 23:00:00,250.0,0.0,0.0
2025-06-07 00:00:00,250.0,0.0,0.0
2025-06-07 01:00:00,250.0,0.0,0.0
2025-06-07 02:00:00,250.0,0.0,0.0
2025-06-07 03:00:00,250.0,0.0,0.0
2025-06-07 04:00:00,250.0,0.0,0.0
2025-06-07 05:00:00,250.0,0.0,0.0
2025-06-07 06:00:00,250.0,0.0,0.0
2025-06-07 07:00:00,250.0,0.0,0.0
2025-06-07 08:00:00,250.0,1.0,0.004
2025-06-07 09:00:00,250.0,1.0,0.004
2025-06-07 10:00:00,250.0,1.0,0.004
2025-06-07 11:00:00,250.0,58.0,0.232
2025-06-07 12:00:00,250.0,0.0,0.0
2025-06-07 13:00:00,250.0,0.0,0.0
2025-06-07 14:00:00,250.0,66.0,0.264
2025-06-07 15:00:00,250.0,204.0,0.816
2025-06-07 16:00:00,250.0,193.0,0.772
2025-06-07 17:00:00,250.0,61.0,0.244
2025-06-07 18:00:00,250.0,0.0,0.0
2025-06-07 19:00:00,250.0,0.0,0.0
2025-06-07 20:00:00,250.0,0.0,0.0
2025-06-07 21:00:00,250.0,1.0,0.004
2025-06-07 22:00:00,250.0,0.0,0.0
2025-06-07 23:00:00,250.0,0.0,0.0
2025-06-08 00:00:00,250.0,0.0,0.0
2025-06-08 01:00:00,250.0,0.0,0.0
2025-06-08 02:00:00,250.0,0.0,0.0
2025-06-08 03:00:00,250.0,0.0,0.0
2025-06-08 04:00:00,250.0,0.0,0.0
2025-06-08 05:00:00,250.0,0.0,0.0
2025-06-08 06:00:00,250.0,0.0,0.0
2025-06-08 07:00:00,250.0,1.0,0.004
2025-06-08 08:00:00,250.0,9.0,0.036
2025-06-08 09:00:00,250.0,1.0,0.004
2025-06-08 10:00:00,250.0,0.0,0.0
2025-06-08 11:00:00,250.0,1.0,0.004
2025-06-08 12:00:00,250.0,1.0,0.004
2025-06-08 13:00:00,250.0,1.0,0.004
2025-06-08 14:00:00,250.0,2.0,0.008
2025-06-08 15:00:00,250.0,10.0,0.04
2025-06-08 16:00:00,250.0,63.0,0.252
2025-06-08 17:00:00,250.0,125.0,0.5
2025-06-08 18:00:00,250.0,246.0,0.984
2025-06-08 19:00:00,250.0,251.0,1.0
2025-06-08 20:00:00,250.0,1.0,0.004
2025-06-08 21:00:00,250.0,4.0,0.016
2025-06-08 22:00:00,250.0,0.0,0.0
2025-06-08 23:00:00,250.0,0.0,0.0
2025-06-09 00:00:00,250.0,0.0,0.0
2025-06-09 01:00:00,250.0,0.0,0.0
2025-06-09 02:00:00,250.0,0.0,0.0
2025-06-09 03:00:00,250.0,0.0,0.0
2025-06-09 04:00:00,250.0,0.0,0.0
2025-06-09 05:00:00,250.0,1.0,0.004
2025-06-09 06:00:00,220.0,0.0,0.0
2025-06-09 07:00:00,220.0,17.0,0.07727272727272727
2025-06-09 08:00:00,250.0,0.0,0.0
2025-06-09 09:00:00,250.0,1.0,0.004
2025-06-09 10:00:00,250.0,1.0,0.004
2025-06-09 11:00:00,250.0,1.0,0.004
2025-06-09 12:00:00,250.0,0.0,0.0
2025-06-09 13:00:00,250.0,0.0,0.0
2025-06-09 14:00:00,250.0,0.0,0.0
2025-06-09 15:00:00,250.0,1.0,0.004
2025-06-09 16:00:00,250.0,89.0,0.356
2025-06-09 17:00:00,250.0,139.0,0.556
2025-06-09 18:00:00,250.0,0.0,0.0
2025-06-09 19:00:00,250.0,25.0,0.1
2025-06-09 20:00:00,250.0,128.0,0.512
2025-06-09 21:00:00,250.0,130.0,0.52
2025-06-09 22:00:00,250.0,0.0,0.0
2025-06-09 23:00:00,250.0,0.0,0.0
2025-06-10 00:00:00,250.0,0.0,0.0
2025-06-10 01:00:00,250.0,0.0,0.0
2025-06-10 02:00:00,250.0,0.0,0.0
2025-06-10 03:00:00,250.0,0.0,0.0
2025-06-10 04:00:00,250.0,0.0,0.0
2025-06-10 05:00:00,220.0,1.0,0.004545454545454545
2025-06-10 06:00:00,220.0,1.0,0.004545454545454545
2025-06-10 07:00:00,220.0,1.0,0.004545454545454545
2025-06-10 08:00:00,250.0,1.0,0.004
2025-06-10 09:00:00,250.0,0.0,0.0
2025-06-10 10:00:00,250.0,0.0,0.0
2025-06-10 11:00:00,250.0,1.0,0.004
2025-06-10 12:00:00,250.0,0.0,0.0
2025-06-10 13:00:00,250.0,0.0,0.0
2025-06-10 14:00:00,290.0,41.0,0.1413793103448276
2025-06-10 15:00:00,266.0,17.0,0.06390977443609022
2025-06-10 16:00:00,250.0,0.0,0.0
2025-06-10 17:00:00,250.0,1.0,0.004
2025-06-10 18:00:00,250.0,0.0,0.0
2025-06-10 19:00:00,250.0,1.0,0.004
2025-06-10 20:00:00,250.0,0.0,0.0
2025-06-10 21:00:00,250.0,0.0,0.0
2025-06-10 22:00:00,250.0,0.0,0.0
2025-06-10 23:00:00,250.0,0.0,0.0
2025-06-11 00:00:00,250.0,0.0,0.0
2025-06-11 01:00:00,250.0,0.0,0.0
2025-06-11 02:00:00,250.0,0.0,0.0
2025-06-11 03:00:00,250.0,0.0,0.0
2025-06-11 04:00:00,250.0,0.0,0.0
2025-06-11 05:00:00,250.0,1.0,0.004
2025-06-11 06:00:00,250.0,6.0,0.024
2025-06-11 07:00:00,220.0,0.0,0.0
2025-06-11 08:00:00,250.0,0.0,0.0
2025-06-11 09:00:00,250.0,0.0,0.0
2025-06-11 10:00:00,250.0,1.0,0.004
2025-06-11 11:00:00,250.0,1.0,0.004
2025-06-11 12:00:00,250.0,1.0,0.004
2025-06-11 13:00:00,250.0,0.0,0.0
2025-06-11 14:00:00,250.0,0.0,0.0
2025-06-11 15:00:00,250.0,1.0,0.004
2025-06-11 16:00:00,250.0,33.0,0.132
2025-06-11 17:00:00,250.0,39.0,0.156
2025-06-11 18:00:00,250.0,105.0,0.42
2025-06-11 19:00:00,250.0,150.0,0.6
2025-06-11 20:00:00,250.0,6.0,0.024
2025-06-11 21:00:00,250.0,0.0,0.0
2025-06-11 22:00:00,250.0,0.0,0.0
2025-06-11 23:00:00,250.0,0.0,0.0
2025-06-12 00:00:00,252.0,2.0,0.007936507936507936
2025-06-12 01:00:00,250.0,0.0,0.0
2025-06-12 02:00:00,250.0,0.0,0.0
2025-06-12 03:00:00,250.0,0.0,0.0
2025-06-12 04:00:00,250.0,0.0,0.0
2025-06-12 05:00:00,250.0,1.0,0.004
2025-06-12 06:00:00,220.0,137.0,0.6227272727272727
2025-06-12 07:00:00,220.0,35.0,0.1590909090909091
2025-06-12 08:00:00,250.0,36.0,0.144
2025-06-12 09:00:00,250.0,0.0,0.0
2025-06-12 10:00:00,250.0,0.0,0.0
2025-06-12 11:00:00,250.0,0.0,0.0
2025-06-12 12:00:00,250.0,26.0,0.104
2025-06-12 13:00:00,250.0,1.0,0.004
2025-06-12 14:00:00,250.0,0.0,0.0
2025-06-12 15:00:00,250.0,124.0,0.496
2025-06-12 16:00:00,250.0,193.0,0.772
2025-06-12 17:00:00,250.0,180.0,0.72
2025-06-12 18:00:00,250.0,199.0,0.796
2025-06-12 19:00:00,250.0,97.0,0.388
2025-06-12 20:00:00,125.0,10.0,0.08
2025-06-12 21:00:00,125.0,0.0,0.0
2025-06-12 22:00:00,250.0,0.0,0.0
2025-06-12 23:00:00,250.0,0.0,0.0
2025-06-13 00:00:00,250.0,0.0,0.0
2025-06-13 01:00:00,250.0,0.0,0.0
2025-06-13 02:00:00,250.0,0.0,0.0
2025-06-13 03:00:00,250.0,0.0,0.0
2025-06-13 04:00:00,250.0,0.0,0.0
2025-06-13 05:00:00,250.0,1.0,0.004
2025-06-13 06:00:00,220.0,1.0,0.004545454545454545
2025-06-13 07:00:00,220.0,0.0,0.0
2025-06-13 08:00:00,250.0,1.0,0.004
2025-06-13 09:00:00,250.0,1.0,0.004
2025-06-13 10:00:00,250.0,1.0,0.004
2025-06-13 11:00:00,250.0,1.0,0.004
2025-06-13 12:00:00,250.0,0.0,0.0
2025-06-13 13:00:00,250.0,5.0,0.02
2025-06-13 14:00:00,329.0,79.0,0.24012158054711247
2025-06-13 15:00:00,342.0,110.0,0.3216374269005848
2025-06-13 16:00:00,342.0,108.0,0.3157894736842105
2025-06-13 17:00:00,260.0,11.0,0.04230769230769231
2025-06-13 18:00:00,250.0,0.0,0.0
2025-06-13 19:00:00,250.0,0.0,0.0
2025-06-13 20:00:00,250.0,0.0,0.0
2025-06-13 21:00:00,250.0,77.0,0.308
2025-06-13 22:00:00,250.0,0.0,0.0
2025-06-13 23:00:00,250.0,0.0,0.0
2025-06-14 00:00:00,250.0,0.0,0.0
2025-06-14 01:00:00,250.0,1.0,0.004
2025-06-14 02:00:00,250.0,0.0,0.0
2025-06-14 03:00:00,250.0,0.0,0.0
2025-06-14 04:00:00,250.0,0.0,0.0
2025-06-14 05:00:00,250.0,0.0,0.0
2025-06-14 06:00:00,250.0,0.0,0.0
2025-06-14 07:00:00,250.0,0.0,0.0
2025-06-14 08:00:00,250.0,0.0,0.0
2025-06-14 09:00:00,250.0,0.0,0.0
2025-06-14 10:00:00,250.0,1.0,0.004
2025-06-14 11:00:00,250.0,0.0,0.0
2025-06-14 12:00:00,250.0,0.0,0.0
2025-06-14 13:00:00,250.0,1.0,0.004
2025-06-14 14:00:00,250.0,0.0,0.0
2025-06-14 15:00:00,250.0,1.0,0.004
2025-06-14 16:00:00,250.0,0.0,0.0
2025-06-14 17:00:00,250.0,37.0,0.148
2025-06-14 18:00:00,250.0,168.0,0.672
2025-06-14 19:00:00,250.0,34.0,0.136
2025-06-14 20:00:00,250.0,26.0,0.104
2025-06-14 21:00:00,250.0,40.0,0.16
2025-06-14 22:00:00,250.0,1.0,0.004
2025-06-14 23:00:00,250.0,0.0,0.0
2025-06-15 00:00:00,250.0,0.0,0.0
2025-06-15 01:00:00,250.0,0.0,0.0
2025-06-15 02:00:00,250.0,0.0,0.0
2025-06-15 03:00:00,250.0,1.0,0.004
2025-06-15 04:00:00,250.0,0.0,0.0
2025-06-15 05:00:00,250.0,0.0,0.0
2025-06-15 06:00:00,250.0,1.0,0.004
2025-06-15 07:00:00,250.0,1.0,0.004
2025-06-15 08:00:00,250.0,0.0,0.0
2025-06-15 09:00:00,250.0,0.0,0.0
2025-06-15 10:00:00,250.0,1.0,0.004
2025-06-15 11:00:00,250.0,1.0,0.004
2025-06-15 12:00:00,250.0,1.0,0.004
2025-06-15 13:00:00,250.0,1.0,0.004
2025-06-15 14:00:00,250.0,1.0,0.004
2025-06-15 15:00:00,250.0,1.0,0.004
2025-06-15 16:00:00,250.0,10.0,0.04
2025-06-15 17:00:00,250.0,28.0,0.112
2025-06-15 18:00:00,250.0,132.0,0.528
2025-06-15 19:00:00,250.0,200.0,0.8
2025-06-15 20:00:00,250.0,183.0,0.732
2025-06-15 21:00:00,250.0,50.0,0.2
2025-06-15 22:00:00,250.0,0.0,0.0
2025-06-15 23:00:00,250.0,0.0,0.0
2025-06-16 00:00:00,250.0,0.0,0.0
2025-06-16 01:00:00,250.0,0.0,0.0
2025-06-16 02:00:00,250.0,0.0,0.0
2025-06-16 03:00:00,250.0,0.0,0.0
2025-06-16 04:00:00,250.0,0.0,0.0
2025-06-16 05:00:00,250.0,0.0,0.0
2025-06-16 06:00:00,220.0,0.0,0.0
2025-06-16 07:00:00,220.0,1.0,0.004545454545454545
2025-06-16 08:00:00,250.0,0.0,0.0
2025-06-16 09:00:00,250.0,0.0,0.0
2025-06-16 10:00:00,250.0,0.0,0.0
2025-06-16 11:00:00,250.0,2.0,0.008
2025-06-16 12:00:00,250.0,42.0,0.168
2025-06-16 13:00:00,250.0,1.0,0.004
2025-06-16 14:00:00,250.0,0.0,0.0
2025-06-16 15:00:00,250.0,31.0,0.124
2025-06-16 16:00:00,250.0,68.0,0.272
2025-06-16 17:00:00,250.0,134.0,0.536
2025-06-16 18:00:00,250.0,33.0,0.132
2025-06-16 19:00:00,250.0,20.0,0.08
2025-06-16 20:00:00,250.0,16.0,0.064
2025-06-16 21:00:00,250.0,0.0,0.0
2025-06-16 22:00:00,250.0,0.0,0.0
2025-06-16 23:00:00,250.0,0.0,0.0
2025-06-17 00:00:00,250.0,0.0,0.0
2025-06-17 01:00:00,250.0,0.0,0.0
2025-06-17 02:00:00,250.0,0.0,0.0
2025-06-17 03:00:00,250.0,0.0,0.0
2025-06-17 04:00:00,250.0,1.0,0.004
2025-06-17 05:00:00,250.0,1.0,0.004
2025-06-17 06:00:00,220.0,0.0,0.0
2025-06-17 07:00:00,220.0,0.0,0.0
2025-06-17 08:00:00,250.0,0.0,0.0
2025-06-17 09:00:00,250.0,0.0,0.0
2025-06-17 10:00:00,250.0,0.0,0.0
2025-06-17 11:00:00,250.0,5.0,0.02
2025-06-17 12:00:00,250.0,0.0,0.0
2025-06-17 13:00:00,250.0,1.0,0.004
2025-06-17 14:00:00,250.0,0.0,0.0
2025-06-17 15:00:00,250.0,126.0,0.504
2025-06-17 16:00:00,250.0,159.0,0.636
2025-06-17 17:00:00,250.0,136.0,0.544
2025-06-17 18:00:00,250.0,227.0,0.908
2025-06-17 19:00:00,250.0,120.0,0.48
2025-06-17 20:00:00,250.0,1.0,0.004
2025-06-17 21:00:00,250.0,0.0,0.0
2025-06-17 22:00:00,250.0,0.0,0.0
2025-06-17 23:00:00,250.0,0.0,0.0
2025-06-18 00:00:00,250.0,0.0,0.0
2025-06-18 01:00:00,250.0,0.0,0.0
2025-06-18 02:00:00,250.0,0.0,0.0
2025-06-18 03:00:00,250.0,0.0,0.0
2025-06-18 04:00:00,250.0,0.0,0.0
2025-06-18 05:00:00,250.0,1.0,0.004
2025-06-18 06:00:00,220.0,0.0,0.0
2025-06-18 07:00:00,220.0,1.0,0.004545454545454545
2025-06-18 08:00:00,250.0,1.0,0.004
2025-06-18 09:00:00,250.0,41.0,0.164
2025-06-18 10:00:00,250.0,212.0,0.848
2025-06-18 11:00:00,250.0,32.0,0.128
2025-06-18 12:00:00,250.0,35.0,0.14
2025-06-18 13:00:00,250.0,38.0,0.152
2025-06-18 14:00:00,250.0,40.0,0.16
2025-06-18 15:00:00,250.0,40.0,0.16
2025-06-18 16:00:00,250.0,40.0,0.16
2025-06-18 17:00:00,250.0,40.0,0.16
2025-06-18 18:00:00,250.0,39.0,0.156
2025-06-18 19:00:00,250.0,21.0,0.084
2025-06-18 20:00:00,250.0,53.0,0.212
2025-06-18 21:00:00,250.0,17.0,0.068
2025-06-18 22:00:00,250.0,20.0,0.08
2025-06-18 23:00:00,250.0,0.0,0.0
2025-06-19 00:00:00,250.0,0.0,0.0
2025-06-19 01:00:00,250.0,0.0,0.0
2025-06-19 02:00:00,250.0,0.0,0.0
2025-06-19 03:00:00,250.0,0.0,0.0
2025-06-19 04:00:00,250.0,0.0,0.0
2025-06-19 05:00:00,250.0,1.0,0.004
2025-06-19 06:00:00,220.0,0.0,0.0
2025-06-19 07:00:00,220.0,0.0,0.0
2025-06-19 08:00:00,250.0,1.0,0.004
2025-06-19 09:00:00,250.0,0.0,0.0
2025-06-19 10:00:00,307.0,58.0,0.18892508143322476
2025-06-19 11:00:00,250.0,13.0,0.052
2025-06-19 12:00:00,250.0,22.0,0.088
2025-06-19 13:00:00,250.0,1.0,0.004
2025-06-19 14:00:00,250.0,0.0,0.0
2025-06-19 15:00:00,250.0,0.0,0.0
2025-06-19 16:00:00,250.0,0.0,0.0
2025-06-19 17:00:00,370.0,120.0,0.32432432432432434
2025-06-19 18:00:00,370.0,120.0,0.32432432432432434
2025-06-19 19:00:00,368.0,145.0,0.39402173913043476
2025-06-19 20:00:00,344.0,164.0,0.47674418604651164
2025-06-19 21:00:00,250.0,78.0,0.312
2025-06-19 22:00:00,250.0,1.0,0.004
2025-06-19 23:00:00,250.0,0.0,0.0
2025-06-20 00:00:00,250.0,1.0,0.004
2025-06-20 01:00:00,250.0,1.0,0.004
2025-06-20 02:00:00,250.0,0.0,0.0
2025-06-20 03:00:00,250.0,0.0,0.0
2025-06-20 04:00:00,250.0,0.0,0.0
2025-06-20 05:00:00,250.0,0.0,0.0
2025-06-20 06:00:00,220.0,0.0,0.0
2025-06-20 07:00:00,250.0,0.0,0.0
2025-06-20 08:00:00,250.0,1.0,0.004
2025-06-20 09:00:00,250.0,0.0,0.0
2025-06-20 10:00:00,250.0,1.0,0.004
2025-06-20 11:00:00,250.0,43.0,0.172
2025-06-20 12:00:00,250.0,49.0,0.196
2025-06-20 13:00:00,250.0,24.0,0.096
2025-06-20 14:00:00,250.0,1.0,0.004
2025-06-20 15:00:00,250.0,0.0,0.0
2025-06-20 16:00:00,250.0,22.0,0.088
2025-06-20 17:00:00,250.0,28.0,0.112
2025-06-20 18:00:00,250.0,22.0,0.088
2025-06-20 19:00:00,250.0,22.0,0.088
2025-06-20 20:00:00,250.0,12.0,0.048
2025-06-20 21:00:00,250.0,1.0,0.004
2025-06-20 22:00:00,250.0,0.0,0.0
2025-06-20 23:00:00,250.0,0.0,0.0
2025-06-21 00:00:00,250.0,0.0,0.0
2025-06-21 01:00:00,250.0,1.0,0.004
2025-06-21 02:00:00,250.0,0.0,0.0
2025-06-21 03:00:00,250.0,0.0,0.0
2025-06-21 04:00:00,250.0,0.0,0.0
2025-06-21 05:00:00,250.0,0.0,0.0
2025-06-21 06:00:00,250.0,0.0,0.0
2025-06-21 07:00:00,250.0,0.0,0.0
2025-06-21 08:00:00,250.0,0.0,0.0
2025-06-21 09:00:00,250.0,13.0,0.052
2025-06-21 10:00:00,250.0,78.0,0.312
2025-06-21 11:00:00,250.0,245.0,0.98
2025-06-21 12:00:00,250.0,214.0,0.856
2025-06-21 13:00:00,250.0,1.0,0.004
2025-06-21 14:00:00,250.0,1.0,0.004
2025-06-21 15:00:00,250.0,1.0,0.004
2025-06-21 16:00:00,250.0,2.0,0.008
2025-06-21 17:00:00,250.0,22.0,0.088
2025-06-21 18:00:00,250.0,22.0,0.088
2025-06-21 19:00:00,250.0,13.0,0.052
2025-06-21 20:00:00,250.0,130.0,0.52
2025-06-21 21:00:00,250.0,122.0,0.488
2025-06-21 22:00:00,250.0,0.0,0.0
2025-06-21 23:00:00,250.0,0.0,0.0
2025-06-22 00:00:00,250.0,0.0,0.0
2025-06-22 01:00:00,250.0,0.0,0.0
2025-06-22 02:00:00,250.0,0.0,0.0
2025-06-22 03:00:00,250.0,0.0,0.0
2025-06-22 04:00:00,250.0,0.0,0.0
2025-06-22 05:00:00,250.0,0.0,0.0
2025-06-22 06:00:00,250.0,1.0,0.004
2025-06-22 07:00:00,250.0,0.0,0.0
2025-06-22 08:00:00,250.0,1.0,0.004
2025-06-22 09:00:00,250.0,1.0,0.004
2025-06-22 10:00:00,250.0,101.0,0.404
2025-06-22 11:00:00,250.0,15.0,0.06
2025-06-22 12:00:00,250.0,4.0,0.016
2025-06-22 13:00:00,250.0,4.0,0.016
2025-06-22 14:00:00,250.0,4.0,0.016
2025-06-22 15:00:00,250.0,12.0,0.048
2025-06-22 16:00:00,250.0,12.0,0.048
2025-06-22 17:00:00,250.0,13.0,0.052
2025-06-22 18:00:00,250.0,14.0,0.056
2025-06-22 19:00:00,250.0,44.0,0.176
2025-06-22 20:00:00,250.0,96.0,0.384
2025-06-22 21:00:00,250.0,46.0,0.184
2025-06-22 22:00:00,250.0,10.0,0.04
2025-06-22 23:00:00,250.0,0.0,0.0
2025-06-23 00:00:00,250.0,0.0,0.0
2025-06-23 01:00:00,250.0,0.0,0.0
2025-06-23 02:00:00,250.0,0.0,0.0
2025-06-23 03:00:00,250.0,0.0,0.0
2025-06-23 04:00:00,250.0,0.0,0.0
2025-06-23 05:00:00,250.0,0.0,0.0
2025-06-23 06:00:00,220.0,0.0,0.0
2025-06-23 07:00:00,220.0,0.0,0.0
2025-06-23 08:00:00,250.0,1.0,0.004
2025-06-23 09:00:00,250.0,1.0,0.004
2025-06-23 10:00:00,250.0,0.0,0.0
2025-06-23 11:00:00,250.0,7.0,0.028
2025-06-23 12:00:00,250.0,22.0,0.088
2025-06-23 13:00:00,250.0,21.0,0.084
2025-06-23 14:00:00,250.0,7.0,0.028
2025-06-23 15:00:00,250.0,170.0,0.68
2025-06-23 16:00:00,250.0,28.0,0.112
2025-06-23 17:00:00,250.0,233.0,0.932
2025-06-23 18:00:00,250.0,207.0,0.828
2025-06-23 19:00:00,250.0,250.0,1.0
2025-06-23 20:00:00,0.0,64.0,0.0
2025-06-23 21:00:00,0.0,1.0,0.0
2025-06-23 22:00:00,250.0,1.0,0.004
2025-06-23 23:00:00,250.0,0.0,0.0
2025-06-24 00:00:00,250.0,0.0,0.0
2025-06-24 01:00:00,382.0,0.0,0.0
2025-06-24 02:00:00,382.0,0.0,0.0
2025-06-24 03:00:00,382.0,0.0,0.0
2025-06-24 04:00:00,382.0,0.0,0.0
2025-06-24 05:00:00,382.0,0.0,0.0
2025-06-24 06:00:00,352.0,26.0,0.07386363636363637
2025-06-24 07:00:00,352.0,36.0,0.10227272727272728
2025-06-24 08:00:00,382.0,67.0,0.17539267015706805
2025-06-24 09:00:00,382.0,40.0,0.10471204188481675
2025-06-24 10:00:00,382.0,8.0,0.020942408376963352
2025-06-24 11:00:00,382.0,0.0,0.0
2025-06-24 12:00:00,382.0,1.0,0.002617801047120419
2025-06-24 13:00:00,382.0,1.0,0.002617801047120419
2025-06-24 14:00:00,382.0,0.0,0.0
2025-06-24 15:00:00,382.0,0.0,0.0
2025-06-24 16:00:00,382.0,154.0,0.4031413612565445
2025-06-24 17:00:00,382.0,207.0,0.5418848167539267
2025-06-24 18:00:00,382.0,148.0,0.387434554973822
2025-06-24 19:00:00,382.0,80.0,0.2094240837696335
2025-06-24 20:00:00,382.0,154.0,0.4031413612565445
2025-06-24 21:00:00,382.0,1.0,0.002617801047120419
2025-06-24 22:00:00,382.0,0.0,0.0
2025-06-24 23:00:00,382.0,0.0,0.0
2025-06-25 00:00:00,382.0,0.0,0.0
2025-06-25 01:00:00,382.0,0.0,0.0
2025-06-25 02:00:00,382.0,0.0,0.0
2025-06-25 03:00:00,382.0,0.0,0.0
2025-06-25 04:00:00,382.0,0.0,0.0
2025-06-25 05:00:00,382.0,0.0,0.0
2025-06-25 06:00:00,352.0,0.0,0.0
2025-06-25 07:00:00,352.0,1.0,0.002840909090909091
2025-06-25 08:00:00,382.0,0.0,0.0
2025-06-25 09:00:00,382.0,0.0,0.0
2025-06-25 10:00:00,382.0,0.0,0.0
2025-06-25 11:00:00,382.0,1.0,0.002617801047120419
2025-06-25 12:00:00,382.0,0.0,0.0
2025-06-25 13:00:00,382.0,82.0,0.21465968586387435
2025-06-25 14:00:00,382.0,1.0,0.002617801047120419
2025-06-25 15:00:00,382.0,156.0,0.4083769633507853
2025-06-25 16:00:00,382.0,210.0,0.5497382198952879
2025-06-25 17:00:00,382.0,250.0,0.6544502617801047
2025-06-25 18:00:00,382.0,251.0,0.6570680628272252
2025-06-25 19:00:00,382.0,65.0,0.17015706806282724
2025-06-25 20:00:00,132.0,15.0,0.11363636363636363
2025-06-25 21:00:00,132.0,0.0,0.0
2025-06-25 22:00:00,382.0,0.0,0.0
2025-06-25 23:00:00,382.0,0.0,0.0
2025-06-26 00:00:00,382.0,0.0,0.0
2025-06-26 01:00:00,382.0,0.0,0.0
2025-06-26 02:00:00,382.0,0.0,0.0
2025-06-26 03:00:00,382.0,0.0,0.0
2025-06-26 04:00:00,382.0,0.0,0.0
2025-06-26 05:00:00,382.0,0.0,0.0
2025-06-26 06:00:00,352.0,0.0,0.0
2025-06-26 07:00:00,382.0,0.0,0.0
2025-06-26 08:00:00,382.0,51.0,0.13350785340314136
2025-06-26 09:00:00,382.0,166.0,0.43455497382198954
2025-06-26 10:00:00,382.0,225.0,0.5890052356020943
2025-06-26 11:00:00,382.0,51.0,0.13350785340314136
2025-06-26 12:00:00,382.0,6.0,0.015706806282722512
2025-06-26 13:00:00,382.0,1.0,0.002617801047120419
2025-06-26 14:00:00,382.0,0.0,0.0
2025-06-26 15:00:00,382.0,69.0,0.1806282722513089
2025-06-26 16:00:00,382.0,64.0,0.16753926701570682
2025-06-26 17:00:00,382.0,50.0,0.13089005235602094
2025-06-26 18:00:00,382.0,50.0,0.13089005235602094
2025-06-26 19:00:00,382.0,18.0,0.04712041884816754
2025-06-26 20:00:00,382.0,17.0,0.04450261780104712
2025-06-26 21:00:00,382.0,0.0,0.0
2025-06-26 22:00:00,382.0,0.0,0.0
2025-06-26 23:00:00,382.0,1.0,0.002617801047120419
2025-06-27 00:00:00,382.0,0.0,0.0
2025-06-27 01:00:00,382.0,0.0,0.0
2025-06-27 02:00:00,382.0,0.0,0.0
2025-06-27 03:00:00,382.0,0.0,0.0
2025-06-27 04:00:00,382.0,1.0,0.002617801047120419
2025-06-27 05:00:00,382.0,1.0,0.002617801047120419
2025-06-27 06:00:00,352.0,1.0,0.002840909090909091
2025-06-27 07:00:00,382.0,1.0,0.002617801047120419
2025-06-27 08:00:00,382.0,1.0,0.002617801047120419
2025-06-27 09:00:00,382.0,1.0,0.002617801047120419
2025-06-27 10:00:00,382.0,2.0,0.005235602094240838
2025-06-27 11:00:00,382.0,10.0,0.02617801047120419
2025-06-27 12:00:00,382.0,7.0,0.01832460732984293
2025-06-27 13:00:00,382.0,0.0,0.0
2025-06-27 14:00:00,382.0,0.0,0.0
2025-06-27 15:00:00,382.0,69.0,0.1806282722513089
2025-06-27 16:00:00,382.0,96.0,0.2513089005235602
2025-06-27 17:00:00,382.0,215.0,0.56282722513089
2025-06-27 18:00:00,382.0,250.0,0.6544502617801047
2025-06-27 19:00:00,382.0,132.0,0.34554973821989526
2025-06-27 20:00:00,382.0,234.0,0.612565445026178
2025-06-27 21:00:00,382.0,5.0,0.013089005235602094
2025-06-27 22:00:00,382.0,0.0,0.0
2025-06-27 23:00:00,382.0,0.0,0.0
2025-06-28 00:00:00,382.0,0.0,0.0
2025-06-28 01:00:00,382.0,0.0,0.0
2025-06-28 02:00:00,382.0,0.0,0.0
2025-06-28 03:00:00,382.0,0.0,0.0
2025-06-28 04:00:00,382.0,0.0,0.0
2025-06-28 05:00:00,382.0,1.0,0.002617801047120419
2025-06-28 06:00:00,382.0,0.0,0.0
2025-06-28 07:00:00,382.0,0.0,0.0
2025-06-28 08:00:00,382.0,0.0,0.0
2025-06-28 09:00:00,382.0,1.0,0.002617801047120419
2025-06-28 10:00:00,382.0,1.0,0.002617801047120419
2025-06-28 11:00:00,382.0,0.0,0.0
2025-06-28 12:00:00,382.0,1.0,0.002617801047120419
2025-06-28 13:00:00,382.0,1.0,0.002617801047120419
2025-06-28 14:00:00,382.0,0.0,0.0
2025-06-28 15:00:00,382.0,0.0,0.0
2025-06-28 16:00:00,382.0,3.0,0.007853403141361256
2025-06-28 17:00:00,382.0,10.0,0.02617801047120419
2025-06-28 18:00:00,382.0,27.0,0.07068062827225131
2025-06-28 19:00:00,382.0,0.0,0.0
2025-06-28 20:00:00,382.0,0.0,0.0
2025-06-28 21:00:00,382.0,0.0,0.0
2025-06-28 22:00:00,382.0,0.0,0.0
2025-06-28 23:00:00,382.0,0.0,0.0
2025-06-29 00:00:00,382.0,0.0,0.0
2025-06-29 01:00:00,382.0,0.0,0.0
2025-06-29 02:00:00,382.0,0.0,0.0
2025-06-29 03:00:00,382.0,0.0,0.0
2025-06-29 04:00:00,382.0,0.0,0.0
2025-06-29 05:00:00,382.0,0.0,0.0
2025-06-29 06:00:00,382.0,0.0,0.0
2025-06-29 07:00:00,382.0,0.0,0.0
2025-06-29 08:00:00,382.0,1.0,0.002617801047120419
2025-06-29 09:00:00,382.0,1.0,0.002617801047120419
2025-06-29 10:00:00,382.0,1.0,0.002617801047120419
2025-06-29 11:00:00,382.0,0.0,0.0
2025-06-29 12:00:00,382.0,0.0,0.0
2025-06-29 13:00:00,382.0,1.0,0.002617801047120419
2025-06-29 14:00:00,382.0,22.0,0.05759162303664921
2025-06-29 15:00:00,382.0,28.0,0.07329842931937172
2025-06-29 16:00:00,382.0,40.0,0.10471204188481675
2025-06-29 17:00:00,382.0,64.0,0.16753926701570682
2025-06-29 18:00:00,382.0,66.0,0.17277486910994763
2025-06-29 19:00:00,382.0,78.0,0.20418848167539266
2025-06-29 20:00:00,382.0,102.0,0.2670157068062827
2025-06-29 21:00:00,382.0,2.0,0.005235602094240838
2025-06-29 22:00:00,382.0,0.0,0.0
2025-06-29 23:00:00,382.0,0.0,0.0
2025-06-30 00:00:00,382.0,0.0,0.0
2025-06-30 01:00:00,382.0,0.0,0.0
2025-06-30 02:00:00,382.0,0.0,0.0
2025-06-30 03:00:00,382.0,0.0,0.0
2025-06-30 04:00:00,382.0,0.0,0.0
2025-06-30 05:00:00,382.0,0.0,0.0
2025-06-30 06:00:00,382.0,0.0,0.0
2025-06-30 07:00:00,382.0,0.0,0.0
2025-06-30 08:00:00,382.0,1.0,0.002617801047120419
2025-06-30 09:00:00,382.0,22.0,0.05759162303664921
2025-06-30 10:00:00,382.0,20.0,0.05235602094240838
2025-06-30 11:00:00,382.0,10.0,0.02617801047120419
2025-06-30 12:00:00,382.0,22.0,0.05759162303664921
2025-06-30 13:00:00,382.0,5.0,0.013089005235602094
2025-06-30 14:00:00,382.0,4.0,0.010471204188481676
2025-06-30 15:00:00,382.0,8.0,0.020942408376963352
2025-06-30 16:00:00,382.0,5.0,0.013089005235602094
2025-06-30 17:00:00,382.0,57.0,0.14921465968586387
2025-06-30 18:00:00,382.0,76.0,0.19895287958115182
2025-06-30 19:00:00,382.0,112.0,0.2931937172774869
2025-06-30 20:00:00,382.0,179.0,0.468586387434555
2025-06-30 21:00:00,382.0,29.0,0.07591623036649214
2025-06-30 22:00:00,382.0,4.0,0.010471204188481676
2025-06-30 23:00:00,382.0,0.0,0.0
2025-07-01 00:00:00,382.0,0.0,0.0
2025-07-01 01:00:00,382.0,0.0,0.0
2025-07-01 02:00:00,382.0,0.0,0.0
2025-07-01 03:00:00,382.0,0.0,0.0
2025-07-01 04:00:00,382.0,0.0,0.0
2025-07-01 05:00:00,382.0,0.0,0.0
2025-07-01 06:00:00,382.0,4.0,0.010471204188481676
2025-07-01 07:00:00,382.0,71.0,0.18586387434554974
2025-07-01 08:00:00,382.0,249.0,0.6518324607329843
2025-07-01 09:00:00,382.0,249.0,0.6518324607329843
2025-07-01 10:00:00,382.0,96.0,0.2513089005235602
2025-07-01 11:00:00,382.0,1.0,0.002617801047120419
2025-07-01 12:00:00,382.0,15.0,0.03926701570680628
2025-07-01 13:00:00,382.0,20.0,0.05235602094240838
2025-07-01 14:00:00,382.0,20.0,0.05235602094240838
2025-07-01 15:00:00,382.0,29.0,0.07591623036649214
2025-07-01 16:00:00,382.0,42.0,0.1099476439790576
2025-07-01 17:00:00,382.0,56.0,0.14659685863874344
2025-07-01 18:00:00,382.0,61.0,0.15968586387434555
2025-07-01 19:00:00,382.0,60.0,0.15706806282722513
2025-07-01 20:00:00,382.0,48.0,0.1256544502617801
2025-07-01 21:00:00,382.0,1.0,0.002617801047120419
2025-07-01 22:00:00,382.0,0.0,0.0
2025-07-01 23:00:00,382.0,0.0,0.0
2025-07-02 00:00:00,382.0,0.0,0.0
2025-07-02 01:00:00,382.0,0.0,0.0
2025-07-02 02:00:00,382.0,0.0,0.0
2025-07-02 03:00:00,382.0,0.0,0.0
2025-07-02 04:00:00,382.0,0.0,0.0
2025-07-02 05:00:00,382.0,0.0,0.0
2025-07-02 06:00:00,352.0,0.0,0.0
2025-07-02 07:00:00,352.0,0.0,0.0
2025-07-02 08:00:00,382.0,0.0,0.0
2025-07-02 09:00:00,382.0,0.0,0.0
2025-07-02 10:00:00,382.0,11.0,0.028795811518324606
2025-07-02 11:00:00,382.0,0.0,0.0
2025-07-02 12:00:00,382.0,75.0,0.19633507853403143
2025-07-02 13:00:00,382.0,22.0,0.05759162303664921
2025-07-02 14:00:00,382.0,61.0,0.15968586387434555
2025-07-02 15:00:00,382.0,59.0,0.1544502617801047
2025-07-02 16:00:00,382.0,41.0,0.10732984293193717
2025-07-02 17:00:00,382.0,40.0,0.10471204188481675
2025-07-02 18:00:00,382.0,40.0,0.10471204188481675
2025-07-02 19:00:00,382.0,49.0,0.12827225130890052
2025-07-02 20:00:00,382.0,68.0,0.17801047120418848
2025-07-02 21:00:00,382.0,40.0,0.10471204188481675
2025-07-02 22:00:00,382.0,0.0,0.0
2025-07-02 23:00:00,382.0,0.0,0.0
2025-07-03 00:00:00,437.0,1.0,0.002288329519450801
2025-07-03 01:00:00,437.0,0.0,0.0
2025-07-03 02:00:00,437.0,0.0,0.0
2025-07-03 03:00:00,437.0,0.0,0.0
2025-07-03 04:00:00,437.0,0.0,0.0
2025-07-03 05:00:00,437.0,0.0,0.0
2025-07-03 06:00:00,407.0,0.0,0.0
2025-07-03 07:00:00,437.0,0.0,0.0
2025-07-03 08:00:00,437.0,1.0,0.002288329519450801
2025-07-03 09:00:00,437.0,1.0,0.002288329519450801
2025-07-03 10:00:00,437.0,104.0,0.2379862700228833
2025-07-03 11:00:00,437.0,14.0,0.032036613272311214
2025-07-03 12:00:00,437.0,57.0,0.13043478260869565
2025-07-03 13:00:00,437.0,0.0,0.0
2025-07-03 14:00:00,437.0,20.0,0.04576659038901602
2025-07-03 15:00:00,437.0,1.0,0.002288329519450801
2025-07-03 16:00:00,437.0,232.0,0.5308924485125858
2025-07-03 17:00:00,437.0,215.0,0.4919908466819222
2025-07-03 18:00:00,437.0,155.0,0.35469107551487417
2025-07-03 19:00:00,437.0,148.0,0.33867276887871856
2025-07-03 20:00:00,437.0,108.0,0.2471395881006865
2025-07-03 21:00:00,437.0,3.0,0.006864988558352402
2025-07-03 22:00:00,437.0,0.0,0.0
2025-07-03 23:00:00,437.0,0.0,0.0
2025-07-04 00:00:00,437.0,0.0,0.0
2025-07-04 01:00:00,437.0,0.0,0.0
2025-07-04 02:00:00,437.0,0.0,0.0
2025-07-04 03:00:00,437.0,0.0,0.0
2025-07-04 04:00:00,437.0,0.0,0.0
2025-07-04 05:00:00,437.0,0.0,0.0
2025-07-04 06:00:00,407.0,0.0,0.0
2025-07-04 07:00:00,437.0,1.0,0.002288329519450801
2025-07-04 08:00:00,437.0,0.0,0.0
2025-07-04 09:00:00,437.0,1.0,0.002288329519450801
2025-07-04 10:00:00,437.0,1.0,0.002288329519450801
2025-07-04 11:00:00,437.0,1.0,0.002288329519450801
2025-07-04 12:00:00,437.0,0.0,0.0
2025-07-04 13:00:00,437.0,1.0,0.002288329519450801
2025-07-04 14:00:00,437.0,1.0,0.002288329519450801
2025-07-04 15:00:00,437.0,1.0,0.002288329519450801
2025-07-04 16:00:00,437.0,40.0,0.09153318077803203
2025-07-04 17:00:00,437.0,76.0,0.17391304347826086
2025-07-04 18:00:00,437.0,98.0,0.2242562929061785
2025-07-04 19:00:00,437.0,22.0,0.05034324942791762
2025-07-04 20:00:00,437.0,1.0,0.002288329519450801
2025-07-04 21:00:00,437.0,0.0,0.0
2025-07-04 22:00:00,437.0,0.0,0.0
2025-07-04 23:00:00,437.0,0.0,0.0
2025-07-05 00:00:00,437.0,0.0,0.0
2025-07-05 01:00:00,437.0,0.0,0.0
2025-07-05 02:00:00,437.0,0.0,0.0
2025-07-05 03:00:00,437.0,0.0,0.0
2025-07-05 04:00:00,437.0,0.0,0.0
2025-07-05 05:00:00,437.0,0.0,0.0
2025-07-05 06:00:00,437.0,0.0,0.0
2025-07-05 07:00:00,437.0,0.0,0.0
2025-07-05 08:00:00,437.0,1.0,0.002288329519450801
2025-07-05 09:00:00,437.0,0.0,0.0
2025-07-05 10:00:00,437.0,1.0,0.002288329519450801
2025-07-05 11:00:00,437.0,27.0,0.06178489702517163
2025-07-05 12:00:00,437.0,0.0,0.0
2025-07-05 13:00:00,437.0,0.0,0.0
2025-07-05 14:00:00,437.0,12.0,0.02745995423340961
2025-07-05 15:00:00,437.0,22.0,0.05034324942791762
2025-07-05 16:00:00,437.0,22.0,0.05034324942791762
2025-07-05 17:00:00,437.0,47.0,0.10755148741418764
2025-07-05 18:00:00,437.0,22.0,0.05034324942791762
2025-07-05 19:00:00,437.0,37.0,0.08466819221967964
2025-07-05 20:00:00,437.0,41.0,0.09382151029748284
2025-07-05 21:00:00,437.0,8.0,0.018306636155606407
2025-07-05 22:00:00,437.0,0.0,0.0
2025-07-05 23:00:00,437.0,0.0,0.0
2025-07-06 00:00:00,437.0,0.0,0.0
2025-07-06 01:00:00,437.0,0.0,0.0
2025-07-06 02:00:00,437.0,0.0,0.0
2025-07-06 03:00:00,437.0,0.0,0.0
2025-07-06 04:00:00,437.0,0.0,0.0
2025-07-06 05:00:00,437.0,0.0,0.0
2025-07-06 06:00:00,437.0,0.0,0.0
2025-07-06 07:00:00,437.0,1.0,0.002288329519450801
2025-07-06 08:00:00,437.0,0.0,0.0
2025-07-06 09:00:00,437.0,1.0,0.002288329519450801
2025-07-06 10:00:00,437.0,1.0,0.002288329519450801
2025-07-06 11:00:00,437.0,4.0,0.009153318077803204
2025-07-06 12:00:00,437.0,6.0,0.013729977116704805
2025-07-06 13:00:00,437.0,4.0,0.009153318077803204
2025-07-06 14:00:00,437.0,4.0,0.009153318077803204
2025-07-06 15:00:00,437.0,15.0,0.034324942791762014
2025-07-06 16:00:00,437.0,40.0,0.09153318077803203
2025-07-06 17:00:00,437.0,40.0,0.09153318077803203
2025-07-06 18:00:00,437.0,72.0,0.16475972540045766
2025-07-06 19:00:00,437.0,61.0,0.13958810068649885
2025-07-06 20:00:00,437.0,94.0,0.2151029748283753
2025-07-06 21:00:00,437.0,60.0,0.13729977116704806
2025-07-06 22:00:00,437.0,0.0,0.0
2025-07-06 23:00:00,437.0,0.0,0.0
2025-07-07 00:00:00,382.0,0.0,0.0
2025-07-07 01:00:00,382.0,0.0,0.0
2025-07-07 02:00:00,382.0,0.0,0.0
2025-07-07 03:00:00,382.0,0.0,0.0
2025-07-07 04:00:00,382.0,0.0,0.0
2025-07-07 05:00:00,382.0,0.0,0.0
2025-07-07 06:00:00,352.0,0.0,0.0
2025-07-07 07:00:00,382.0,0.0,0.0
2025-07-07 08:00:00,382.0,0.0,0.0
2025-07-07 09:00:00,382.0,14.0,0.03664921465968586
2025-07-07 10:00:00,382.0,14.0,0.03664921465968586
2025-07-07 11:00:00,382.0,23.0,0.060209424083769635
2025-07-07 12:00:00,382.0,39.0,0.10209424083769633
2025-07-07 13:00:00,382.0,40.0,0.10471204188481675
2025-07-07 14:00:00,382.0,47.0,0.12303664921465969
2025-07-07 15:00:00,382.0,77.0,0.20157068062827224
2025-07-07 16:00:00,382.0,114.0,0.29842931937172773
2025-07-07 17:00:00,382.0,115.0,0.3010471204188482
2025-07-07 18:00:00,382.0,78.0,0.20418848167539266
2025-07-07 19:00:00,382.0,40.0,0.10471204188481675
2025-07-07 20:00:00,382.0,27.0,0.07068062827225131
2025-07-07 21:00:00,382.0,0.0,0.0
2025-07-07 22:00:00,382.0,0.0,0.0
2025-07-07 23:00:00,382.0,0.0,0.0
2025-07-08 00:00:00,382.0,0.0,0.0
2025-07-08 01:00:00,382.0,0.0,0.0
2025-07-08 02:00:00,382.0,0.0,0.0
2025-07-08 03:00:00,382.0,0.0,0.0
2025-07-08 04:00:00,382.0,0.0,0.0
2025-07-08 05:00:00,382.0,1.0,0.002617801047120419
2025-07-08 06:00:00,352.0,0.0,0.0
2025-07-08 07:00:00,352.0,0.0,0.0
2025-07-08 08:00:00,382.0,0.0,0.0
2025-07-08 09:00:00,382.0,1.0,0.002617801047120419
2025-07-08 10:00:00,382.0,1.0,0.002617801047120419
2025-07-08 11:00:00,382.0,0.0,0.0
2025-07-08 12:00:00,382.0,12.0,0.031413612565445025
2025-07-08 13:00:00,382.0,14.0,0.03664921465968586
2025-07-08 14:00:00,382.0,14.0,0.03664921465968586
2025-07-08 15:00:00,382.0,17.0,0.04450261780104712
2025-07-08 16:00:00,382.0,61.0,0.15968586387434555
2025-07-08 17:00:00,382.0,213.0,0.5575916230366492
2025-07-08 18:00:00,382.0,183.0,0.4790575916230366
2025-07-08 19:00:00,382.0,40.0,0.10471204188481675
2025-07-08 20:00:00,382.0,45.0,0.11780104712041885
2025-07-08 21:00:00,382.0,6.0,0.015706806282722512
2025-07-08 22:00:00,382.0,0.0,0.0
2025-07-08 23:00:00,382.0,0.0,0.0
2025-07-09 00:00:00,382.0,0.0,0.0
2025-07-09 01:00:00,382.0,0.0,0.0
2025-07-09 02:00:00,382.0,0.0,0.0
2025-07-09 03:00:00,382.0,0.0,0.0
2025-07-09 04:00:00,382.0,0.0,0.0
2025-07-09 05:00:00,382.0,0.0,0.0
2025-07-09 06:00:00,352.0,0.0,0.0
2025-07-09 07:00:00,382.0,0.0,0.0
2025-07-09 08:00:00,382.0,13.0,0.034031413612565446
2025-07-09 09:00:00,382.0,16.0,0.041884816753926704
2025-07-09 10:00:00,384.0,39.0,0.1015625
2025-07-09 11:00:00,389.0,8.0,0.02056555269922879
2025-07-09 12:00:00,383.0,2.0,0.005221932114882507
2025-07-09 13:00:00,382.0,0.0,0.0
2025-07-09 14:00:00,382.0,44.0,0.11518324607329843
2025-07-09 15:00:00,382.0,115.0,0.3010471204188482
2025-07-09 16:00:00,382.0,84.0,0.2198952879581152
2025-07-09 17:00:00,382.0,191.0,0.5
2025-07-09 18:00:00,382.0,123.0,0.3219895287958115
2025-07-09 19:00:00,382.0,100.0,0.2617801047120419
2025-07-09 20:00:00,382.0,47.0,0.12303664921465969
2025-07-09 21:00:00,382.0,23.0,0.060209424083769635
2025-07-09 22:00:00,382.0,46.0,0.12041884816753927
2025-07-09 23:00:00,382.0,1.0,0.002617801047120419
2025-07-10 00:00:00,382.0,0.0,0.0
2025-07-10 01:00:00,382.0,0.0,0.0
2025-07-10 02:00:00,382.0,0.0,0.0
2025-07-10 03:00:00,382.0,0.0,0.0
2025-07-10 04:00:00,382.0,0.0,0.0
2025-07-10 05:00:00,382.0,1.0,0.002617801047120419
2025-07-10 06:00:00,352.0,1.0,0.002840909090909091
2025-07-10 07:00:00,352.0,0.0,0.0
2025-07-10 08:00:00,382.0,1.0,0.002617801047120419
2025-07-10 09:00:00,382.0,6.0,0.015706806282722512
2025-07-10 10:00:00,429.0,47.0,0.10955710955710955
2025-07-10 11:00:00,383.0,16.0,0.04177545691906005
2025-07-10 12:00:00,382.0,14.0,0.03664921465968586
2025-07-10 13:00:00,382.0,28.0,0.07329842931937172
2025-07-10 14:00:00,382.0,31.0,0.08115183246073299
2025-07-10 15:00:00,382.0,33.0,0.08638743455497382
2025-07-10 16:00:00,415.0,128.0,0.30843373493975906
2025-07-10 17:00:00,432.0,147.0,0.3402777777777778
2025-07-10 18:00:00,432.0,147.0,0.3402777777777778
2025-07-10 19:00:00,432.0,221.0,0.5115740740740741
2025-07-10 20:00:00,432.0,213.0,0.4930555555555556
2025-07-10 21:00:00,382.0,57.0,0.14921465968586387
2025-07-10 22:00:00,382.0,0.0,0.0
2025-07-10 23:00:00,382.0,0.0,0.0
2025-07-11 00:00:00,382.0,0.0,0.0
2025-07-11 01:00:00,382.0,0.0,0.0
2025-07-11 02:00:00,382.0,0.0,0.0
2025-07-11 03:00:00,382.0,0.0,0.0
2025-07-11 04:00:00,382.0,0.0,0.0
2025-07-11 05:00:00,382.0,0.0,0.0
2025-07-11 06:00:00,352.0,1.0,0.002840909090909091
2025-07-11 07:00:00,382.0,0.0,0.0
2025-07-11 08:00:00,382.0,1.0,0.002617801047120419
2025-07-11 09:00:00,382.0,1.0,0.002617801047120419
2025-07-11 10:00:00,382.0,14.0,0.03664921465968586
2025-07-11 11:00:00,382.0,2.0,0.005235602094240838
2025-07-11 12:00:00,382.0,13.0,0.034031413612565446
2025-07-11 13:00:00,382.0,15.0,0.03926701570680628
2025-07-11 14:00:00,382.0,4.0,0.010471204188481676
2025-07-11 15:00:00,382.0,4.0,0.010471204188481676
2025-07-11 16:00:00,382.0,15.0,0.03926701570680628
2025-07-11 17:00:00,382.0,43.0,0.112565445026178
2025-07-11 18:00:00,382.0,15.0,0.03926701570680628
2025-07-11 19:00:00,382.0,14.0,0.03664921465968586
2025-07-11 20:00:00,382.0,216.0,0.5654450261780105
2025-07-11 21:00:00,382.0,82.0,0.21465968586387435
2025-07-11 22:00:00,382.0,63.0,0.1649214659685864
2025-07-11 23:00:00,382.0,0.0,0.0
2025-07-12 00:00:00,382.0,0.0,0.0
2025-07-12 01:00:00,382.0,0.0,0.0
2025-07-12 02:00:00,382.0,0.0,0.0
2025-07-12 03:00:00,382.0,0.0,0.0
2025-07-12 04:00:00,382.0,0.0,0.0
2025-07-12 05:00:00,382.0,0.0,0.0
2025-07-12 06:00:00,382.0,0.0,0.0
2025-07-12 07:00:00,382.0,1.0,0.002617801047120419
2025-07-12 08:00:00,382.0,1.0,0.002617801047120419
2025-07-12 09:00:00,382.0,1.0,0.002617801047120419
2025-07-12 10:00:00,382.0,1.0,0.002617801047120419
2025-07-12 11:00:00,382.0,0.0,0.0
2025-07-12 12:00:00,382.0,0.0,0.0
2025-07-12 13:00:00,382.0,0.0,0.0
2025-07-12 14:00:00,382.0,0.0,0.0
2025-07-12 15:00:00,382.0,16.0,0.041884816753926704
2025-07-12 16:00:00,382.0,149.0,0.3900523560209424
2025-07-12 17:00:00,382.0,86.0,0.225130890052356
2025-07-12 18:00:00,382.0,86.0,0.225130890052356
2025-07-12 19:00:00,382.0,25.0,0.06544502617801047
2025-07-12 20:00:00,382.0,15.0,0.03926701570680628
2025-07-12 21:00:00,382.0,24.0,0.06282722513089005
2025-07-12 22:00:00,382.0,114.0,0.29842931937172773
2025-07-12 23:00:00,382.0,0.0,0.0
2025-07-13 00:00:00,382.0,0.0,0.0
2025-07-13 01:00:00,382.0,0.0,0.0
2025-07-13 02:00:00,382.0,0.0,0.0
2025-07-13 03:00:00,382.0,0.0,0.0
2025-07-13 04:00:00,382.0,0.0,0.0
2025-07-13 05:00:00,382.0,0.0,0.0
2025-07-13 06:00:00,382.0,0.0,0.0
2025-07-13 07:00:00,382.0,1.0,0.002617801047120419
2025-07-13 08:00:00,382.0,1.0,0.002617801047120419
2025-07-13 09:00:00,382.0,1.0,0.002617801047120419
2025-07-13 10:00:00,382.0,1.0,0.002617801047120419
2025-07-13 11:00:00,382.0,1.0,0.002617801047120419
2025-07-13 12:00:00,382.0,55.0,0.14397905759162305
2025-07-13 13:00:00,382.0,1.0,0.002617801047120419
2025-07-13 14:00:00,382.0,19.0,0.049738219895287955
2025-07-13 15:00:00,382.0,27.0,0.07068062827225131
2025-07-13 16:00:00,382.0,118.0,0.3089005235602094
2025-07-13 17:00:00,382.0,105.0,0.27486910994764396
2025-07-13 18:00:00,382.0,17.0,0.04450261780104712
2025-07-13 19:00:00,382.0,76.0,0.19895287958115182
2025-07-13 20:00:00,382.0,137.0,0.3586387434554974
2025-07-13 21:00:00,382.0,22.0,0.05759162303664921
2025-07-13 22:00:00,382.0,0.0,0.0
2025-07-13 23:00:00,382.0,0.0,0.0
2025-07-14 00:00:00,382.0,0.0,0.0
2025-07-14 01:00:00,382.0,0.0,0.0
2025-07-14 02:00:00,382.0,0.0,0.0
2025-07-14 03:00:00,382.0,0.0,0.0
2025-07-14 04:00:00,382.0,0.0,0.0
2025-07-14 05:00:00,382.0,0.0,0.0
2025-07-14 06:00:00,352.0,0.0,0.0
2025-07-14 07:00:00,352.0,0.0,0.0
2025-07-14 08:00:00,382.0,1.0,0.002617801047120419
2025-07-14 09:00:00,382.0,1.0,0.002617801047120419
2025-07-14 10:00:00,382.0,1.0,0.002617801047120419
2025-07-14 11:00:00,382.0,4.0,0.010471204188481676
2025-07-14 12:00:00,382.0,4.0,0.010471204188481676
2025-07-14 13:00:00,382.0,5.0,0.013089005235602094
2025-07-14 14:00:00,382.0,4.0,0.010471204188481676
2025-07-14 15:00:00,382.0,15.0,0.03926701570680628
2025-07-14 16:00:00,382.0,76.0,0.19895287958115182
2025-07-14 17:00:00,382.0,77.0,0.20157068062827224
2025-07-14 18:00:00,382.0,53.0,0.1387434554973822
2025-07-14 19:00:00,382.0,52.0,0.13612565445026178
2025-07-14 20:00:00,382.0,65.0,0.17015706806282724
2025-07-14 21:00:00,382.0,14.0,0.03664921465968586
2025-07-14 22:00:00,382.0,0.0,0.0
2025-07-14 23:00:00,382.0,0.0,0.0
2025-07-15 00:00:00,382.0,0.0,0.0
2025-07-15 01:00:00,382.0,0.0,0.0
2025-07-15 02:00:00,382.0,0.0,0.0
2025-07-15 03:00:00,382.0,0.0,0.0
2025-07-15 04:00:00,382.0,0.0,0.0
2025-07-15 05:00:00,382.0,1.0,0.002617801047120419
2025-07-15 06:00:00,352.0,0.0,0.0
2025-07-15 07:00:00,352.0,1.0,0.002840909090909091
2025-07-15 08:00:00,382.0,1.0,0.002617801047120419
2025-07-15 09:00:00,382.0,1.0,0.002617801047120419
2025-07-15 10:00:00,382.0,0.0,0.0
2025-07-15 11:00:00,382.0,0.0,0.0
2025-07-15 12:00:00,382.0,0.0,0.0
2025-07-15 13:00:00,382.0,1.0,0.002617801047120419
2025-07-15 14:00:00,382.0,73.0,0.19109947643979058
2025-07-15 15:00:00,382.0,115.0,0.3010471204188482
2025-07-15 16:00:00,382.0,128.0,0.33507853403141363
2025-07-15 17:00:00,382.0,91.0,0.23821989528795812
2025-07-15 18:00:00,382.0,171.0,0.4476439790575916
2025-07-15 19:00:00,382.0,232.0,0.6073298429319371
2025-07-15 20:00:00,382.0,178.0,0.46596858638743455
2025-07-15 21:00:00,257.0,10.0,0.038910505836575876
2025-07-15 22:00:00,257.0,0.0,0.0
2025-07-15 23:00:00,382.0,0.0,0.0
2025-07-16 00:00:00,382.0,0.0,0.0
2025-07-16 01:00:00,382.0,0.0,0.0
2025-07-16 02:00:00,382.0,0.0,0.0
2025-07-16 03:00:00,382.0,0.0,0.0
2025-07-16 04:00:00,382.0,0.0,0.0
2025-07-16 05:00:00,382.0,0.0,0.0
2025-07-16 06:00:00,132.0,0.0,0.0
2025-07-16 07:00:00,132.0,0.0,0.0
2025-07-16 08:00:00,382.0,0.0,0.0
2025-07-16 09:00:00,382.0,0.0,0.0
2025-07-16 10:00:00,382.0,16.0,0.041884816753926704
2025-07-16 11:00:00,386.0,17.0,0.04404145077720207
2025-07-16 12:00:00,420.0,88.0,0.20952380952380953
2025-07-16 13:00:00,432.0,92.0,0.21296296296296297
2025-07-16 14:00:00,401.0,109.0,0.2718204488778055
2025-07-16 15:00:00,382.0,77.0,0.20157068062827224
2025-07-16 16:00:00,382.0,112.0,0.2931937172774869
2025-07-16 17:00:00,382.0,112.0,0.2931937172774869
2025-07-16 18:00:00,382.0,189.0,0.49476439790575916
2025-07-16 19:00:00,382.0,181.0,0.4738219895287958
2025-07-16 20:00:00,132.0,153.0,1.0
2025-07-16 21:00:00,132.0,0.0,0.0
2025-07-16 22:00:00,382.0,0.0,0.0
2025-07-16 23:00:00,382.0,0.0,0.0
2025-07-17 00:00:00,382.0,0.0,0.0
2025-07-17 01:00:00,382.0,0.0,0.0
2025-07-17 02:00:00,382.0,0.0,0.0
2025-07-17 03:00:00,382.0,0.0,0.0
2025-07-17 04:00:00,382.0,0.0,0.0
2025-07-17 05:00:00,382.0,0.0,0.0
2025-07-17 06:00:00,352.0,0.0,0.0
2025-07-17 07:00:00,352.0,0.0,0.0
2025-07-17 08:00:00,382.0,0.0,0.0
2025-07-17 09:00:00,382.0,0.0,0.0
2025-07-17 10:00:00,382.0,0.0,0.0
2025-07-17 11:00:00,425.0,43.0,0.1011764705882353
2025-07-17 12:00:00,404.0,30.0,0.07425742574257425
2025-07-17 13:00:00,396.0,16.0,0.04040404040404041
2025-07-17 14:00:00,406.0,28.0,0.06896551724137931
2025-07-17 15:00:00,385.0,7.0,0.01818181818181818
2025-07-17 16:00:00,382.0,6.0,0.015706806282722512
2025-07-17 17:00:00,382.0,5.0,0.013089005235602094
2025-07-17 18:00:00,382.0,4.0,0.010471204188481676
2025-07-17 19:00:00,382.0,0.0,0.0
2025-07-17 20:00:00,382.0,0.0,0.0
2025-07-17 21:00:00,382.0,0.0,0.0
2025-07-17 22:00:00,382.0,0.0,0.0
2025-07-17 23:00:00,382.0,0.0,0.0
2025-07-18 00:00:00,382.0,0.0,0.0
2025-07-18 01:00:00,382.0,0.0,0.0
2025-07-18 02:00:00,382.0,0.0,0.0
2025-07-18 03:00:00,382.0,0.0,0.0
2025-07-18 04:00:00,382.0,0.0,0.0
2025-07-18 05:00:00,382.0,0.0,0.0
2025-07-18 06:00:00,352.0,0.0,0.0
2025-07-18 07:00:00,352.0,0.0,0.0
2025-07-18 08:00:00,382.0,0.0,0.0
2025-07-18 09:00:00,431.0,49.0,0.1136890951276102
2025-07-18 10:00:00,406.0,24.0,0.059113300492610835
2025-07-18 11:00:00,382.0,0.0,0.0
2025-07-18 12:00:00,402.0,20.0,0.04975124378109453
2025-07-18 13:00:00,383.0,1.0,0.0026109660574412533
2025-07-18 14:00:00,382.0,0.0,0.0
2025-07-18 15:00:00,382.0,0.0,0.0
2025-07-18 16:00:00,382.0,27.0,0.07068062827225131
2025-07-18 17:00:00,382.0,27.0,0.07068062827225131
2025-07-18 18:00:00,382.0,27.0,0.07068062827225131
2025-07-18 19:00:00,382.0,27.0,0.07068062827225131
2025-07-18 20:00:00,382.0,55.0,0.14397905759162305
2025-07-18 21:00:00,382.0,0.0,0.0
2025-07-18 22:00:00,382.0,0.0,0.0
2025-07-18 23:00:00,382.0,0.0,0.0
2025-07-19 00:00:00,382.0,0.0,0.0
2025-07-19 01:00:00,382.0,0.0,0.0
2025-07-19 02:00:00,382.0,0.0,0.0
2025-07-19 03:00:00,382.0,0.0,0.0
2025-07-19 04:00:00,382.0,0.0,0.0
2025-07-19 05:00:00,382.0,0.0,0.0
2025-07-19 06:00:00,382.0,0.0,0.0
2025-07-19 07:00:00,382.0,0.0,0.0
2025-07-19 08:00:00,382.0,0.0,0.0
2025-07-19 09:00:00,382.0,0.0,0.0
2025-07-19 10:00:00,382.0,0.0,0.0
2025-07-19 11:00:00,382.0,0.0,0.0
2025-07-19 12:00:00,382.0,0.0,0.0
2025-07-19 13:00:00,382.0,0.0,0.0
2025-07-19 14:00:00,382.0,0.0,0.0
2025-07-19 15:00:00,382.0,0.0,0.0
2025-07-19 16:00:00,382.0,1.0,0.002617801047120419
2025-07-19 17:00:00,382.0,0.0,0.0
2025-07-19 18:00:00,382.0,12.0,0.031413612565445025
2025-07-19 19:00:00,382.0,62.0,0.16230366492146597
2025-07-19 20:00:00,382.0,67.0,0.17539267015706805
2025-07-19 21:00:00,382.0,87.0,0.22774869109947643
2025-07-19 22:00:00,382.0,0.0,0.0
2025-07-19 23:00:00,382.0,0.0,0.0
2025-07-20 00:00:00,382.0,0.0,0.0
2025-07-20 01:00:00,382.0,0.0,0.0
2025-07-20 02:00:00,382.0,0.0,0.0
2025-07-20 03:00:00,382.0,0.0,0.0
2025-07-20 04:00:00,382.0,0.0,0.0
2025-07-20 05:00:00,382.0,0.0,0.0
2025-07-20 06:00:00,382.0,0.0,0.0
2025-07-20 07:00:00,382.0,0.0,0.0
2025-07-20 08:00:00,382.0,27.0,0.07068062827225131
2025-07-20 09:00:00,382.0,0.0,0.0
2025-07-20 10:00:00,382.0,0.0,0.0
2025-07-20 11:00:00,382.0,0.0,0.0
2025-07-20 12:00:00,382.0,2.0,0.005235602094240838
2025-07-20 13:00:00,382.0,0.0,0.0
2025-07-20 14:00:00,382.0,0.0,0.0
2025-07-20 15:00:00,382.0,0.0,0.0
2025-07-20 16:00:00,382.0,27.0,0.07068062827225131
2025-07-20 17:00:00,382.0,27.0,0.07068062827225131
2025-07-20 18:00:00,382.0,34.0,0.08900523560209424
2025-07-20 19:00:00,382.0,95.0,0.2486910994764398
2025-07-20 20:00:00,382.0,33.0,0.08638743455497382
2025-07-20 21:00:00,382.0,78.0,0.20418848167539266
2025-07-20 22:00:00,382.0,0.0,0.0
2025-07-20 23:00:00,382.0,0.0,0.0
2025-07-21 00:00:00,382.0,0.0,0.0
2025-07-21 01:00:00,382.0,0.0,0.0
2025-07-21 02:00:00,382.0,0.0,0.0
2025-07-21 03:00:00,382.0,0.0,0.0
2025-07-21 04:00:00,382.0,0.0,0.0
2025-07-21 05:00:00,382.0,0.0,0.0
2025-07-21 06:00:00,352.0,0.0,0.0
2025-07-21 07:00:00,352.0,0.0,0.0
2025-07-21 08:00:00,382.0,0.0,0.0
2025-07-21 09:00:00,382.0,4.0,0.010471204188481676
2025-07-21 10:00:00,382.0,1.0,0.002617801047120419
2025-07-21 11:00:00,382.0,0.0,0.0
2025-07-21 12:00:00,385.0,3.0,0.007792207792207792
2025-07-21 13:00:00,382.0,0.0,0.0
2025-07-21 14:00:00,382.0,0.0,0.0
2025-07-21 15:00:00,382.0,0.0,0.0
2025-07-21 16:00:00,382.0,23.0,0.060209424083769635
2025-07-21 17:00:00,382.0,39.0,0.10209424083769633
2025-07-21 18:00:00,382.0,1.0,0.002617801047120419
2025-07-21 19:00:00,382.0,0.0,0.0
2025-07-21 20:00:00,382.0,0.0,0.0
2025-07-21 21:00:00,382.0,1.0,0.002617801047120419
2025-07-21 22:00:00,382.0,0.0,0.0
2025-07-21 23:00:00,382.0,0.0,0.0
2025-07-22 00:00:00,382.0,0.0,0.0
2025-07-22 01:00:00,382.0,0.0,0.0
2025-07-22 02:00:00,382.0,0.0,0.0
2025-07-22 03:00:00,382.0,0.0,0.0
2025-07-22 04:00:00,382.0,0.0,0.0
2025-07-22 05:00:00,382.0,1.0,0.002617801047120419
2025-07-22 06:00:00,352.0,0.0,0.0
2025-07-22 07:00:00,352.0,0.0,0.0
2025-07-22 08:00:00,382.0,0.0,0.0
2025-07-22 09:00:00,382.0,1.0,0.002617801047120419
2025-07-22 10:00:00,382.0,1.0,0.002617801047120419
2025-07-22 11:00:00,382.0,0.0,0.0
2025-07-22 12:00:00,382.0,0.0,0.0
2025-07-22 13:00:00,382.0,0.0,0.0
2025-07-22 14:00:00,382.0,4.0,0.010471204188481676
2025-07-22 15:00:00,382.0,38.0,0.09947643979057591
2025-07-22 16:00:00,382.0,107.0,0.2801047120418848
2025-07-22 17:00:00,382.0,109.0,0.28534031413612565
2025-07-22 18:00:00,382.0,125.0,0.32722513089005234
2025-07-22 19:00:00,382.0,83.0,0.21727748691099477
2025-07-22 20:00:00,382.0,27.0,0.07068062827225131
2025-07-22 21:00:00,382.0,0.0,0.0
2025-07-22 22:00:00,382.0,0.0,0.0
2025-07-22 23:00:00,382.0,0.0,0.0
2025-07-23 00:00:00,382.0,0.0,0.0
2025-07-23 01:00:00,382.0,0.0,0.0
2025-07-23 02:00:00,382.0,0.0,0.0
2025-07-23 03:00:00,382.0,0.0,0.0
2025-07-23 04:00:00,382.0,0.0,0.0
2025-07-23 05:00:00,382.0,0.0,0.0
2025-07-23 06:00:00,352.0,0.0,0.0
2025-07-23 07:00:00,352.0,0.0,0.0
2025-07-23 08:00:00,382.0,0.0,0.0
2025-07-23 09:00:00,382.0,0.0,0.0
2025-07-23 10:00:00,382.0,0.0,0.0
2025-07-23 11:00:00,382.0,0.0,0.0
2025-07-23 12:00:00,382.0,1.0,0.002617801047120419
2025-07-23 13:00:00,382.0,0.0,0.0
2025-07-23 14:00:00,382.0,0.0,0.0
2025-07-23 15:00:00,382.0,38.0,0.09947643979057591
2025-07-23 16:00:00,382.0,181.0,0.4738219895287958
2025-07-23 17:00:00,382.0,181.0,0.4738219895287958
2025-07-23 18:00:00,382.0,205.0,0.5366492146596858
2025-07-23 19:00:00,382.0,31.0,0.08115183246073299
2025-07-23 20:00:00,382.0,0.0,0.0
2025-07-23 21:00:00,382.0,0.0,0.0
2025-07-23 22:00:00,382.0,0.0,0.0
2025-07-23 23:00:00,382.0,0.0,0.0
2025-07-24 00:00:00,382.0,0.0,0.0
2025-07-24 01:00:00,382.0,0.0,0.0
2025-07-24 02:00:00,382.0,0.0,0.0
2025-07-24 03:00:00,382.0,0.0,0.0
2025-07-24 04:00:00,382.0,0.0,0.0
2025-07-24 05:00:00,382.0,0.0,0.0
2025-07-24 06:00:00,352.0,0.0,0.0
2025-07-24 07:00:00,352.0,0.0,0.0
2025-07-24 08:00:00,382.0,0.0,0.0
2025-07-24 09:00:00,382.0,0.0,0.0
2025-07-24 10:00:00,382.0,0.0,0.0
2025-07-24 11:00:00,382.0,0.0,0.0
2025-07-24 12:00:00,382.0,1.0,0.002617801047120419
2025-07-24 13:00:00,382.0,4.0,0.010471204188481676
2025-07-24 14:00:00,382.0,4.0,0.010471204188481676
2025-07-24 15:00:00,382.0,8.0,0.020942408376963352
2025-07-24 16:00:00,382.0,124.0,0.32460732984293195
2025-07-24 17:00:00,382.0,151.0,0.39528795811518325
2025-07-24 18:00:00,382.0,152.0,0.39790575916230364
2025-07-24 19:00:00,382.0,123.0,0.3219895287958115
2025-07-24 20:00:00,382.0,4.0,0.010471204188481676
2025-07-24 21:00:00,382.0,65.0,0.17015706806282724
2025-07-24 22:00:00,382.0,4.0,0.010471204188481676
2025-07-24 23:00:00,382.0,0.0,0.0
2025-07-25 00:00:00,382.0,0.0,0.0
2025-07-25 01:00:00,382.0,0.0,0.0
2025-07-25 02:00:00,382.0,0.0,0.0
2025-07-25 03:00:00,382.0,0.0,0.0
2025-07-25 04:00:00,382.0,0.0,0.0
2025-07-25 05:00:00,382.0,0.0,0.0
2025-07-25 06:00:00,352.0,0.0,0.0
2025-07-25 07:00:00,382.0,0.0,0.0
2025-07-25 08:00:00,382.0,3.0,0.007853403141361256
2025-07-25 09:00:00,382.0,8.0,0.020942408376963352
2025-07-25 10:00:00,382.0,30.0,0.07853403141361257
2025-07-25 11:00:00,382.0,54.0,0.14136125654450263
2025-07-25 12:00:00,382.0,60.0,0.15706806282722513
2025-07-25 13:00:00,382.0,80.0,0.2094240837696335
2025-07-25 14:00:00,382.0,76.0,0.19895287958115182
2025-07-25 15:00:00,382.0,98.0,0.25654450261780104
2025-07-25 16:00:00,382.0,81.0,0.21204188481675393
2025-07-25 17:00:00,382.0,125.0,0.32722513089005234
2025-07-25 18:00:00,382.0,173.0,0.45287958115183247
2025-07-25 19:00:00,382.0,121.0,0.31675392670157065
2025-07-25 20:00:00,382.0,101.0,0.2643979057591623
2025-07-25 21:00:00,132.0,55.0,0.4166666666666667
2025-07-25 22:00:00,132.0,0.0,0.0
2025-07-25 23:00:00,382.0,0.0,0.0
2025-07-26 00:00:00,382.0,0.0,0.0
2025-07-26 01:00:00,382.0,0.0,0.0
2025-07-26 02:00:00,382.0,0.0,0.0
2025-07-26 03:00:00,382.0,0.0,0.0
2025-07-26 04:00:00,382.0,0.0,0.0
2025-07-26 05:00:00,382.0,0.0,0.0
2025-07-26 06:00:00,382.0,0.0,0.0
2025-07-26 07:00:00,382.0,0.0,0.0
2025-07-26 08:00:00,382.0,0.0,0.0
2025-07-26 09:00:00,382.0,0.0,0.0
2025-07-26 10:00:00,382.0,0.0,0.0
2025-07-26 11:00:00,382.0,27.0,0.07068062827225131
2025-07-26 12:00:00,382.0,27.0,0.07068062827225131
2025-07-26 13:00:00,382.0,27.0,0.07068062827225131
2025-07-26 14:00:00,382.0,52.0,0.13612565445026178
2025-07-26 15:00:00,382.0,32.0,0.08376963350785341
2025-07-26 16:00:00,382.0,52.0,0.13612565445026178
2025-07-26 17:00:00,382.0,54.0,0.14136125654450263
2025-07-26 18:00:00,382.0,85.0,0.22251308900523561
2025-07-26 19:00:00,382.0,112.0,0.2931937172774869
2025-07-26 20:00:00,382.0,120.0,0.31413612565445026
2025-07-26 21:00:00,382.0,4.0,0.010471204188481676
2025-07-26 22:00:00,382.0,0.0,0.0
2025-07-26 23:00:00,382.0,0.0,0.0
2025-07-27 00:00:00,382.0,0.0,0.0
2025-07-27 01:00:00,382.0,0.0,0.0
2025-07-27 02:00:00,382.0,0.0,0.0
2025-07-27 03:00:00,382.0,0.0,0.0
2025-07-27 04:00:00,382.0,0.0,0.0
2025-07-27 05:00:00,382.0,0.0,0.0
2025-07-27 06:00:00,382.0,0.0,0.0
2025-07-27 07:00:00,382.0,0.0,0.0
2025-07-27 08:00:00,382.0,0.0,0.0
2025-07-27 09:00:00,382.0,0.0,0.0
2025-07-27 10:00:00,382.0,25.0,0.06544502617801047
2025-07-27 11:00:00,382.0,27.0,0.07068062827225131
2025-07-27 12:00:00,382.0,27.0,0.07068062827225131
2025-07-27 13:00:00,382.0,27.0,0.07068062827225131
2025-07-27 14:00:00,382.0,27.0,0.07068062827225131
2025-07-27 15:00:00,382.0,27.0,0.07068062827225131
2025-07-27 16:00:00,382.0,53.0,0.1387434554973822
2025-07-27 17:00:00,382.0,99.0,0.2591623036649215
2025-07-27 18:00:00,382.0,110.0,0.2879581151832461
2025-07-27 19:00:00,382.0,55.0,0.14397905759162305
2025-07-27 20:00:00,382.0,180.0,0.4712041884816754
2025-07-27 21:00:00,382.0,80.0,0.2094240837696335
2025-07-27 22:00:00,382.0,0.0,0.0
2025-07-27 23:00:00,382.0,0.0,0.0
2025-07-28 00:00:00,382.0,0.0,0.0
2025-07-28 01:00:00,437.0,0.0,0.0
2025-07-28 02:00:00,437.0,0.0,0.0
2025-07-28 03:00:00,437.0,0.0,0.0
2025-07-28 04:00:00,437.0,1.0,0.002288329519450801
2025-07-28 05:00:00,437.0,1.0,0.002288329519450801
2025-07-28 06:00:00,407.0,0.0,0.0
2025-07-28 07:00:00,407.0,1.0,0.002457002457002457
2025-07-28 08:00:00,437.0,1.0,0.002288329519450801
2025-07-28 09:00:00,437.0,1.0,0.002288329519450801
2025-07-28 10:00:00,437.0,1.0,0.002288329519450801
2025-07-28 11:00:00,437.0,4.0,0.009153318077803204
2025-07-28 12:00:00,437.0,4.0,0.009153318077803204
2025-07-28 13:00:00,437.0,20.0,0.04576659038901602
2025-07-28 14:00:00,437.0,68.0,0.15560640732265446
2025-07-28 15:00:00,437.0,75.0,0.17162471395881007
2025-07-28 16:00:00,437.0,104.0,0.2379862700228833
2025-07-28 17:00:00,437.0,76.0,0.17391304347826086
2025-07-28 18:00:00,437.0,105.0,0.2402745995423341
2025-07-28 19:00:00,437.0,79.0,0.18077803203661327
2025-07-28 20:00:00,437.0,114.0,0.2608695652173913
2025-07-28 21:00:00,437.0,53.0,0.12128146453089245
2025-07-28 22:00:00,437.0,0.0,0.0
2025-07-28 23:00:00,437.0,0.0,0.0
2025-07-29 00:00:00,437.0,0.0,0.0
2025-07-29 01:00:00,437.0,0.0,0.0
2025-07-29 02:00:00,437.0,0.0,0.0
2025-07-29 03:00:00,437.0,0.0,0.0
2025-07-29 04:00:00,437.0,1.0,0.002288329519450801
2025-07-29 05:00:00,437.0,0.0,0.0
2025-07-29 06:00:00,407.0,0.0,0.0
2025-07-29 07:00:00,407.0,1.0,0.002457002457002457
2025-07-29 08:00:00,437.0,1.0,0.002288329519450801
2025-07-29 09:00:00,437.0,1.0,0.002288329519450801
2025-07-29 10:00:00,437.0,1.0,0.002288329519450801
2025-07-29 11:00:00,437.0,1.0,0.002288329519450801
2025-07-29 12:00:00,437.0,73.0,0.16704805491990846
2025-07-29 13:00:00,437.0,54.0,0.12356979405034325
2025-07-29 14:00:00,312.0,38.0,0.12179487179487179
2025-07-29 15:00:00,312.0,42.0,0.1346153846153846
2025-07-29 16:00:00,312.0,40.0,0.1282051282051282
2025-07-29 17:00:00,312.0,55.0,0.1762820512820513
2025-07-29 18:00:00,312.0,113.0,0.36217948717948717
2025-07-29 19:00:00,312.0,122.0,0.391025641025641
2025-07-29 20:00:00,187.0,51.0,0.2727272727272727
2025-07-29 21:00:00,287.0,0.0,0.0
2025-07-29 22:00:00,387.0,0.0,0.0
2025-07-29 23:00:00,387.0,0.0,0.0
2025-07-30 00:00:00,387.0,0.0,0.0
2025-07-30 01:00:00,387.0,0.0,0.0
2025-07-30 02:00:00,387.0,0.0,0.0
2025-07-30 03:00:00,387.0,0.0,0.0
2025-07-30 04:00:00,387.0,0.0,0.0
2025-07-30 05:00:00,387.0,0.0,0.0
2025-07-30 06:00:00,387.0,0.0,0.0
2025-07-30 07:00:00,387.0,0.0,0.0
2025-07-30 08:00:00,387.0,0.0,0.0
2025-07-30 09:00:00,387.0,0.0,0.0
2025-07-30 10:00:00,387.0,0.0,0.0
2025-07-30 11:00:00,387.0,23.0,0.059431524547803614
2025-07-30 12:00:00,387.0,35.0,0.09043927648578812
2025-07-30 13:00:00,387.0,6.0,0.015503875968992248
2025-07-30 14:00:00,387.0,93.0,0.24031007751937986
2025-07-30 15:00:00,387.0,144.0,0.37209302325581395
2025-07-30 16:00:00,387.0,134.0,0.3462532299741602
2025-07-30 17:00:00,387.0,176.0,0.45478036175710596
2025-07-30 18:00:00,387.0,98.0,0.2532299741602067
2025-07-30 19:00:00,387.0,75.0,0.1937984496124031
2025-07-30 20:00:00,387.0,26.0,0.06718346253229975
2025-07-30 21:00:00,387.0,0.0,0.0
2025-07-30 22:00:00,387.0,0.0,0.0
2025-07-30 23:00:00,387.0,0.0,0.0
2025-07-31 00:00:00,387.0,0.0,0.0
2025-07-31 01:00:00,387.0,0.0,0.0
2025-07-31 02:00:00,387.0,0.0,0.0
2025-07-31 03:00:00,387.0,0.0,0.0
2025-07-31 04:00:00,387.0,0.0,0.0
2025-07-31 05:00:00,387.0,0.0,0.0
2025-07-31 06:00:00,287.0,0.0,0.0
2025-07-31 07:00:00,312.0,0.0,0.0
2025-07-31 08:00:00,312.0,1.0,0.003205128205128205
2025-07-31 09:00:00,437.0,1.0,0.002288329519450801
2025-07-31 10:00:00,437.0,1.0,0.002288329519450801
2025-07-31 11:00:00,437.0,1.0,0.002288329519450801
2025-07-31 12:00:00,437.0,22.0,0.05034324942791762
2025-07-31 13:00:00,437.0,10.0,0.02288329519450801
2025-07-31 14:00:00,437.0,8.0,0.018306636155606407
2025-07-31 15:00:00,437.0,25.0,0.057208237986270026
2025-07-31 16:00:00,437.0,60.0,0.13729977116704806
2025-07-31 17:00:00,437.0,22.0,0.05034324942791762
2025-07-31 18:00:00,437.0,34.0,0.07780320366132723
2025-07-31 19:00:00,437.0,22.0,0.05034324942791762
2025-07-31 20:00:00,437.0,1.0,0.002288329519450801
2025-07-31 21:00:00,437.0,4.0,0.009153318077803204
2025-07-31 22:00:00,437.0,12.0,0.02745995423340961
2025-07-31 23:00:00,437.0,0.0,0.0
2025-08-01 00:00:00,437.0,0.0,0.0
2025-08-01 01:00:00,437.0,0.0,0.0
2025-08-01 02:00:00,437.0,0.0,0.0
2025-08-01 03:00:00,437.0,1.0,0.002288329519450801
2025-08-01 04:00:00,437.0,1.0,0.002288329519450801
2025-08-01 05:00:00,437.0,1.0,0.002288329519450801
2025-08-01 06:00:00,437.0,1.0,0.002288329519450801
2025-08-01 07:00:00,437.0,2.0,0.004576659038901602
2025-08-01 08:00:00,437.0,2.0,0.004576659038901602
2025-08-01 09:00:00,437.0,2.0,0.004576659038901602
2025-08-01 10:00:00,437.0,1.0,0.002288329519450801
2025-08-01 11:00:00,437.0,1.0,0.002288329519450801
2025-08-01 12:00:00,437.0,0.0,0.0
2025-08-01 13:00:00,437.0,0.0,0.0
2025-08-01 14:00:00,437.0,0.0,0.0
2025-08-01 15:00:00,437.0,0.0,0.0
2025-08-01 16:00:00,437.0,52.0,0.11899313501144165
2025-08-01 17:00:00,437.0,62.0,0.14187643020594964
2025-08-01 18:00:00,437.0,62.0,0.14187643020594964
2025-08-01 19:00:00,437.0,37.0,0.08466819221967964
2025-08-01 20:00:00,437.0,1.0,0.002288329519450801
2025-08-01 21:00:00,437.0,0.0,0.0
2025-08-01 22:00:00,437.0,0.0,0.0
2025-08-01 23:00:00,437.0,0.0,0.0
2025-08-02 00:00:00,437.0,0.0,0.0
2025-08-02 01:00:00,437.0,0.0,0.0
2025-08-02 02:00:00,437.0,0.0,0.0
2025-08-02 03:00:00,437.0,0.0,0.0
2025-08-02 04:00:00,437.0,1.0,0.002288329519450801
2025-08-02 05:00:00,437.0,1.0,0.002288329519450801
2025-08-02 06:00:00,437.0,1.0,0.002288329519450801
2025-08-02 07:00:00,437.0,1.0,0.002288329519450801
2025-08-02 08:00:00,437.0,1.0,0.002288329519450801
2025-08-02 09:00:00,437.0,1.0,0.002288329519450801
2025-08-02 10:00:00,437.0,2.0,0.004576659038901602
2025-08-02 11:00:00,437.0,1.0,0.002288329519450801
2025-08-02 12:00:00,437.0,1.0,0.002288329519450801
2025-08-02 13:00:00,437.0,1.0,0.002288329519450801
2025-08-02 14:00:00,437.0,0.0,0.0
2025-08-02 15:00:00,437.0,0.0,0.0
2025-08-02 16:00:00,437.0,69.0,0.15789473684210525
2025-08-02 17:00:00,437.0,92.0,0.21052631578947367
2025-08-02 18:00:00,437.0,92.0,0.21052631578947367
2025-08-02 19:00:00,437.0,43.0,0.09839816933638444
2025-08-02 20:00:00,437.0,1.0,0.002288329519450801
2025-08-02 21:00:00,437.0,0.0,0.0
2025-08-02 22:00:00,437.0,0.0,0.0
2025-08-02 23:00:00,437.0,0.0,0.0
2025-08-03 00:00:00,437.0,0.0,0.0
2025-08-03 01:00:00,437.0,0.0,0.0
2025-08-03 02:00:00,437.0,0.0,0.0
2025-08-03 03:00:00,437.0,0.0,0.0
2025-08-03 04:00:00,437.0,0.0,0.0
2025-08-03 05:00:00,437.0,0.0,0.0
2025-08-03 06:00:00,437.0,0.0,0.0
2025-08-03 07:00:00,437.0,0.0,0.0
2025-08-03 08:00:00,437.0,0.0,0.0
2025-08-03 09:00:00,437.0,0.0,0.0
2025-08-03 10:00:00,437.0,0.0,0.0
2025-08-03 11:00:00,437.0,0.0,0.0
2025-08-03 12:00:00,437.0,0.0,0.0
2025-08-03 13:00:00,437.0,0.0,0.0
2025-08-03 14:00:00,437.0,1.0,0.002288329519450801
2025-08-03 15:00:00,437.0,0.0,0.0
2025-08-03 16:00:00,437.0,71.0,0.16247139588100687
2025-08-03 17:00:00,437.0,72.0,0.16475972540045766
2025-08-03 18:00:00,437.0,92.0,0.21052631578947367
2025-08-03 19:00:00,437.0,73.0,0.16704805491990846
2025-08-03 20:00:00,437.0,72.0,0.16475972540045766
2025-08-03 21:00:00,437.0,32.0,0.07322654462242563
2025-08-03 22:00:00,437.0,3.0,0.006864988558352402
2025-08-03 23:00:00,437.0,0.0,0.0
2025-08-04 00:00:00,437.0,0.0,0.0
2025-08-04 01:00:00,437.0,0.0,0.0
2025-08-04 02:00:00,437.0,0.0,0.0
2025-08-04 03:00:00,437.0,0.0,0.0
2025-08-04 04:00:00,437.0,0.0,0.0
2025-08-04 05:00:00,437.0,0.0,0.0
2025-08-04 06:00:00,437.0,0.0,0.0
2025-08-04 07:00:00,437.0,1.0,0.002288329519450801
2025-08-04 08:00:00,437.0,1.0,0.002288329519450801
2025-08-04 09:00:00,437.0,1.0,0.002288329519450801
2025-08-04 10:00:00,437.0,1.0,0.002288329519450801
2025-08-04 11:00:00,437.0,1.0,0.002288329519450801
2025-08-04 12:00:00,437.0,32.0,0.07322654462242563
2025-08-04 13:00:00,437.0,32.0,0.07322654462242563
2025-08-04 14:00:00,437.0,43.0,0.09839816933638444
2025-08-04 15:00:00,437.0,117.0,0.26773455377574373
2025-08-04 16:00:00,437.0,134.0,0.30663615560640733
2025-08-04 17:00:00,437.0,136.0,0.3112128146453089
2025-08-04 18:00:00,437.0,200.0,0.4576659038901602
2025-08-04 19:00:00,437.0,130.0,0.2974828375286041
2025-08-04 20:00:00,437.0,96.0,0.21967963386727687
2025-08-04 21:00:00,437.0,2.0,0.004576659038901602
2025-08-04 22:00:00,437.0,0.0,0.0
2025-08-04 23:00:00,437.0,0.0,0.0
2025-08-05 00:00:00,437.0,0.0,0.0
2025-08-05 01:00:00,437.0,0.0,0.0
2025-08-05 02:00:00,437.0,0.0,0.0
2025-08-05 03:00:00,437.0,0.0,0.0
2025-08-05 04:00:00,437.0,0.0,0.0
2025-08-05 05:00:00,437.0,0.0,0.0
2025-08-05 06:00:00,437.0,0.0,0.0
2025-08-05 07:00:00,437.0,0.0,0.0
2025-08-05 08:00:00,437.0,1.0,0.002288329519450801
2025-08-05 09:00:00,437.0,1.0,0.002288329519450801
2025-08-05 10:00:00,437.0,1.0,0.002288329519450801
2025-08-05 11:00:00,437.0,1.0,0.002288329519450801
2025-08-05 12:00:00,437.0,32.0,0.07322654462242563
2025-08-05 13:00:00,437.0,42.0,0.09610983981693363
2025-08-05 14:00:00,437.0,82.0,0.18764302059496568
2025-08-05 15:00:00,437.0,102.0,0.2334096109839817
2025-08-05 16:00:00,437.0,101.0,0.2311212814645309
2025-08-05 17:00:00,437.0,118.0,0.2700228832951945
2025-08-05 18:00:00,437.0,157.0,0.35926773455377575
2025-08-05 19:00:00,437.0,134.0,0.30663615560640733
2025-08-05 20:00:00,437.0,206.0,0.47139588100686497
2025-08-05 21:00:00,437.0,8.0,0.018306636155606407
2025-08-05 22:00:00,437.0,0.0,0.0
2025-08-05 23:00:00,437.0,0.0,0.0
2025-08-06 00:00:00,437.0,0.0,0.0
2025-08-06 01:00:00,437.0,0.0,0.0
2025-08-06 02:00:00,437.0,0.0,0.0
2025-08-06 03:00:00,437.0,0.0,0.0
2025-08-06 04:00:00,437.0,0.0,0.0
2025-08-06 05:00:00,437.0,0.0,0.0
2025-08-06 06:00:00,437.0,0.0,0.0
2025-08-06 07:00:00,437.0,1.0,0.002288329519450801
2025-08-06 08:00:00,437.0,1.0,0.002288329519450801
2025-08-06 09:00:00,437.0,1.0,0.002288329519450801
2025-08-06 10:00:00,437.0,1.0,0.002288329519450801
2025-08-06 11:00:00,437.0,1.0,0.002288329519450801
2025-08-06 12:00:00,437.0,22.0,0.05034324942791762
2025-08-06 13:00:00,437.0,43.0,0.09839816933638444
2025-08-06 14:00:00,437.0,45.0,0.10297482837528604
2025-08-06 15:00:00,437.0,43.0,0.09839816933638444
2025-08-06 16:00:00,437.0,82.0,0.18764302059496568
2025-08-06 17:00:00,437.0,83.0,0.18993135011441648
2025-08-06 18:00:00,437.0,65.0,0.14874141876430205
2025-08-06 19:00:00,437.0,161.0,0.3684210526315789
2025-08-06 20:00:00,437.0,119.0,0.2723112128146453
2025-08-06 21:00:00,437.0,117.0,0.26773455377574373
2025-08-06 22:00:00,437.0,0.0,0.0
2025-08-06 23:00:00,437.0,0.0,0.0
2025-08-07 00:00:00,437.0,0.0,0.0
2025-08-07 01:00:00,437.0,0.0,0.0
2025-08-07 02:00:00,437.0,0.0,0.0
2025-08-07 03:00:00,437.0,0.0,0.0
2025-08-07 04:00:00,437.0,0.0,0.0
2025-08-07 05:00:00,437.0,0.0,0.0
2025-08-07 06:00:00,187.0,1.0,0.0053475935828877
2025-08-07 07:00:00,437.0,1.0,0.002288329519450801
2025-08-07 08:00:00,437.0,1.0,0.002288329519450801
2025-08-07 09:00:00,437.0,1.0,0.002288329519450801
2025-08-07 10:00:00,437.0,1.0,0.002288329519450801
2025-08-07 11:00:00,437.0,22.0,0.05034324942791762
2025-08-07 12:00:00,437.0,42.0,0.09610983981693363
2025-08-07 13:00:00,437.0,42.0,0.09610983981693363
2025-08-07 14:00:00,437.0,42.0,0.09610983981693363
2025-08-07 15:00:00,437.0,93.0,0.2128146453089245
2025-08-07 16:00:00,437.0,120.0,0.2745995423340961
2025-08-07 17:00:00,437.0,118.0,0.2700228832951945
2025-08-07 18:00:00,437.0,106.0,0.2425629290617849
2025-08-07 19:00:00,437.0,143.0,0.32723112128146453
2025-08-07 20:00:00,437.0,150.0,0.34324942791762014
2025-08-07 21:00:00,437.0,3.0,0.006864988558352402
2025-08-07 22:00:00,437.0,0.0,0.0
2025-08-07 23:00:00,437.0,0.0,0.0
2025-08-08 00:00:00,437.0,0.0,0.0
2025-08-08 01:00:00,437.0,0.0,0.0
2025-08-08 02:00:00,437.0,0.0,0.0
2025-08-08 03:00:00,437.0,0.0,0.0
2025-08-08 04:00:00,437.0,0.0,0.0
2025-08-08 05:00:00,437.0,0.0,0.0
2025-08-08 06:00:00,437.0,0.0,0.0
2025-08-08 07:00:00,437.0,0.0,0.0
2025-08-08 08:00:00,437.0,0.0,0.0
2025-08-08 09:00:00,437.0,0.0,0.0
2025-08-08 10:00:00,437.0,0.0,0.0
2025-08-08 11:00:00,437.0,24.0,0.05491990846681922
2025-08-08 12:00:00,437.0,31.0,0.07093821510297482
2025-08-08 13:00:00,437.0,41.0,0.09382151029748284
2025-08-08 14:00:00,437.0,63.0,0.14416475972540047
2025-08-08 15:00:00,437.0,82.0,0.18764302059496568
2025-08-08 16:00:00,437.0,82.0,0.18764302059496568
2025-08-08 17:00:00,437.0,85.0,0.1945080091533181
2025-08-08 18:00:00,437.0,91.0,0.20823798627002288
2025-08-08 19:00:00,437.0,223.0,0.5102974828375286
2025-08-08 20:00:00,437.0,221.0,0.505720823798627
2025-08-08 21:00:00,437.0,101.0,0.2311212814645309
2025-08-08 22:00:00,437.0,15.0,0.034324942791762014
2025-08-08 23:00:00,437.0,0.0,0.0
2025-08-09 00:00:00,437.0,0.0,0.0
2025-08-09 01:00:00,437.0,0.0,0.0
2025-08-09 02:00:00,437.0,0.0,0.0
2025-08-09 03:00:00,437.0,0.0,0.0
2025-08-09 04:00:00,437.0,0.0,0.0
2025-08-09 05:00:00,437.0,0.0,0.0
2025-08-09 06:00:00,437.0,0.0,0.0
2025-08-09 07:00:00,437.0,0.0,0.0
2025-08-09 08:00:00,437.0,0.0,0.0
2025-08-09 09:00:00,437.0,0.0,0.0
2025-08-09 10:00:00,437.0,0.0,0.0
2025-08-09 11:00:00,437.0,38.0,0.08695652173913043
2025-08-09 12:00:00,437.0,43.0,0.09839816933638444
2025-08-09 13:00:00,437.0,43.0,0.09839816933638444
2025-08-09 14:00:00,437.0,43.0,0.09839816933638444
2025-08-09 15:00:00,437.0,89.0,0.2036613272311213
2025-08-09 16:00:00,437.0,85.0,0.1945080091533181
2025-08-09 17:00:00,437.0,101.0,0.2311212814645309
2025-08-09 18:00:00,437.0,206.0,0.47139588100686497
2025-08-09 19:00:00,437.0,119.0,0.2723112128146453
2025-08-09 20:00:00,437.0,84.0,0.19221967963386727
2025-08-09 21:00:00,437.0,66.0,0.15102974828375287
2025-08-09 22:00:00,437.0,66.0,0.15102974828375287
2025-08-09 23:00:00,437.0,0.0,0.0
2025-08-10 00:00:00,437.0,0.0,0.0
2025-08-10 01:00:00,437.0,0.0,0.0
2025-08-10 02:00:00,437.0,0.0,0.0
2025-08-10 03:00:00,437.0,0.0,0.0
2025-08-10 04:00:00,437.0,0.0,0.0
2025-08-10 05:00:00,437.0,0.0,0.0
2025-08-10 06:00:00,437.0,0.0,0.0
2025-08-10 07:00:00,437.0,1.0,0.002288329519450801
2025-08-10 08:00:00,437.0,1.0,0.002288329519450801
2025-08-10 09:00:00,437.0,0.0,0.0
2025-08-10 10:00:00,437.0,5.0,0.011441647597254004
2025-08-10 11:00:00,437.0,9.0,0.020594965675057208
2025-08-10 12:00:00,437.0,1.0,0.002288329519450801
2025-08-10 13:00:00,437.0,0.0,0.0
2025-08-10 14:00:00,437.0,0.0,0.0
2025-08-10 15:00:00,437.0,108.0,0.2471395881006865
2025-08-10 16:00:00,437.0,133.0,0.30434782608695654
2025-08-10 17:00:00,437.0,170.0,0.3890160183066362
2025-08-10 18:00:00,437.0,250.0,0.5720823798627003
2025-08-10 19:00:00,437.0,251.0,0.5743707093821511
2025-08-10 20:00:00,187.0,143.0,0.7647058823529411
2025-08-10 21:00:00,187.0,0.0,0.0
2025-08-10 22:00:00,187.0,0.0,0.0
2025-08-10 23:00:00,437.0,0.0,0.0
2025-08-11 00:00:00,437.0,0.0,0.0
2025-08-11 01:00:00,437.0,0.0,0.0
2025-08-11 02:00:00,437.0,0.0,0.0
2025-08-11 03:00:00,437.0,0.0,0.0
2025-08-11 04:00:00,437.0,0.0,0.0
2025-08-11 05:00:00,437.0,0.0,0.0
2025-08-11 06:00:00,437.0,0.0,0.0
2025-08-11 07:00:00,437.0,0.0,0.0
2025-08-11 08:00:00,437.0,0.0,0.0
2025-08-11 09:00:00,437.0,0.0,0.0
2025-08-11 10:00:00,437.0,0.0,0.0
2025-08-11 11:00:00,437.0,0.0,0.0
2025-08-11 12:00:00,437.0,0.0,0.0
2025-08-11 13:00:00,437.0,4.0,0.009153318077803204
2025-08-11 14:00:00,437.0,4.0,0.009153318077803204
2025-08-11 15:00:00,437.0,242.0,0.5537757437070938
2025-08-11 16:00:00,437.0,251.0,0.5743707093821511
2025-08-11 17:00:00,437.0,251.0,0.5743707093821511
2025-08-11 18:00:00,437.0,251.0,0.5743707093821511
2025-08-11 19:00:00,187.0,12.0,0.06417112299465241
2025-08-11 20:00:00,187.0,0.0,0.0
2025-08-11 21:00:00,437.0,0.0,0.0
2025-08-11 22:00:00,437.0,0.0,0.0
2025-08-11 23:00:00,437.0,0.0,0.0
2025-08-12 00:00:00,437.0,0.0,0.0
2025-08-12 01:00:00,437.0,0.0,0.0
2025-08-12 02:00:00,437.0,0.0,0.0
2025-08-12 03:00:00,437.0,0.0,0.0
2025-08-12 04:00:00,437.0,0.0,0.0
2025-08-12 05:00:00,437.0,0.0,0.0
2025-08-12 06:00:00,437.0,0.0,0.0
2025-08-12 07:00:00,437.0,0.0,0.0
2025-08-12 08:00:00,437.0,0.0,0.0
2025-08-12 09:00:00,437.0,0.0,0.0
2025-08-12 10:00:00,437.0,0.0,0.0
2025-08-12 11:00:00,437.0,0.0,0.0
2025-08-12 12:00:00,437.0,0.0,0.0
2025-08-12 13:00:00,437.0,0.0,0.0
2025-08-12 14:00:00,437.0,0.0,0.0
2025-08-12 15:00:00,437.0,242.0,0.5537757437070938
2025-08-12 16:00:00,437.0,251.0,0.5743707093821511
2025-08-12 17:00:00,437.0,251.0,0.5743707093821511
2025-08-12 18:00:00,437.0,251.0,0.5743707093821511
2025-08-12 19:00:00,437.0,9.0,0.020594965675057208
2025-08-12 20:00:00,437.0,0.0,0.0
2025-08-12 21:00:00,437.0,0.0,0.0
2025-08-12 22:00:00,437.0,0.0,0.0
2025-08-12 23:00:00,437.0,0.0,0.0
2025-08-13 00:00:00,437.0,0.0,0.0
2025-08-13 01:00:00,437.0,0.0,0.0
2025-08-13 02:00:00,437.0,0.0,0.0
2025-08-13 03:00:00,437.0,0.0,0.0
2025-08-13 04:00:00,437.0,0.0,0.0
2025-08-13 05:00:00,437.0,0.0,0.0
2025-08-13 06:00:00,437.0,0.0,0.0
2025-08-13 07:00:00,437.0,0.0,0.0
2025-08-13 08:00:00,437.0,0.0,0.0
2025-08-13 09:00:00,437.0,0.0,0.0
2025-08-13 10:00:00,437.0,20.0,0.04576659038901602
2025-08-13 11:00:00,437.0,22.0,0.05034324942791762
2025-08-13 12:00:00,437.0,22.0,0.05034324942791762
2025-08-13 13:00:00,437.0,38.0,0.08695652173913043
2025-08-13 14:00:00,437.0,40.0,0.09153318077803203
2025-08-13 15:00:00,437.0,144.0,0.3295194508009153
2025-08-13 16:00:00,437.0,180.0,0.41189931350114417
2025-08-13 17:00:00,437.0,104.0,0.2379862700228833
2025-08-13 18:00:00,437.0,138.0,0.3157894736842105
2025-08-13 19:00:00,437.0,111.0,0.2540045766590389
2025-08-13 20:00:00,437.0,194.0,0.4439359267734554
2025-08-13 21:00:00,187.0,27.0,0.1443850267379679
2025-08-13 22:00:00,437.0,0.0,0.0
2025-08-13 23:00:00,437.0,0.0,0.0
2025-08-14 00:00:00,437.0,0.0,0.0
2025-08-14 01:00:00,437.0,0.0,0.0
2025-08-14 02:00:00,437.0,0.0,0.0
2025-08-14 03:00:00,437.0,0.0,0.0
2025-08-14 04:00:00,437.0,0.0,0.0
2025-08-14 05:00:00,437.0,0.0,0.0
2025-08-14 06:00:00,437.0,0.0,0.0
2025-08-14 07:00:00,437.0,0.0,0.0
2025-08-14 08:00:00,437.0,0.0,0.0
2025-08-14 09:00:00,437.0,0.0,0.0
2025-08-14 10:00:00,437.0,0.0,0.0
2025-08-14 11:00:00,437.0,18.0,0.041189931350114416
2025-08-14 12:00:00,437.0,61.0,0.13958810068649885
2025-08-14 13:00:00,437.0,62.0,0.14187643020594964
2025-08-14 14:00:00,437.0,62.0,0.14187643020594964
2025-08-14 15:00:00,437.0,102.0,0.2334096109839817
2025-08-14 16:00:00,437.0,102.0,0.2334096109839817
2025-08-14 17:00:00,437.0,102.0,0.2334096109839817
2025-08-14 18:00:00,437.0,139.0,0.3180778032036613
2025-08-14 19:00:00,437.0,102.0,0.2334096109839817
2025-08-14 20:00:00,437.0,102.0,0.2334096109839817
2025-08-14 21:00:00,437.0,2.0,0.004576659038901602
2025-08-14 22:00:00,437.0,0.0,0.0
2025-08-14 23:00:00,437.0,0.0,0.0
2025-08-15 00:00:00,437.0,0.0,0.0
2025-08-15 01:00:00,437.0,0.0,0.0
2025-08-15 02:00:00,437.0,0.0,0.0
2025-08-15 03:00:00,437.0,0.0,0.0
2025-08-15 04:00:00,437.0,0.0,0.0
2025-08-15 05:00:00,437.0,0.0,0.0
2025-08-15 06:00:00,437.0,0.0,0.0
2025-08-15 07:00:00,437.0,0.0,0.0
2025-08-15 08:00:00,437.0,0.0,0.0
2025-08-15 09:00:00,437.0,0.0,0.0
2025-08-15 10:00:00,437.0,0.0,0.0
2025-08-15 11:00:00,437.0,1.0,0.002288329519450801
2025-08-15 12:00:00,437.0,37.0,0.08466819221967964
2025-08-15 13:00:00,437.0,45.0,0.10297482837528604
2025-08-15 14:00:00,437.0,52.0,0.11899313501144165
2025-08-15 15:00:00,437.0,100.0,0.2288329519450801
2025-08-15 16:00:00,437.0,123.0,0.2814645308924485
2025-08-15 17:00:00,437.0,103.0,0.23569794050343248
2025-08-15 18:00:00,437.0,199.0,0.45537757437070936
2025-08-15 19:00:00,437.0,104.0,0.2379862700228833
2025-08-15 20:00:00,437.0,129.0,0.2951945080091533
2025-08-15 21:00:00,437.0,38.0,0.08695652173913043
2025-08-15 22:00:00,437.0,4.0,0.009153318077803204
2025-08-15 23:00:00,437.0,0.0,0.0
2025-08-16 00:00:00,437.0,0.0,0.0
2025-08-16 01:00:00,437.0,0.0,0.0
2025-08-16 02:00:00,437.0,0.0,0.0
2025-08-16 03:00:00,437.0,0.0,0.0
2025-08-16 04:00:00,437.0,0.0,0.0
2025-08-16 05:00:00,437.0,0.0,0.0
2025-08-16 06:00:00,437.0,0.0,0.0
2025-08-16 07:00:00,437.0,0.0,0.0
2025-08-16 08:00:00,437.0,0.0,0.0
2025-08-16 09:00:00,437.0,0.0,0.0
2025-08-16 10:00:00,437.0,0.0,0.0
2025-08-16 11:00:00,437.0,42.0,0.09610983981693363
2025-08-16 12:00:00,437.0,42.0,0.09610983981693363
2025-08-16 13:00:00,437.0,42.0,0.09610983981693363
2025-08-16 14:00:00,437.0,55.0,0.12585812356979406
2025-08-16 15:00:00,437.0,136.0,0.3112128146453089
2025-08-16 16:00:00,437.0,107.0,0.2448512585812357
2025-08-16 17:00:00,437.0,142.0,0.32494279176201374
2025-08-16 18:00:00,437.0,116.0,0.2654462242562929
2025-08-16 19:00:00,437.0,103.0,0.23569794050343248
2025-08-16 20:00:00,437.0,102.0,0.2334096109839817
2025-08-16 21:00:00,437.0,54.0,0.12356979405034325
2025-08-16 22:00:00,437.0,24.0,0.05491990846681922
2025-08-16 23:00:00,437.0,24.0,0.05491990846681922
2025-08-17 00:00:00,437.0,26.0,0.059496567505720827
2025-08-17 01:00:00,437.0,7.0,0.016018306636155607
2025-08-17 02:00:00,437.0,0.0,0.0
2025-08-17 03:00:00,437.0,0.0,0.0
2025-08-17 04:00:00,437.0,0.0,0.0
2025-08-17 05:00:00,437.0,0.0,0.0
2025-08-17 06:00:00,437.0,0.0,0.0
2025-08-17 07:00:00,437.0,0.0,0.0
2025-08-17 08:00:00,437.0,0.0,0.0
2025-08-17 09:00:00,437.0,0.0,0.0
2025-08-17 10:00:00,437.0,7.0,0.016018306636155607
2025-08-17 11:00:00,437.0,19.0,0.043478260869565216
2025-08-17 12:00:00,437.0,4.0,0.009153318077803204
2025-08-17 13:00:00,437.0,1.0,0.002288329519450801
2025-08-17 14:00:00,437.0,1.0,0.002288329519450801
2025-08-17 15:00:00,437.0,1.0,0.002288329519450801
2025-08-17 16:00:00,437.0,29.0,0.06636155606407322
2025-08-17 17:00:00,437.0,43.0,0.09839816933638444
2025-08-17 18:00:00,437.0,31.0,0.07093821510297482
2025-08-17 19:00:00,437.0,36.0,0.08237986270022883
2025-08-17 20:00:00,437.0,3.0,0.006864988558352402
2025-08-17 21:00:00,437.0,0.0,0.0
2025-08-17 22:00:00,437.0,0.0,0.0
2025-08-17 23:00:00,437.0,0.0,0.0
2025-08-18 00:00:00,437.0,0.0,0.0
2025-08-18 01:00:00,437.0,0.0,0.0
2025-08-18 02:00:00,437.0,0.0,0.0
2025-08-18 03:00:00,437.0,0.0,0.0
2025-08-18 04:00:00,437.0,0.0,0.0
2025-08-18 05:00:00,437.0,0.0,0.0
2025-08-18 06:00:00,437.0,0.0,0.0
2025-08-18 07:00:00,437.0,0.0,0.0
2025-08-18 08:00:00,437.0,0.0,0.0
2025-08-18 09:00:00,437.0,0.0,0.0
2025-08-18 10:00:00,437.0,0.0,0.0
2025-08-18 11:00:00,437.0,0.0,0.0
2025-08-18 12:00:00,437.0,0.0,0.0
2025-08-18 13:00:00,437.0,0.0,0.0
2025-08-18 14:00:00,437.0,0.0,0.0
2025-08-18 15:00:00,437.0,71.0,0.16247139588100687
2025-08-18 16:00:00,437.0,70.0,0.16018306636155608
2025-08-18 17:00:00,437.0,80.0,0.18306636155606407
2025-08-18 18:00:00,437.0,102.0,0.2334096109839817
2025-08-18 19:00:00,437.0,70.0,0.16018306636155608
2025-08-18 20:00:00,437.0,1.0,0.002288329519450801
2025-08-18 21:00:00,437.0,0.0,0.0
2025-08-18 22:00:00,437.0,0.0,0.0
2025-08-18 23:00:00,437.0,0.0,0.0
2025-08-19 00:00:00,437.0,0.0,0.0
2025-08-19 01:00:00,437.0,0.0,0.0
2025-08-19 02:00:00,437.0,0.0,0.0
2025-08-19 03:00:00,437.0,0.0,0.0
2025-08-19 04:00:00,437.0,0.0,0.0
2025-08-19 05:00:00,437.0,0.0,0.0
2025-08-19 06:00:00,437.0,0.0,0.0
2025-08-19 07:00:00,437.0,0.0,0.0
2025-08-19 08:00:00,437.0,0.0,0.0
2025-08-19 09:00:00,437.0,0.0,0.0
2025-08-19 10:00:00,437.0,0.0,0.0
2025-08-19 11:00:00,437.0,0.0,0.0
2025-08-19 12:00:00,437.0,51.0,0.11670480549199085
2025-08-19 13:00:00,437.0,52.0,0.11899313501144165
2025-08-19 14:00:00,437.0,203.0,0.4645308924485126
2025-08-19 15:00:00,437.0,251.0,0.5743707093821511
2025-08-19 16:00:00,437.0,253.0,0.5789473684210527
2025-08-19 17:00:00,437.0,253.0,0.5789473684210527
2025-08-19 18:00:00,437.0,149.0,0.34096109839816935
2025-08-19 19:00:00,437.0,132.0,0.30205949656750575
2025-08-19 20:00:00,437.0,140.0,0.32036613272311215
2025-08-19 21:00:00,437.0,2.0,0.004576659038901602
2025-08-19 22:00:00,437.0,0.0,0.0
2025-08-19 23:00:00,437.0,0.0,0.0
2025-08-20 00:00:00,437.0,0.0,0.0
2025-08-20 01:00:00,437.0,0.0,0.0
2025-08-20 02:00:00,437.0,0.0,0.0
2025-08-20 03:00:00,437.0,0.0,0.0
2025-08-20 04:00:00,437.0,0.0,0.0
2025-08-20 05:00:00,437.0,0.0,0.0
2025-08-20 06:00:00,437.0,48.0,0.10983981693363844
2025-08-20 07:00:00,437.0,185.0,0.4233409610983982
2025-08-20 08:00:00,437.0,6.0,0.013729977116704805
2025-08-20 09:00:00,437.0,0.0,0.0
2025-08-20 10:00:00,437.0,0.0,0.0
2025-08-20 11:00:00,437.0,0.0,0.0
2025-08-20 12:00:00,437.0,0.0,0.0
2025-08-20 13:00:00,437.0,2.0,0.004576659038901602
2025-08-20 14:00:00,437.0,49.0,0.11212814645308924
2025-08-20 15:00:00,437.0,50.0,0.11441647597254005
2025-08-20 16:00:00,437.0,50.0,0.11441647597254005
2025-08-20 17:00:00,437.0,50.0,0.11441647597254005
2025-08-20 18:00:00,437.0,6.0,0.013729977116704805
2025-08-20 19:00:00,437.0,12.0,0.02745995423340961
2025-08-20 20:00:00,437.0,20.0,0.04576659038901602
2025-08-20 21:00:00,437.0,55.0,0.12585812356979406
2025-08-20 22:00:00,437.0,0.0,0.0
2025-08-20 23:00:00,437.0,0.0,0.0
2025-08-21 00:00:00,437.0,0.0,0.0
2025-08-21 01:00:00,437.0,0.0,0.0
2025-08-21 02:00:00,437.0,0.0,0.0
2025-08-21 03:00:00,437.0,0.0,0.0
2025-08-21 04:00:00,437.0,0.0,0.0
2025-08-21 05:00:00,437.0,0.0,0.0
2025-08-21 06:00:00,437.0,6.0,0.013729977116704805
2025-08-21 07:00:00,437.0,42.0,0.09610983981693363
2025-08-21 08:00:00,437.0,0.0,0.0
2025-08-21 09:00:00,437.0,0.0,0.0
2025-08-21 10:00:00,437.0,0.0,0.0
2025-08-21 11:00:00,437.0,1.0,0.002288329519450801
2025-08-21 12:00:00,437.0,1.0,0.002288329519450801
2025-08-21 13:00:00,437.0,25.0,0.057208237986270026
2025-08-21 14:00:00,437.0,1.0,0.002288329519450801
2025-08-21 15:00:00,437.0,1.0,0.002288329519450801
2025-08-21 16:00:00,437.0,10.0,0.02288329519450801
2025-08-21 17:00:00,437.0,63.0,0.14416475972540047
2025-08-21 18:00:00,437.0,85.0,0.1945080091533181
2025-08-21 19:00:00,437.0,60.0,0.13729977116704806
2025-08-21 20:00:00,437.0,54.0,0.12356979405034325
2025-08-21 21:00:00,437.0,0.0,0.0
2025-08-21 22:00:00,437.0,0.0,0.0
2025-08-21 23:00:00,437.0,0.0,0.0
2025-08-22 00:00:00,437.0,0.0,0.0
2025-08-22 01:00:00,437.0,0.0,0.0
2025-08-22 02:00:00,437.0,0.0,0.0
2025-08-22 03:00:00,437.0,0.0,0.0
2025-08-22 04:00:00,437.0,0.0,0.0
2025-08-22 05:00:00,437.0,0.0,0.0
2025-08-22 06:00:00,437.0,0.0,0.0
2025-08-22 07:00:00,437.0,1.0,0.002288329519450801
2025-08-22 08:00:00,437.0,1.0,0.002288329519450801
2025-08-22 09:00:00,437.0,1.0,0.002288329519450801
2025-08-22 10:00:00,437.0,1.0,0.002288329519450801
2025-08-22 11:00:00,437.0,1.0,0.002288329519450801
2025-08-22 12:00:00,437.0,27.0,0.06178489702517163
2025-08-22 13:00:00,437.0,42.0,0.09610983981693363
2025-08-22 14:00:00,437.0,49.0,0.11212814645308924
2025-08-22 15:00:00,437.0,122.0,0.2791762013729977
2025-08-22 16:00:00,437.0,122.0,0.2791762013729977
2025-08-22 17:00:00,437.0,122.0,0.2791762013729977
2025-08-22 18:00:00,437.0,119.0,0.2723112128146453
2025-08-22 19:00:00,437.0,83.0,0.18993135011441648
2025-08-22 20:00:00,437.0,66.0,0.15102974828375287
2025-08-22 21:00:00,437.0,4.0,0.009153318077803204
2025-08-22 22:00:00,437.0,0.0,0.0
2025-08-22 23:00:00,437.0,0.0,0.0
2025-08-23 00:00:00,437.0,0.0,0.0
2025-08-23 01:00:00,437.0,0.0,0.0
2025-08-23 02:00:00,437.0,0.0,0.0
2025-08-23 03:00:00,437.0,0.0,0.0
2025-08-23 04:00:00,437.0,0.0,0.0
2025-08-23 05:00:00,437.0,0.0,0.0
2025-08-23 06:00:00,437.0,0.0,0.0
2025-08-23 07:00:00,437.0,0.0,0.0
2025-08-23 08:00:00,437.0,1.0,0.002288329519450801
2025-08-23 09:00:00,437.0,0.0,0.0
2025-08-23 10:00:00,437.0,0.0,0.0
2025-08-23 11:00:00,437.0,0.0,0.0
2025-08-23 12:00:00,437.0,1.0,0.002288329519450801
2025-08-23 13:00:00,437.0,1.0,0.002288329519450801
2025-08-23 14:00:00,437.0,1.0,0.002288329519450801
2025-08-23 15:00:00,437.0,1.0,0.002288329519450801
2025-08-23 16:00:00,437.0,48.0,0.10983981693363844
2025-08-23 17:00:00,437.0,61.0,0.13958810068649885
2025-08-23 18:00:00,437.0,2.0,0.004576659038901602
2025-08-23 19:00:00,437.0,1.0,0.002288329519450801
2025-08-23 20:00:00,437.0,0.0,0.0
2025-08-23 21:00:00,437.0,12.0,0.02745995423340961
2025-08-23 22:00:00,437.0,3.0,0.006864988558352402
2025-08-23 23:00:00,437.0,0.0,0.0
2025-08-24 00:00:00,437.0,0.0,0.0
2025-08-24 01:00:00,437.0,0.0,0.0
2025-08-24 02:00:00,437.0,0.0,0.0
2025-08-24 03:00:00,437.0,31.0,0.07093821510297482
2025-08-24 04:00:00,437.0,0.0,0.0
2025-08-24 05:00:00,437.0,0.0,0.0
2025-08-24 06:00:00,437.0,0.0,0.0
2025-08-24 07:00:00,437.0,0.0,0.0
2025-08-24 08:00:00,437.0,0.0,0.0
2025-08-24 09:00:00,437.0,1.0,0.002288329519450801
2025-08-24 10:00:00,437.0,11.0,0.02517162471395881
2025-08-24 11:00:00,437.0,6.0,0.013729977116704805
2025-08-24 12:00:00,437.0,0.0,0.0
2025-08-24 13:00:00,437.0,0.0,0.0
2025-08-24 14:00:00,437.0,0.0,0.0
2025-08-24 15:00:00,437.0,0.0,0.0
2025-08-24 16:00:00,437.0,5.0,0.011441647597254004
2025-08-24 17:00:00,437.0,62.0,0.14187643020594964
2025-08-24 18:00:00,437.0,90.0,0.20594965675057209
2025-08-24 19:00:00,437.0,57.0,0.13043478260869565
2025-08-24 20:00:00,437.0,76.0,0.17391304347826086
2025-08-24 21:00:00,437.0,3.0,0.006864988558352402
2025-08-24 22:00:00,437.0,0.0,0.0
2025-08-24 23:00:00,437.0,7.0,0.016018306636155607
2025-08-25 00:00:00,437.0,0.0,0.0
2025-08-25 01:00:00,437.0,0.0,0.0
2025-08-25 02:00:00,437.0,0.0,0.0
2025-08-25 03:00:00,437.0,0.0,0.0
2025-08-25 04:00:00,437.0,0.0,0.0
2025-08-25 05:00:00,437.0,0.0,0.0
2025-08-25 06:00:00,437.0,7.0,0.016018306636155607
2025-08-25 07:00:00,437.0,82.0,0.18764302059496568
2025-08-25 08:00:00,437.0,7.0,0.016018306636155607
2025-08-25 09:00:00,437.0,0.0,0.0
2025-08-25 10:00:00,437.0,0.0,0.0
2025-08-25 11:00:00,437.0,0.0,0.0
2025-08-25 12:00:00,437.0,0.0,0.0
2025-08-25 13:00:00,437.0,0.0,0.0
2025-08-25 14:00:00,437.0,0.0,0.0
2025-08-25 15:00:00,437.0,0.0,0.0
2025-08-25 16:00:00,437.0,62.0,0.14187643020594964
2025-08-25 17:00:00,437.0,63.0,0.14416475972540047
2025-08-25 18:00:00,437.0,82.0,0.18764302059496568
2025-08-25 19:00:00,437.0,82.0,0.18764302059496568
2025-08-25 20:00:00,437.0,56.0,0.12814645308924486
2025-08-25 21:00:00,437.0,7.0,0.016018306636155607
2025-08-25 22:00:00,437.0,0.0,0.0
2025-08-25 23:00:00,437.0,0.0,0.0
2025-08-26 00:00:00,437.0,0.0,0.0
2025-08-26 01:00:00,437.0,0.0,0.0
2025-08-26 02:00:00,437.0,0.0,0.0
2025-08-26 03:00:00,437.0,0.0,0.0
2025-08-26 04:00:00,437.0,0.0,0.0
2025-08-26 05:00:00,437.0,0.0,0.0
2025-08-26 06:00:00,437.0,3.0,0.006864988558352402
2025-08-26 07:00:00,437.0,0.0,0.0
2025-08-26 08:00:00,437.0,0.0,0.0
2025-08-26 09:00:00,437.0,0.0,0.0
2025-08-26 10:00:00,437.0,0.0,0.0
2025-08-26 11:00:00,437.0,0.0,0.0
2025-08-26 12:00:00,437.0,0.0,0.0
2025-08-26 13:00:00,437.0,0.0,0.0
2025-08-26 14:00:00,437.0,0.0,0.0
2025-08-26 15:00:00,437.0,49.0,0.11212814645308924
2025-08-26 16:00:00,437.0,62.0,0.14187643020594964
2025-08-26 17:00:00,437.0,82.0,0.18764302059496568
2025-08-26 18:00:00,437.0,82.0,0.18764302059496568
2025-08-26 19:00:00,437.0,112.0,0.2562929061784897
2025-08-26 20:00:00,437.0,146.0,0.3340961098398169
2025-08-26 21:00:00,437.0,8.0,0.018306636155606407
2025-08-26 22:00:00,437.0,3.0,0.006864988558352402
2025-08-26 23:00:00,437.0,0.0,0.0
2025-08-27 00:00:00,437.0,0.0,0.0
2025-08-27 01:00:00,437.0,0.0,0.0
2025-08-27 02:00:00,437.0,0.0,0.0
2025-08-27 03:00:00,437.0,0.0,0.0
2025-08-27 04:00:00,437.0,0.0,0.0
2025-08-27 05:00:00,437.0,0.0,0.0
2025-08-27 06:00:00,437.0,22.0,0.05034324942791762
2025-08-27 07:00:00,437.0,46.0,0.10526315789473684
2025-08-27 08:00:00,437.0,32.0,0.07322654462242563
2025-08-27 09:00:00,437.0,1.0,0.002288329519450801
2025-08-27 10:00:00,437.0,0.0,0.0
2025-08-27 11:00:00,437.0,1.0,0.002288329519450801
2025-08-27 12:00:00,437.0,1.0,0.002288329519450801
2025-08-27 13:00:00,437.0,1.0,0.002288329519450801
2025-08-27 14:00:00,437.0,1.0,0.002288329519450801
2025-08-27 15:00:00,437.0,62.0,0.14187643020594964
2025-08-27 16:00:00,437.0,65.0,0.14874141876430205
2025-08-27 17:00:00,437.0,92.0,0.21052631578947367
2025-08-27 18:00:00,437.0,92.0,0.21052631578947367
2025-08-27 19:00:00,437.0,57.0,0.13043478260869565
2025-08-27 20:00:00,437.0,50.0,0.11441647597254005
2025-08-27 21:00:00,437.0,0.0,0.0
2025-08-27 22:00:00,437.0,0.0,0.0
2025-08-27 23:00:00,437.0,0.0,0.0
2025-08-28 00:00:00,437.0,0.0,0.0
2025-08-28 01:00:00,437.0,0.0,0.0
2025-08-28 02:00:00,437.0,0.0,0.0
2025-08-28 03:00:00,437.0,0.0,0.0
2025-08-28 04:00:00,437.0,0.0,0.0
2025-08-28 05:00:00,437.0,0.0,0.0
2025-08-28 06:00:00,437.0,9.0,0.020594965675057208
2025-08-28 07:00:00,437.0,28.0,0.06407322654462243
2025-08-28 08:00:00,437.0,11.0,0.02517162471395881
2025-08-28 09:00:00,437.0,8.0,0.018306636155606407
2025-08-28 10:00:00,437.0,1.0,0.002288329519450801
2025-08-28 11:00:00,437.0,23.0,0.05263157894736842
2025-08-28 12:00:00,437.0,43.0,0.09839816933638444
2025-08-28 13:00:00,437.0,60.0,0.13729977116704806
2025-08-28 14:00:00,437.0,102.0,0.2334096109839817
2025-08-28 15:00:00,437.0,102.0,0.2334096109839817
2025-08-28 16:00:00,437.0,102.0,0.2334096109839817
2025-08-28 17:00:00,437.0,102.0,0.2334096109839817
2025-08-28 18:00:00,437.0,102.0,0.2334096109839817
2025-08-28 19:00:00,437.0,102.0,0.2334096109839817
2025-08-28 20:00:00,437.0,102.0,0.2334096109839817
2025-08-28 21:00:00,437.0,14.0,0.032036613272311214
2025-08-28 22:00:00,437.0,0.0,0.0
2025-08-28 23:00:00,437.0,0.0,0.0
2025-08-29 00:00:00,437.0,0.0,0.0
2025-08-29 01:00:00,437.0,0.0,0.0
2025-08-29 02:00:00,437.0,0.0,0.0
2025-08-29 03:00:00,437.0,0.0,0.0
2025-08-29 04:00:00,437.0,0.0,0.0
2025-08-29 05:00:00,437.0,0.0,0.0
2025-08-29 06:00:00,437.0,9.0,0.020594965675057208
2025-08-29 07:00:00,437.0,73.0,0.16704805491990846
2025-08-29 08:00:00,437.0,72.0,0.16475972540045766
2025-08-29 09:00:00,437.0,72.0,0.16475972540045766
2025-08-29 10:00:00,437.0,32.0,0.07322654462242563
2025-08-29 11:00:00,437.0,6.0,0.013729977116704805
2025-08-29 12:00:00,437.0,55.0,0.12585812356979406
2025-08-29 13:00:00,437.0,2.0,0.004576659038901602
2025-08-29 14:00:00,437.0,6.0,0.013729977116704805
2025-08-29 15:00:00,437.0,61.0,0.13958810068649885
2025-08-29 16:00:00,437.0,73.0,0.16704805491990846
2025-08-29 17:00:00,437.0,73.0,0.16704805491990846
2025-08-29 18:00:00,437.0,122.0,0.2791762013729977
2025-08-29 19:00:00,437.0,143.0,0.32723112128146453
2025-08-29 20:00:00,437.0,114.0,0.2608695652173913
2025-08-29 21:00:00,437.0,18.0,0.041189931350114416
2025-08-29 22:00:00,437.0,0.0,0.0
2025-08-29 23:00:00,437.0,0.0,0.0
2025-08-30 00:00:00,437.0,0.0,0.0
2025-08-30 01:00:00,437.0,0.0,0.0
2025-08-30 02:00:00,437.0,0.0,0.0
2025-08-30 03:00:00,437.0,0.0,0.0
2025-08-30 04:00:00,437.0,2.0,0.004576659038901602
2025-08-30 05:00:00,437.0,0.0,0.0
2025-08-30 06:00:00,437.0,0.0,0.0
2025-08-30 07:00:00,437.0,0.0,0.0
2025-08-30 08:00:00,437.0,0.0,0.0
2025-08-30 09:00:00,437.0,0.0,0.0
2025-08-30 10:00:00,437.0,0.0,0.0
2025-08-30 11:00:00,437.0,0.0,0.0
2025-08-30 12:00:00,437.0,0.0,0.0
2025-08-30 13:00:00,437.0,0.0,0.0
2025-08-30 14:00:00,437.0,0.0,0.0
2025-08-30 15:00:00,437.0,0.0,0.0
2025-08-30 16:00:00,437.0,71.0,0.16247139588100687
2025-08-30 17:00:00,437.0,107.0,0.2448512585812357
2025-08-30 18:00:00,437.0,110.0,0.2517162471395881
2025-08-30 19:00:00,437.0,118.0,0.2700228832951945
2025-08-30 20:00:00,437.0,72.0,0.16475972540045766
2025-08-30 21:00:00,437.0,14.0,0.032036613272311214
2025-08-30 22:00:00,437.0,0.0,0.0
2025-08-30 23:00:00,437.0,0.0,0.0
2025-08-31 00:00:00,437.0,6.0,0.013729977116704805
2025-08-31 01:00:00,437.0,0.0,0.0
2025-08-31 02:00:00,437.0,6.0,0.013729977116704805
2025-08-31 03:00:00,437.0,0.0,0.0
2025-08-31 04:00:00,437.0,0.0,0.0
2025-08-31 05:00:00,437.0,6.0,0.013729977116704805
2025-08-31 06:00:00,437.0,0.0,0.0
2025-08-31 07:00:00,437.0,0.0,0.0
2025-08-31 08:00:00,437.0,0.0,0.0
2025-08-31 09:00:00,437.0,0.0,0.0
2025-08-31 10:00:00,437.0,0.0,0.0
2025-08-31 11:00:00,437.0,0.0,0.0
2025-08-31 12:00:00,437.0,0.0,0.0
2025-08-31 13:00:00,437.0,0.0,0.0
2025-08-31 14:00:00,437.0,0.0,0.0
2025-08-31 15:00:00,437.0,0.0,0.0
2025-08-31 16:00:00,437.0,100.0,0.2288329519450801
2025-08-31 17:00:00,437.0,142.0,0.32494279176201374
2025-08-31 18:00:00,437.0,142.0,0.32494279176201374
2025-08-31 19:00:00,437.0,142.0,0.32494279176201374
2025-08-31 20:00:00,437.0,103.0,0.23569794050343248
2025-08-31 21:00:00,437.0,2.0,0.004576659038901602
2025-08-31 22:00:00,437.0,0.0,0.0
2025-08-31 23:00:00,437.0,0.0,0.0
2025-09-01 00:00:00,437.0,0.0,0.0
2025-09-01 01:00:00,437.0,0.0,0.0
2025-09-01 02:00:00,437.0,0.0,0.0
2025-09-01 03:00:00,437.0,0.0,0.0
2025-09-01 04:00:00,437.0,0.0,0.0
2025-09-01 05:00:00,437.0,0.0,0.0
2025-09-01 06:00:00,437.0,1.0,0.002288329519450801
2025-09-01 07:00:00,437.0,0.0,0.0
2025-09-01 08:00:00,437.0,0.0,0.0
2025-09-01 09:00:00,437.0,0.0,0.0
2025-09-01 10:00:00,437.0,1.0,0.002288329519450801
2025-09-01 11:00:00,437.0,8.0,0.018306636155606407
2025-09-01 12:00:00,437.0,3.0,0.006864988558352402
2025-09-01 13:00:00,437.0,1.0,0.002288329519450801
2025-09-01 14:00:00,437.0,1.0,0.002288329519450801
2025-09-01 15:00:00,437.0,13.0,0.029748283752860413
2025-09-01 16:00:00,437.0,120.0,0.2745995423340961
2025-09-01 17:00:00,437.0,144.0,0.3295194508009153
2025-09-01 18:00:00,437.0,125.0,0.28604118993135014
2025-09-01 19:00:00,437.0,143.0,0.32723112128146453
2025-09-01 20:00:00,437.0,73.0,0.16704805491990846
2025-09-01 21:00:00,437.0,1.0,0.002288329519450801
2025-09-01 22:00:00,437.0,0.0,0.0
2025-09-01 23:00:00,437.0,0.0,0.0
2025-09-02 00:00:00,437.0,0.0,0.0
2025-09-02 01:00:00,437.0,0.0,0.0
2025-09-02 02:00:00,437.0,0.0,0.0
2025-09-02 03:00:00,437.0,0.0,0.0
2025-09-02 04:00:00,437.0,0.0,0.0
2025-09-02 05:00:00,437.0,0.0,0.0
2025-09-02 06:00:00,437.0,80.0,0.18306636155606407
2025-09-02 07:00:00,437.0,20.0,0.04576659038901602
2025-09-02 08:00:00,437.0,0.0,0.0
2025-09-02 09:00:00,437.0,3.0,0.006864988558352402
2025-09-02 10:00:00,437.0,1.0,0.002288329519450801
2025-09-02 11:00:00,437.0,2.0,0.004576659038901602
2025-09-02 12:00:00,437.0,52.0,0.11899313501144165
2025-09-02 13:00:00,437.0,0.0,0.0
2025-09-02 14:00:00,437.0,71.0,0.16247139588100687
2025-09-02 15:00:00,437.0,94.0,0.2151029748283753
2025-09-02 16:00:00,437.0,142.0,0.32494279176201374
2025-09-02 17:00:00,437.0,143.0,0.32723112128146453
2025-09-02 18:00:00,437.0,115.0,0.2631578947368421
2025-09-02 19:00:00,437.0,98.0,0.2242562929061785
2025-09-02 20:00:00,437.0,72.0,0.16475972540045766
2025-09-02 21:00:00,437.0,0.0,0.0
2025-09-02 22:00:00,437.0,0.0,0.0
2025-09-02 23:00:00,437.0,0.0,0.0
2025-09-03 00:00:00,437.0,0.0,0.0
2025-09-03 01:00:00,437.0,0.0,0.0
2025-09-03 02:00:00,437.0,0.0,0.0
2025-09-03 03:00:00,437.0,0.0,0.0
2025-09-03 04:00:00,437.0,0.0,0.0
2025-09-03 05:00:00,437.0,0.0,0.0
2025-09-03 06:00:00,437.0,0.0,0.0
2025-09-03 07:00:00,437.0,0.0,0.0
2025-09-03 08:00:00,437.0,0.0,0.0
2025-09-03 09:00:00,437.0,9.0,0.020594965675057208
2025-09-03 10:00:00,437.0,0.0,0.0
2025-09-03 11:00:00,437.0,2.0,0.004576659038901602
2025-09-03 12:00:00,437.0,20.0,0.04576659038901602
2025-09-03 13:00:00,437.0,0.0,0.0
2025-09-03 14:00:00,437.0,0.0,0.0
2025-09-03 15:00:00,437.0,0.0,0.0
2025-09-03 16:00:00,437.0,46.0,0.10526315789473684
2025-09-03 17:00:00,437.0,126.0,0.28832951945080093
2025-09-03 18:00:00,437.0,92.0,0.21052631578947367
2025-09-03 19:00:00,437.0,42.0,0.09610983981693363
2025-09-03 20:00:00,437.0,29.0,0.06636155606407322
2025-09-03 21:00:00,437.0,0.0,0.0
2025-09-03 22:00:00,437.0,3.0,0.006864988558352402
2025-09-03 23:00:00,437.0,11.0,0.02517162471395881
2025-09-04 00:00:00,437.0,0.0,0.0
2025-09-04 01:00:00,437.0,0.0,0.0
2025-09-04 02:00:00,437.0,0.0,0.0
2025-09-04 03:00:00,437.0,0.0,0.0
2025-09-04 04:00:00,437.0,0.0,0.0
2025-09-04 05:00:00,437.0,5.0,0.011441647597254004
2025-09-04 06:00:00,437.0,139.0,0.3180778032036613
2025-09-04 07:00:00,437.0,134.0,0.30663615560640733
2025-09-04 08:00:00,437.0,25.0,0.057208237986270026
2025-09-04 09:00:00,437.0,1.0,0.002288329519450801
2025-09-04 10:00:00,437.0,0.0,0.0
2025-09-04 11:00:00,437.0,3.0,0.006864988558352402
2025-09-04 12:00:00,437.0,20.0,0.04576659038901602
2025-09-04 13:00:00,437.0,55.0,0.12585812356979406
2025-09-04 14:00:00,437.0,32.0,0.07322654462242563
2025-09-04 15:00:00,437.0,100.0,0.2288329519450801
2025-09-04 16:00:00,437.0,142.0,0.32494279176201374
2025-09-04 17:00:00,437.0,154.0,0.3524027459954233
2025-09-04 18:00:00,437.0,352.0,0.8054919908466819
2025-09-04 19:00:00,187.0,126.0,0.6737967914438503
2025-09-04 20:00:00,437.0,0.0,0.0
2025-09-04 21:00:00,437.0,0.0,0.0
2025-09-04 22:00:00,437.0,0.0,0.0
2025-09-04 23:00:00,437.0,0.0,0.0
2025-09-05 00:00:00,437.0,0.0,0.0
2025-09-05 01:00:00,437.0,0.0,0.0
2025-09-05 02:00:00,437.0,0.0,0.0
2025-09-05 03:00:00,437.0,0.0,0.0
2025-09-05 04:00:00,437.0,0.0,0.0
2025-09-05 05:00:00,437.0,0.0,0.0
2025-09-05 06:00:00,437.0,0.0,0.0
2025-09-05 07:00:00,437.0,9.0,0.020594965675057208
2025-09-05 08:00:00,437.0,1.0,0.002288329519450801
2025-09-05 09:00:00,437.0,0.0,0.0
2025-09-05 10:00:00,437.0,0.0,0.0
2025-09-05 11:00:00,437.0,0.0,0.0
2025-09-05 12:00:00,437.0,0.0,0.0
2025-09-05 13:00:00,437.0,0.0,0.0
2025-09-05 14:00:00,437.0,1.0,0.002288329519450801
2025-09-05 15:00:00,437.0,0.0,0.0
2025-09-05 16:00:00,437.0,61.0,0.13958810068649885
2025-09-05 17:00:00,437.0,85.0,0.1945080091533181
2025-09-05 18:00:00,437.0,167.0,0.38215102974828374
2025-09-05 19:00:00,437.0,259.0,0.5926773455377574
2025-09-05 20:00:00,437.0,143.0,0.32723112128146453
2025-09-05 21:00:00,437.0,123.0,0.2814645308924485
2025-09-05 22:00:00,437.0,0.0,0.0
2025-09-05 23:00:00,437.0,21.0,0.04805491990846682
2025-09-06 00:00:00,437.0,30.0,0.06864988558352403
2025-09-06 01:00:00,437.0,55.0,0.12585812356979406
2025-09-06 02:00:00,437.0,18.0,0.041189931350114416
2025-09-06 03:00:00,437.0,17.0,0.038901601830663615
2025-09-06 04:00:00,437.0,36.0,0.08237986270022883
2025-09-06 05:00:00,437.0,82.0,0.18764302059496568
2025-09-06 06:00:00,437.0,2.0,0.004576659038901602
2025-09-06 07:00:00,437.0,22.0,0.05034324942791762
2025-09-06 08:00:00,437.0,81.0,0.1853546910755149
2025-09-06 09:00:00,437.0,0.0,0.0
2025-09-06 10:00:00,437.0,0.0,0.0
2025-09-06 11:00:00,437.0,6.0,0.013729977116704805
2025-09-06 12:00:00,437.0,2.0,0.004576659038901602
2025-09-06 13:00:00,437.0,56.0,0.12814645308924486
2025-09-06 14:00:00,437.0,1.0,0.002288329519450801
2025-09-06 15:00:00,437.0,6.0,0.013729977116704805
2025-09-06 16:00:00,437.0,1.0,0.002288329519450801
2025-09-06 17:00:00,437.0,5.0,0.011441647597254004
2025-09-06 18:00:00,187.0,4.0,0.0213903743315508
2025-09-06 19:00:00,187.0,0.0,0.0
2025-09-06 20:00:00,187.0,0.0,0.0
2025-09-06 21:00:00,437.0,0.0,0.0
2025-09-06 22:00:00,437.0,0.0,0.0
2025-09-06 23:00:00,437.0,0.0,0.0
2025-09-07 00:00:00,437.0,0.0,0.0
2025-09-07 01:00:00,437.0,0.0,0.0
2025-09-07 02:00:00,437.0,0.0,0.0
2025-09-07 03:00:00,437.0,0.0,0.0
2025-09-07 04:00:00,437.0,0.0,0.0
2025-09-07 05:00:00,437.0,0.0,0.0
2025-09-07 06:00:00,437.0,6.0,0.013729977116704805
2025-09-07 07:00:00,437.0,6.0,0.013729977116704805
2025-09-07 08:00:00,437.0,0.0,0.0
2025-09-07 09:00:00,437.0,0.0,0.0
2025-09-07 10:00:00,437.0,0.0,0.0
2025-09-07 11:00:00,437.0,42.0,0.09610983981693363
2025-09-07 12:00:00,437.0,10.0,0.02288329519450801
2025-09-07 13:00:00,437.0,0.0,0.0
2025-09-07 14:00:00,437.0,0.0,0.0
2025-09-07 15:00:00,437.0,1.0,0.002288329519450801
2025-09-07 16:00:00,437.0,0.0,0.0
2025-09-07 17:00:00,437.0,100.0,0.2288329519450801
2025-09-07 18:00:00,437.0,142.0,0.32494279176201374
2025-09-07 19:00:00,437.0,142.0,0.32494279176201374
2025-09-07 20:00:00,437.0,136.0,0.3112128146453089
2025-09-07 21:00:00,437.0,135.0,0.30892448512585813
2025-09-07 22:00:00,437.0,3.0,0.006864988558352402
2025-09-07 23:00:00,437.0,0.0,0.0
2025-09-08 00:00:00,437.0,0.0,0.0
2025-09-08 01:00:00,437.0,0.0,0.0
2025-09-08 02:00:00,437.0,0.0,0.0
2025-09-08 03:00:00,437.0,0.0,0.0
2025-09-08 04:00:00,437.0,0.0,0.0
2025-09-08 05:00:00,437.0,0.0,0.0
2025-09-08 06:00:00,437.0,64.0,0.14645308924485126
2025-09-08 07:00:00,437.0,98.0,0.2242562929061785
2025-09-08 08:00:00,437.0,102.0,0.2334096109839817
2025-09-08 09:00:00,437.0,2.0,0.004576659038901602
2025-09-08 10:00:00,437.0,7.0,0.016018306636155607
2025-09-08 11:00:00,437.0,8.0,0.018306636155606407
2025-09-08 12:00:00,437.0,0.0,0.0
2025-09-08 13:00:00,437.0,1.0,0.002288329519450801
2025-09-08 14:00:00,437.0,0.0,0.0
2025-09-08 15:00:00,437.0,0.0,0.0
2025-09-08 16:00:00,437.0,15.0,0.034324942791762014
2025-09-08 17:00:00,437.0,96.0,0.21967963386727687
2025-09-08 18:00:00,437.0,177.0,0.40503432494279173
2025-09-08 19:00:00,437.0,185.0,0.4233409610983982
2025-09-08 20:00:00,437.0,121.0,0.2768878718535469
2025-09-08 21:00:00,437.0,2.0,0.004576659038901602
2025-09-08 22:00:00,437.0,0.0,0.0
2025-09-08 23:00:00,437.0,0.0,0.0
2025-09-09 00:00:00,437.0,0.0,0.0
2025-09-09 01:00:00,437.0,0.0,0.0
2025-09-09 02:00:00,437.0,0.0,0.0
2025-09-09 03:00:00,437.0,0.0,0.0
2025-09-09 04:00:00,437.0,0.0,0.0
2025-09-09 05:00:00,437.0,0.0,0.0
2025-09-09 06:00:00,305.0,76.0,0.24918032786885247
2025-09-09 07:00:00,305.0,2.0,0.006557377049180328
2025-09-09 08:00:00,305.0,0.0,0.0
2025-09-09 09:00:00,305.0,0.0,0.0
2025-09-09 10:00:00,305.0,0.0,0.0
2025-09-09 11:00:00,305.0,0.0,0.0
2025-09-09 12:00:00,305.0,0.0,0.0
2025-09-09 13:00:00,305.0,0.0,0.0
2025-09-09 14:00:00,305.0,0.0,0.0
2025-09-09 15:00:00,437.0,48.0,0.10983981693363844
2025-09-09 16:00:00,437.0,129.0,0.2951945080091533
2025-09-09 17:00:00,437.0,152.0,0.34782608695652173
2025-09-09 18:00:00,437.0,188.0,0.4302059496567506
2025-09-09 19:00:00,437.0,173.0,0.39588100686498856
2025-09-09 20:00:00,437.0,65.0,0.14874141876430205
2025-09-09 21:00:00,437.0,1.0,0.002288329519450801
2025-09-09 22:00:00,437.0,0.0,0.0
2025-09-09 23:00:00,437.0,0.0,0.0
2025-09-10 00:00:00,437.0,0.0,0.0
2025-09-10 01:00:00,437.0,0.0,0.0
2025-09-10 02:00:00,437.0,0.0,0.0
2025-09-10 03:00:00,437.0,0.0,0.0
2025-09-10 04:00:00,437.0,0.0,0.0
2025-09-10 05:00:00,437.0,0.0,0.0
2025-09-10 06:00:00,382.0,0.0,0.0
2025-09-10 07:00:00,382.0,0.0,0.0
2025-09-10 08:00:00,382.0,0.0,0.0
2025-09-10 09:00:00,382.0,0.0,0.0
2025-09-10 10:00:00,382.0,0.0,0.0
2025-09-10 11:00:00,382.0,0.0,0.0
2025-09-10 12:00:00,382.0,27.0,0.07068062827225131
2025-09-10 13:00:00,382.0,0.0,0.0
2025-09-10 14:00:00,382.0,28.0,0.07329842931937172
2025-09-10 15:00:00,437.0,129.0,0.2951945080091533
2025-09-10 16:00:00,437.0,142.0,0.32494279176201374
2025-09-10 17:00:00,437.0,152.0,0.34782608695652173
2025-09-10 18:00:00,437.0,152.0,0.34782608695652173
2025-09-10 19:00:00,437.0,169.0,0.38672768878718533
2025-09-10 20:00:00,437.0,149.0,0.34096109839816935
2025-09-10 21:00:00,437.0,3.0,0.006864988558352402
2025-09-10 22:00:00,437.0,0.0,0.0
2025-09-10 23:00:00,437.0,0.0,0.0
2025-09-11 00:00:00,437.0,0.0,0.0
2025-09-11 01:00:00,437.0,0.0,0.0
2025-09-11 02:00:00,437.0,0.0,0.0
2025-09-11 03:00:00,437.0,0.0,0.0
2025-09-11 04:00:00,437.0,0.0,0.0
2025-09-11 05:00:00,437.0,0.0,0.0
2025-09-11 06:00:00,437.0,29.0,0.06636155606407322
2025-09-11 07:00:00,437.0,1.0,0.002288329519450801
2025-09-11 08:00:00,437.0,0.0,0.0
2025-09-11 09:00:00,437.0,0.0,0.0
2025-09-11 10:00:00,437.0,0.0,0.0
2025-09-11 11:00:00,437.0,1.0,0.002288329519450801
2025-09-11 12:00:00,437.0,0.0,0.0
2025-09-11 13:00:00,437.0,0.0,0.0
2025-09-11 14:00:00,437.0,0.0,0.0
2025-09-11 15:00:00,437.0,61.0,0.13958810068649885
2025-09-11 16:00:00,437.0,121.0,0.2768878718535469
2025-09-11 17:00:00,437.0,142.0,0.32494279176201374
2025-09-11 18:00:00,437.0,142.0,0.32494279176201374
2025-09-11 19:00:00,437.0,123.0,0.2814645308924485
2025-09-11 20:00:00,437.0,17.0,0.038901601830663615
2025-09-11 21:00:00,437.0,0.0,0.0
2025-09-11 22:00:00,437.0,0.0,0.0
2025-09-11 23:00:00,437.0,0.0,0.0
2025-09-12 00:00:00,437.0,0.0,0.0
2025-09-12 01:00:00,437.0,0.0,0.0
2025-09-12 02:00:00,437.0,0.0,0.0
2025-09-12 03:00:00,437.0,0.0,0.0
2025-09-12 04:00:00,437.0,0.0,0.0
2025-09-12 05:00:00,437.0,0.0,0.0
2025-09-12 06:00:00,437.0,66.0,0.15102974828375287
2025-09-12 07:00:00,437.0,61.0,0.13958810068649885
2025-09-12 08:00:00,437.0,1.0,0.002288329519450801
2025-09-12 09:00:00,437.0,0.0,0.0
2025-09-12 10:00:00,437.0,0.0,0.0
2025-09-12 11:00:00,437.0,1.0,0.002288329519450801
2025-09-12 12:00:00,437.0,1.0,0.002288329519450801
2025-09-12 13:00:00,437.0,1.0,0.002288329519450801
2025-09-12 14:00:00,437.0,84.0,0.19221967963386727
2025-09-12 15:00:00,437.0,106.0,0.2425629290617849
2025-09-12 16:00:00,437.0,142.0,0.32494279176201374
2025-09-12 17:00:00,437.0,172.0,0.39359267734553777
2025-09-12 18:00:00,437.0,180.0,0.41189931350114417
2025-09-12 19:00:00,437.0,185.0,0.4233409610983982
2025-09-12 20:00:00,437.0,68.0,0.15560640732265446
2025-09-12 21:00:00,437.0,1.0,0.002288329519450801
2025-09-12 22:00:00,437.0,0.0,0.0
2025-09-12 23:00:00,437.0,0.0,0.0
2025-09-13 00:00:00,437.0,0.0,0.0
2025-09-13 01:00:00,437.0,0.0,0.0
2025-09-13 02:00:00,437.0,0.0,0.0
2025-09-13 03:00:00,437.0,0.0,0.0
2025-09-13 04:00:00,437.0,0.0,0.0
2025-09-13 05:00:00,437.0,0.0,0.0
2025-09-13 06:00:00,437.0,0.0,0.0
2025-09-13 07:00:00,437.0,0.0,0.0
2025-09-13 08:00:00,437.0,5.0,0.011441647597254004
2025-09-13 09:00:00,437.0,109.0,0.2494279176201373
2025-09-13 10:00:00,437.0,178.0,0.4073226544622426
2025-09-13 11:00:00,437.0,3.0,0.006864988558352402
2025-09-13 12:00:00,437.0,0.0,0.0
2025-09-13 13:00:00,437.0,0.0,0.0
2025-09-13 14:00:00,437.0,0.0,0.0
2025-09-13 15:00:00,437.0,0.0,0.0
2025-09-13 16:00:00,437.0,120.0,0.2745995423340961
2025-09-13 17:00:00,437.0,142.0,0.32494279176201374
2025-09-13 18:00:00,437.0,143.0,0.32723112128146453
2025-09-13 19:00:00,437.0,123.0,0.2814645308924485
2025-09-13 20:00:00,437.0,45.0,0.10297482837528604
2025-09-13 21:00:00,437.0,1.0,0.002288329519450801
2025-09-13 22:00:00,437.0,0.0,0.0
2025-09-13 23:00:00,437.0,0.0,0.0
2025-09-14 00:00:00,437.0,0.0,0.0
2025-09-14 01:00:00,437.0,0.0,0.0
2025-09-14 02:00:00,437.0,0.0,0.0
2025-09-14 03:00:00,437.0,0.0,0.0
2025-09-14 04:00:00,437.0,0.0,0.0
2025-09-14 05:00:00,437.0,0.0,0.0
2025-09-14 06:00:00,437.0,5.0,0.011441647597254004
2025-09-14 07:00:00,437.0,0.0,0.0
2025-09-14 08:00:00,437.0,0.0,0.0
2025-09-14 09:00:00,437.0,0.0,0.0
2025-09-14 10:00:00,437.0,1.0,0.002288329519450801
2025-09-14 11:00:00,437.0,11.0,0.02517162471395881
2025-09-14 12:00:00,437.0,11.0,0.02517162471395881
2025-09-14 13:00:00,437.0,1.0,0.002288329519450801
2025-09-14 14:00:00,437.0,0.0,0.0
2025-09-14 15:00:00,437.0,32.0,0.07322654462242563
2025-09-14 16:00:00,437.0,184.0,0.42105263157894735
2025-09-14 17:00:00,437.0,145.0,0.3318077803203661
2025-09-14 18:00:00,437.0,142.0,0.32494279176201374
2025-09-14 19:00:00,437.0,144.0,0.3295194508009153
2025-09-14 20:00:00,437.0,95.0,0.21739130434782608
2025-09-14 21:00:00,437.0,2.0,0.004576659038901602
2025-09-14 22:00:00,437.0,0.0,0.0
2025-09-14 23:00:00,437.0,0.0,0.0
2025-09-15 00:00:00,437.0,0.0,0.0
2025-09-15 01:00:00,437.0,0.0,0.0
2025-09-15 02:00:00,437.0,0.0,0.0
2025-09-15 03:00:00,437.0,0.0,0.0
2025-09-15 04:00:00,437.0,0.0,0.0
2025-09-15 05:00:00,437.0,0.0,0.0
2025-09-15 06:00:00,437.0,0.0,0.0
2025-09-15 07:00:00,437.0,0.0,0.0
2025-09-15 08:00:00,437.0,0.0,0.0
2025-09-15 09:00:00,437.0,0.0,0.0
2025-09-15 10:00:00,437.0,0.0,0.0
2025-09-15 11:00:00,437.0,3.0,0.006864988558352402
2025-09-15 12:00:00,437.0,14.0,0.032036613272311214
2025-09-15 13:00:00,437.0,61.0,0.13958810068649885
2025-09-15 14:00:00,437.0,93.0,0.2128146453089245
2025-09-15 15:00:00,437.0,139.0,0.3180778032036613
2025-09-15 16:00:00,437.0,187.0,0.4279176201372998
2025-09-15 17:00:00,437.0,161.0,0.3684210526315789
2025-09-15 18:00:00,437.0,152.0,0.34782608695652173
2025-09-15 19:00:00,437.0,142.0,0.32494279176201374
2025-09-15 20:00:00,437.0,109.0,0.2494279176201373
2025-09-15 21:00:00,437.0,2.0,0.004576659038901602
2025-09-15 22:00:00,437.0,0.0,0.0
2025-09-15 23:00:00,437.0,0.0,0.0
2025-09-16 00:00:00,437.0,0.0,0.0
2025-09-16 01:00:00,437.0,0.0,0.0
2025-09-16 02:00:00,437.0,0.0,0.0
2025-09-16 03:00:00,437.0,0.0,0.0
2025-09-16 04:00:00,437.0,0.0,0.0
2025-09-16 05:00:00,437.0,0.0,0.0
2025-09-16 06:00:00,437.0,0.0,0.0
2025-09-16 07:00:00,437.0,0.0,0.0
2025-09-16 08:00:00,437.0,0.0,0.0
2025-09-16 09:00:00,437.0,0.0,0.0
2025-09-16 10:00:00,437.0,0.0,0.0
2025-09-16 11:00:00,437.0,0.0,0.0
2025-09-16 12:00:00,437.0,0.0,0.0
2025-09-16 13:00:00,437.0,0.0,0.0
2025-09-16 14:00:00,437.0,0.0,0.0
2025-09-16 15:00:00,437.0,146.0,0.3340961098398169
2025-09-16 16:00:00,437.0,172.0,0.39359267734553777
2025-09-16 17:00:00,437.0,151.0,0.34553775743707094
2025-09-16 18:00:00,437.0,151.0,0.34553775743707094
2025-09-16 19:00:00,437.0,150.0,0.34324942791762014
2025-09-16 20:00:00,437.0,124.0,0.2837528604118993
2025-09-16 21:00:00,437.0,3.0,0.006864988558352402
2025-09-16 22:00:00,437.0,0.0,0.0
2025-09-16 23:00:00,437.0,0.0,0.0
2025-09-17 00:00:00,437.0,0.0,0.0
2025-09-17 01:00:00,437.0,0.0,0.0
2025-09-17 02:00:00,437.0,0.0,0.0
2025-09-17 03:00:00,437.0,0.0,0.0
2025-09-17 04:00:00,437.0,0.0,0.0
2025-09-17 05:00:00,437.0,0.0,0.0
2025-09-17 06:00:00,437.0,0.0,0.0
2025-09-17 07:00:00,437.0,0.0,0.0
2025-09-17 08:00:00,437.0,0.0,0.0
2025-09-17 09:00:00,437.0,0.0,0.0
2025-09-17 10:00:00,437.0,0.0,0.0
2025-09-17 11:00:00,437.0,0.0,0.0
2025-09-17 12:00:00,437.0,0.0,0.0
2025-09-17 13:00:00,437.0,0.0,0.0
2025-09-17 14:00:00,437.0,0.0,0.0
2025-09-17 15:00:00,437.0,100.0,0.2288329519450801
2025-09-17 16:00:00,437.0,144.0,0.3295194508009153
2025-09-17 17:00:00,437.0,134.0,0.30663615560640733
2025-09-17 18:00:00,437.0,142.0,0.32494279176201374
2025-09-17 19:00:00,437.0,133.0,0.30434782608695654
2025-09-17 20:00:00,437.0,97.0,0.2219679633867277
2025-09-17 21:00:00,437.0,10.0,0.02288329519450801
2025-09-17 22:00:00,437.0,0.0,0.0
2025-09-17 23:00:00,437.0,0.0,0.0
2025-09-18 00:00:00,437.0,0.0,0.0
2025-09-18 01:00:00,437.0,0.0,0.0
2025-09-18 02:00:00,437.0,0.0,0.0
2025-09-18 03:00:00,437.0,0.0,0.0
2025-09-18 04:00:00,437.0,0.0,0.0
2025-09-18 05:00:00,437.0,0.0,0.0
2025-09-18 06:00:00,437.0,14.0,0.032036613272311214
2025-09-18 07:00:00,437.0,0.0,0.0
2025-09-18 08:00:00,437.0,18.0,0.041189931350114416
2025-09-18 09:00:00,437.0,34.0,0.07780320366132723
2025-09-18 10:00:00,437.0,48.0,0.10983981693363844
2025-09-18 11:00:00,437.0,24.0,0.05491990846681922
2025-09-18 12:00:00,437.0,119.0,0.2723112128146453
2025-09-18 13:00:00,437.0,8.0,0.018306636155606407
2025-09-18 14:00:00,437.0,3.0,0.006864988558352402
2025-09-18 15:00:00,437.0,69.0,0.15789473684210525
2025-09-18 16:00:00,437.0,104.0,0.2379862700228833
2025-09-18 17:00:00,437.0,105.0,0.2402745995423341
2025-09-18 18:00:00,437.0,140.0,0.32036613272311215
2025-09-18 19:00:00,437.0,120.0,0.2745995423340961
2025-09-18 20:00:00,437.0,52.0,0.11899313501144165
2025-09-18 21:00:00,437.0,6.0,0.013729977116704805
2025-09-18 22:00:00,437.0,0.0,0.0
2025-09-18 23:00:00,437.0,0.0,0.0
2025-09-19 00:00:00,437.0,0.0,0.0
2025-09-19 01:00:00,437.0,0.0,0.0
2025-09-19 02:00:00,437.0,0.0,0.0
2025-09-19 03:00:00,437.0,0.0,0.0
2025-09-19 04:00:00,437.0,0.0,0.0
2025-09-19 05:00:00,437.0,0.0,0.0
2025-09-19 06:00:00,437.0,167.0,0.38215102974828374
2025-09-19 07:00:00,437.0,173.0,0.39588100686498856
2025-09-19 08:00:00,437.0,146.0,0.3340961098398169
2025-09-19 09:00:00,437.0,51.0,0.11670480549199085
2025-09-19 10:00:00,437.0,1.0,0.002288329519450801
2025-09-19 11:00:00,187.0,0.0,0.0
2025-09-19 12:00:00,187.0,0.0,0.0
2025-09-19 13:00:00,437.0,34.0,0.07780320366132723
2025-09-19 14:00:00,437.0,19.0,0.043478260869565216
2025-09-19 15:00:00,437.0,50.0,0.11441647597254005
2025-09-19 16:00:00,437.0,110.0,0.2517162471395881
2025-09-19 17:00:00,437.0,102.0,0.2334096109839817
2025-09-19 18:00:00,437.0,103.0,0.23569794050343248
2025-09-19 19:00:00,437.0,70.0,0.16018306636155608
2025-09-19 20:00:00,437.0,1.0,0.002288329519450801
2025-09-19 21:00:00,437.0,0.0,0.0
2025-09-19 22:00:00,437.0,0.0,0.0
2025-09-19 23:00:00,437.0,0.0,0.0
2025-09-20 00:00:00,437.0,0.0,0.0
2025-09-20 01:00:00,437.0,0.0,0.0
2025-09-20 02:00:00,437.0,0.0,0.0
2025-09-20 03:00:00,437.0,0.0,0.0
2025-09-20 04:00:00,437.0,0.0,0.0
2025-09-20 05:00:00,437.0,0.0,0.0
2025-09-20 06:00:00,437.0,12.0,0.02745995423340961
2025-09-20 07:00:00,437.0,0.0,0.0
2025-09-20 08:00:00,437.0,0.0,0.0
2025-09-20 09:00:00,437.0,0.0,0.0
2025-09-20 10:00:00,437.0,28.0,0.06407322654462243
2025-09-20 11:00:00,437.0,57.0,0.13043478260869565
2025-09-20 12:00:00,437.0,3.0,0.006864988558352402
2025-09-20 13:00:00,437.0,1.0,0.002288329519450801
2025-09-20 14:00:00,437.0,0.0,0.0
2025-09-20 15:00:00,437.0,156.0,0.35697940503432496
2025-09-20 16:00:00,437.0,286.0,0.6544622425629291
2025-09-20 17:00:00,437.0,126.0,0.28832951945080093
2025-09-20 18:00:00,437.0,103.0,0.23569794050343248
2025-09-20 19:00:00,437.0,63.0,0.14416475972540047
2025-09-20 20:00:00,437.0,43.0,0.09839816933638444
2025-09-20 21:00:00,437.0,1.0,0.002288329519450801
2025-09-20 22:00:00,437.0,0.0,0.0
2025-09-20 23:00:00,437.0,0.0,0.0
2025-09-21 00:00:00,437.0,0.0,0.0
2025-09-21 01:00:00,437.0,0.0,0.0
2025-09-21 02:00:00,437.0,0.0,0.0
2025-09-21 03:00:00,437.0,0.0,0.0
2025-09-21 04:00:00,437.0,0.0,0.0
2025-09-21 05:00:00,437.0,0.0,0.0
2025-09-21 06:00:00,437.0,0.0,0.0
2025-09-21 07:00:00,437.0,0.0,0.0
2025-09-21 08:00:00,437.0,88.0,0.20137299771167047
2025-09-21 09:00:00,437.0,119.0,0.2723112128146453
2025-09-21 10:00:00,437.0,38.0,0.08695652173913043
2025-09-21 11:00:00,437.0,115.0,0.2631578947368421
2025-09-21 12:00:00,437.0,173.0,0.39588100686498856
2025-09-21 13:00:00,437.0,31.0,0.07093821510297482
2025-09-21 14:00:00,437.0,97.0,0.2219679633867277
2025-09-21 15:00:00,437.0,16.0,0.036613272311212815
2025-09-21 16:00:00,437.0,231.0,0.528604118993135
2025-09-21 17:00:00,437.0,122.0,0.2791762013729977
2025-09-21 18:00:00,437.0,102.0,0.2334096109839817
2025-09-21 19:00:00,437.0,16.0,0.036613272311212815
2025-09-21 20:00:00,437.0,7.0,0.016018306636155607
2025-09-21 21:00:00,437.0,0.0,0.0
2025-09-21 22:00:00,437.0,0.0,0.0
2025-09-21 23:00:00,437.0,0.0,0.0
2025-09-22 00:00:00,437.0,0.0,0.0
2025-09-22 01:00:00,437.0,0.0,0.0
2025-09-22 02:00:00,437.0,0.0,0.0
2025-09-22 03:00:00,437.0,0.0,0.0
2025-09-22 04:00:00,437.0,0.0,0.0
2025-09-22 05:00:00,437.0,0.0,0.0
2025-09-22 06:00:00,437.0,0.0,0.0
2025-09-22 07:00:00,437.0,0.0,0.0
2025-09-22 08:00:00,437.0,0.0,0.0
2025-09-22 09:00:00,437.0,18.0,0.041189931350114416
2025-09-22 10:00:00,437.0,11.0,0.02517162471395881
2025-09-22 11:00:00,437.0,3.0,0.006864988558352402
2025-09-22 12:00:00,437.0,41.0,0.09382151029748284
2025-09-22 13:00:00,437.0,72.0,0.16475972540045766
2025-09-22 14:00:00,437.0,100.0,0.2288329519450801
2025-09-22 15:00:00,437.0,205.0,0.4691075514874142
2025-09-22 16:00:00,437.0,124.0,0.2837528604118993
2025-09-22 17:00:00,437.0,120.0,0.2745995423340961
2025-09-22 18:00:00,437.0,121.0,0.2768878718535469
2025-09-22 19:00:00,437.0,130.0,0.2974828375286041
2025-09-22 20:00:00,437.0,100.0,0.2288329519450801
2025-09-22 21:00:00,437.0,4.0,0.009153318077803204
2025-09-22 22:00:00,437.0,0.0,0.0
2025-09-22 23:00:00,437.0,0.0,0.0
2025-09-23 00:00:00,437.0,0.0,0.0
2025-09-23 01:00:00,437.0,0.0,0.0
2025-09-23 02:00:00,437.0,0.0,0.0
2025-09-23 03:00:00,437.0,0.0,0.0
2025-09-23 04:00:00,437.0,0.0,0.0
2025-09-23 05:00:00,437.0,0.0,0.0
2025-09-23 06:00:00,437.0,23.0,0.05263157894736842
2025-09-23 07:00:00,437.0,1.0,0.002288329519450801
2025-09-23 08:00:00,437.0,0.0,0.0
2025-09-23 09:00:00,437.0,0.0,0.0
2025-09-23 10:00:00,437.0,0.0,0.0
2025-09-23 11:00:00,437.0,11.0,0.02517162471395881
2025-09-23 12:00:00,437.0,33.0,0.07551487414187644
2025-09-23 13:00:00,437.0,46.0,0.10526315789473684
2025-09-23 14:00:00,437.0,70.0,0.16018306636155608
2025-09-23 15:00:00,437.0,124.0,0.2837528604118993
2025-09-23 16:00:00,437.0,147.0,0.33638443935926776
2025-09-23 17:00:00,437.0,123.0,0.2814645308924485
2025-09-23 18:00:00,437.0,124.0,0.2837528604118993
2025-09-23 19:00:00,437.0,135.0,0.30892448512585813
2025-09-23 20:00:00,437.0,97.0,0.2219679633867277
2025-09-23 21:00:00,437.0,10.0,0.02288329519450801
2025-09-23 22:00:00,437.0,0.0,0.0
2025-09-23 23:00:00,437.0,0.0,0.0
2025-09-24 00:00:00,437.0,0.0,0.0
2025-09-24 01:00:00,437.0,0.0,0.0
2025-09-24 02:00:00,437.0,0.0,0.0
2025-09-24 03:00:00,437.0,0.0,0.0
2025-09-24 04:00:00,437.0,0.0,0.0
2025-09-24 05:00:00,305.0,0.0,0.0
2025-09-24 06:00:00,305.0,20.0,0.06557377049180328
2025-09-24 07:00:00,305.0,1.0,0.003278688524590164
2025-09-24 08:00:00,305.0,0.0,0.0
2025-09-24 09:00:00,305.0,0.0,0.0
2025-09-24 10:00:00,305.0,0.0,0.0
2025-09-24 11:00:00,305.0,0.0,0.0
2025-09-24 12:00:00,305.0,59.0,0.19344262295081968
2025-09-24 13:00:00,305.0,70.0,0.22950819672131148
2025-09-24 14:00:00,305.0,89.0,0.29180327868852457
2025-09-24 15:00:00,305.0,100.0,0.32786885245901637
2025-09-24 16:00:00,305.0,101.0,0.33114754098360655
2025-09-24 17:00:00,305.0,100.0,0.32786885245901637
2025-09-24 18:00:00,437.0,81.0,0.1853546910755149
2025-09-24 19:00:00,437.0,100.0,0.2288329519450801
2025-09-24 20:00:00,437.0,61.0,0.13958810068649885
2025-09-24 21:00:00,437.0,70.0,0.16018306636155608
2025-09-24 22:00:00,437.0,5.0,0.011441647597254004
2025-09-24 23:00:00,437.0,0.0,0.0
2025-09-25 00:00:00,437.0,0.0,0.0
2025-09-25 01:00:00,437.0,0.0,0.0
2025-09-25 02:00:00,437.0,0.0,0.0
2025-09-25 03:00:00,437.0,1.0,0.002288329519450801
2025-09-25 04:00:00,437.0,1.0,0.002288329519450801
2025-09-25 05:00:00,437.0,4.0,0.009153318077803204
2025-09-25 06:00:00,382.0,68.0,0.17801047120418848
2025-09-25 07:00:00,382.0,88.0,0.23036649214659685
2025-09-25 08:00:00,382.0,92.0,0.24083769633507854
2025-09-25 09:00:00,382.0,0.0,0.0
2025-09-25 10:00:00,382.0,0.0,0.0
2025-09-25 11:00:00,382.0,55.0,0.14397905759162305
2025-09-25 12:00:00,382.0,10.0,0.02617801047120419
2025-09-25 13:00:00,382.0,0.0,0.0
2025-09-25 14:00:00,382.0,0.0,0.0
2025-09-25 15:00:00,437.0,4.0,0.009153318077803204
2025-09-25 16:00:00,437.0,72.0,0.16475972540045766
2025-09-25 17:00:00,437.0,68.0,0.15560640732265446
2025-09-25 18:00:00,437.0,204.0,0.4668192219679634
2025-09-25 19:00:00,437.0,84.0,0.19221967963386727
2025-09-25 20:00:00,437.0,47.0,0.10755148741418764
2025-09-25 21:00:00,437.0,0.0,0.0
2025-09-25 22:00:00,437.0,0.0,0.0
2025-09-25 23:00:00,437.0,0.0,0.0
2025-09-26 00:00:00,437.0,0.0,0.0
2025-09-26 01:00:00,437.0,0.0,0.0
2025-09-26 02:00:00,437.0,0.0,0.0
2025-09-26 03:00:00,437.0,0.0,0.0
2025-09-26 04:00:00,437.0,0.0,0.0
2025-09-26 05:00:00,437.0,0.0,0.0
2025-09-26 06:00:00,305.0,19.0,0.06229508196721312
2025-09-26 07:00:00,305.0,22.0,0.07213114754098361
2025-09-26 08:00:00,305.0,22.0,0.07213114754098361
2025-09-26 09:00:00,305.0,1.0,0.003278688524590164
2025-09-26 10:00:00,305.0,0.0,0.0
2025-09-26 11:00:00,305.0,0.0,0.0
2025-09-26 12:00:00,305.0,36.0,0.1180327868852459
2025-09-26 13:00:00,305.0,42.0,0.1377049180327869
2025-09-26 14:00:00,305.0,82.0,0.26885245901639343
2025-09-26 15:00:00,437.0,82.0,0.18764302059496568
2025-09-26 16:00:00,437.0,102.0,0.2334096109839817
2025-09-26 17:00:00,437.0,82.0,0.18764302059496568
2025-09-26 18:00:00,437.0,123.0,0.2814645308924485
2025-09-26 19:00:00,437.0,85.0,0.1945080091533181
2025-09-26 20:00:00,437.0,160.0,0.36613272311212813
2025-09-26 21:00:00,437.0,2.0,0.004576659038901602
2025-09-26 22:00:00,437.0,0.0,0.0
2025-09-26 23:00:00,437.0,0.0,0.0
2025-09-27 00:00:00,437.0,0.0,0.0
2025-09-27 01:00:00,437.0,0.0,0.0
2025-09-27 02:00:00,437.0,0.0,0.0
2025-09-27 03:00:00,437.0,0.0,0.0
2025-09-27 04:00:00,437.0,0.0,0.0
2025-09-27 05:00:00,437.0,0.0,0.0
2025-09-27 06:00:00,437.0,0.0,0.0
2025-09-27 07:00:00,437.0,9.0,0.020594965675057208
2025-09-27 08:00:00,437.0,7.0,0.016018306636155607
2025-09-27 09:00:00,437.0,0.0,0.0
2025-09-27 10:00:00,437.0,22.0,0.05034324942791762
2025-09-27 11:00:00,437.0,22.0,0.05034324942791762
2025-09-27 12:00:00,437.0,1.0,0.002288329519450801
2025-09-27 13:00:00,437.0,0.0,0.0
2025-09-27 14:00:00,437.0,10.0,0.02288329519450801
2025-09-27 15:00:00,437.0,77.0,0.17620137299771166
2025-09-27 16:00:00,437.0,192.0,0.43935926773455375
2025-09-27 17:00:00,437.0,174.0,0.39816933638443935
2025-09-27 18:00:00,437.0,21.0,0.04805491990846682
2025-09-27 19:00:00,437.0,6.0,0.013729977116704805
2025-09-27 20:00:00,437.0,82.0,0.18764302059496568
2025-09-27 21:00:00,437.0,0.0,0.0
2025-09-27 22:00:00,437.0,0.0,0.0
2025-09-27 23:00:00,437.0,0.0,0.0
2025-09-28 00:00:00,437.0,0.0,0.0
2025-09-28 01:00:00,437.0,0.0,0.0
2025-09-28 02:00:00,437.0,0.0,0.0
2025-09-28 03:00:00,437.0,0.0,0.0
2025-09-28 04:00:00,437.0,0.0,0.0
2025-09-28 05:00:00,437.0,0.0,0.0
2025-09-28 06:00:00,437.0,0.0,0.0
2025-09-28 07:00:00,437.0,0.0,0.0
2025-09-28 08:00:00,437.0,0.0,0.0
2025-09-28 09:00:00,437.0,0.0,0.0
2025-09-28 10:00:00,437.0,0.0,0.0
2025-09-28 11:00:00,437.0,1.0,0.002288329519450801
2025-09-28 12:00:00,437.0,0.0,0.0
2025-09-28 13:00:00,437.0,1.0,0.002288329519450801
2025-09-28 14:00:00,437.0,1.0,0.002288329519450801
2025-09-28 15:00:00,437.0,3.0,0.006864988558352402
2025-09-28 16:00:00,437.0,59.0,0.13501144164759726
2025-09-28 17:00:00,437.0,96.0,0.21967963386727687
2025-09-28 18:00:00,437.0,86.0,0.19679633867276888
2025-09-28 19:00:00,437.0,2.0,0.004576659038901602
2025-09-28 20:00:00,437.0,25.0,0.057208237986270026
2025-09-28 21:00:00,437.0,0.0,0.0
2025-09-28 22:00:00,437.0,0.0,0.0
2025-09-28 23:00:00,437.0,0.0,0.0
2025-09-29 00:00:00,437.0,0.0,0.0
2025-09-29 01:00:00,437.0,0.0,0.0
2025-09-29 02:00:00,437.0,0.0,0.0
2025-09-29 03:00:00,437.0,1.0,0.002288329519450801
2025-09-29 04:00:00,437.0,10.0,0.02288329519450801
2025-09-29 05:00:00,437.0,13.0,0.029748283752860413
2025-09-29 06:00:00,437.0,0.0,0.0
2025-09-29 07:00:00,437.0,0.0,0.0
2025-09-29 08:00:00,437.0,0.0,0.0
2025-09-29 09:00:00,437.0,1.0,0.002288329519450801
2025-09-29 10:00:00,437.0,0.0,0.0
2025-09-29 11:00:00,437.0,0.0,0.0
2025-09-29 12:00:00,437.0,14.0,0.032036613272311214
2025-09-29 13:00:00,437.0,0.0,0.0
2025-09-29 14:00:00,437.0,27.0,0.06178489702517163
2025-09-29 15:00:00,437.0,43.0,0.09839816933638444
2025-09-29 16:00:00,437.0,153.0,0.3501144164759725
2025-09-29 17:00:00,437.0,105.0,0.2402745995423341
2025-09-29 18:00:00,437.0,106.0,0.2425629290617849
2025-09-29 19:00:00,437.0,6.0,0.013729977116704805
2025-09-29 20:00:00,437.0,40.0,0.09153318077803203
2025-09-29 21:00:00,437.0,0.0,0.0
2025-09-29 22:00:00,437.0,0.0,0.0
2025-09-29 23:00:00,437.0,0.0,0.0
2025-09-30 00:00:00,437.0,0.0,0.0
2025-09-30 01:00:00,437.0,0.0,0.0
2025-09-30 02:00:00,437.0,0.0,0.0
2025-09-30 03:00:00,437.0,0.0,0.0
2025-09-30 04:00:00,437.0,0.0,0.0
2025-09-30 05:00:00,437.0,0.0,0.0
2025-09-30 06:00:00,437.0,0.0,0.0
2025-09-30 07:00:00,437.0,0.0,0.0
2025-09-30 08:00:00,437.0,0.0,0.0
2025-09-30 09:00:00,437.0,20.0,0.04576659038901602
2025-09-30 10:00:00,437.0,42.0,0.09610983981693363
2025-09-30 11:00:00,437.0,32.0,0.07322654462242563
2025-09-30 12:00:00,437.0,49.0,0.11212814645308924
2025-09-30 13:00:00,437.0,4.0,0.009153318077803204
2025-09-30 14:00:00,437.0,0.0,0.0
2025-09-30 15:00:00,437.0,0.0,0.0
2025-09-30 16:00:00,437.0,108.0,0.2471395881006865
2025-09-30 17:00:00,437.0,102.0,0.2334096109839817
2025-09-30 18:00:00,437.0,17.0,0.038901601830663615
2025-09-30 19:00:00,437.0,0.0,0.0
2025-09-30 20:00:00,437.0,6.0,0.013729977116704805
2025-09-30 21:00:00,437.0,0.0,0.0
2025-09-30 22:00:00,437.0,0.0,0.0
2025-09-30 23:00:00,437.0,0.0,0.0
2025-10-01 00:00:00,437.0,0.0,0.0
2025-10-01 01:00:00,437.0,0.0,0.0
2025-10-01 02:00:00,437.0,0.0,0.0
2025-10-01 03:00:00,437.0,0.0,0.0
2025-10-01 04:00:00,437.0,0.0,0.0
2025-10-01 05:00:00,437.0,0.0,0.0
2025-10-01 06:00:00,437.0,0.0,0.0
2025-10-01 07:00:00,437.0,0.0,0.0
2025-10-01 08:00:00,437.0,0.0,0.0
2025-10-01 09:00:00,437.0,0.0,0.0
2025-10-01 10:00:00,437.0,0.0,0.0
2025-10-01 11:00:00,437.0,1.0,0.002288329519450801
2025-10-01 12:00:00,437.0,1.0,0.002288329519450801
2025-10-01 13:00:00,437.0,4.0,0.009153318077803204
2025-10-01 14:00:00,437.0,42.0,0.09610983981693363
2025-10-01 15:00:00,437.0,40.0,0.09153318077803203
2025-10-01 16:00:00,437.0,112.0,0.2562929061784897
2025-10-01 17:00:00,437.0,54.0,0.12356979405034325
2025-10-01 18:00:00,437.0,25.0,0.057208237986270026
2025-10-01 19:00:00,437.0,1.0,0.002288329519450801
2025-10-01 20:00:00,437.0,6.0,0.013729977116704805
2025-10-01 21:00:00,437.0,0.0,0.0
2025-10-01 22:00:00,437.0,0.0,0.0
2025-10-01 23:00:00,437.0,0.0,0.0
2025-10-02 00:00:00,437.0,0.0,0.0
2025-10-02 01:00:00,437.0,0.0,0.0
2025-10-02 02:00:00,437.0,0.0,0.0
2025-10-02 03:00:00,437.0,0.0,0.0
2025-10-02 04:00:00,437.0,0.0,0.0
2025-10-02 05:00:00,312.0,0.0,0.0
2025-10-02 06:00:00,312.0,0.0,0.0
2025-10-02 07:00:00,437.0,0.0,0.0
2025-10-02 08:00:00,437.0,0.0,0.0
2025-10-02 09:00:00,437.0,0.0,0.0
2025-10-02 10:00:00,437.0,0.0,0.0
2025-10-02 11:00:00,437.0,0.0,0.0
2025-10-02 12:00:00,312.0,0.0,0.0
2025-10-02 13:00:00,312.0,0.0,0.0
2025-10-02 14:00:00,312.0,0.0,0.0
2025-10-02 15:00:00,312.0,17.0,0.05448717948717949
2025-10-02 16:00:00,312.0,55.0,0.1762820512820513
2025-10-02 17:00:00,437.0,213.0,0.4874141876430206
2025-10-02 18:00:00,437.0,62.0,0.14187643020594964
2025-10-02 19:00:00,437.0,47.0,0.10755148741418764
2025-10-02 20:00:00,437.0,1.0,0.002288329519450801
2025-10-02 21:00:00,437.0,0.0,0.0
2025-10-02 22:00:00,437.0,0.0,0.0
2025-10-02 23:00:00,437.0,0.0,0.0
2025-10-03 00:00:00,437.0,0.0,0.0
2025-10-03 01:00:00,437.0,0.0,0.0
2025-10-03 02:00:00,437.0,1.0,0.002288329519450801
2025-10-03 03:00:00,437.0,1.0,0.002288329519450801
2025-10-03 04:00:00,437.0,1.0,0.002288329519450801
2025-10-03 05:00:00,437.0,15.0,0.034324942791762014
2025-10-03 06:00:00,437.0,228.0,0.5217391304347826
2025-10-03 07:00:00,437.0,79.0,0.18077803203661327
2025-10-03 08:00:00,437.0,3.0,0.006864988558352402
2025-10-03 09:00:00,437.0,105.0,0.2402745995423341
2025-10-03 10:00:00,437.0,7.0,0.016018306636155607
2025-10-03 11:00:00,437.0,3.0,0.006864988558352402
2025-10-03 12:00:00,437.0,1.0,0.002288329519450801
2025-10-03 13:00:00,437.0,0.0,0.0
2025-10-03 14:00:00,437.0,0.0,0.0
2025-10-03 15:00:00,437.0,62.0,0.14187643020594964
2025-10-03 16:00:00,437.0,133.0,0.30434782608695654
2025-10-03 17:00:00,437.0,203.0,0.4645308924485126
2025-10-03 18:00:00,437.0,116.0,0.2654462242562929
2025-10-03 19:00:00,437.0,37.0,0.08466819221967964
2025-10-03 20:00:00,437.0,59.0,0.13501144164759726
2025-10-03 21:00:00,437.0,6.0,0.013729977116704805
2025-10-03 22:00:00,437.0,0.0,0.0
2025-10-03 23:00:00,437.0,0.0,0.0
2025-10-04 00:00:00,437.0,0.0,0.0
2025-10-04 01:00:00,437.0,0.0,0.0
2025-10-04 02:00:00,437.0,0.0,0.0
2025-10-04 03:00:00,437.0,0.0,0.0
2025-10-04 04:00:00,437.0,0.0,0.0
2025-10-04 05:00:00,437.0,0.0,0.0
2025-10-04 06:00:00,437.0,7.0,0.016018306636155607
2025-10-04 07:00:00,437.0,0.0,0.0
2025-10-04 08:00:00,437.0,0.0,0.0
2025-10-04 09:00:00,437.0,95.0,0.21739130434782608
2025-10-04 10:00:00,437.0,40.0,0.09153318077803203
2025-10-04 11:00:00,437.0,212.0,0.4851258581235698
2025-10-04 12:00:00,437.0,124.0,0.2837528604118993
2025-10-04 13:00:00,437.0,5.0,0.011441647597254004
2025-10-04 14:00:00,437.0,37.0,0.08466819221967964
2025-10-04 15:00:00,437.0,99.0,0.22654462242562928
2025-10-04 16:00:00,437.0,407.0,0.931350114416476
2025-10-04 17:00:00,437.0,107.0,0.2448512585812357
2025-10-04 18:00:00,437.0,45.0,0.10297482837528604
2025-10-04 19:00:00,437.0,35.0,0.08009153318077804
2025-10-04 20:00:00,437.0,0.0,0.0
2025-10-04 21:00:00,437.0,0.0,0.0
2025-10-04 22:00:00,437.0,0.0,0.0
2025-10-04 23:00:00,437.0,0.0,0.0
2025-10-05 00:00:00,437.0,0.0,0.0
2025-10-05 01:00:00,437.0,0.0,0.0
2025-10-05 02:00:00,437.0,0.0,0.0
2025-10-05 03:00:00,437.0,0.0,0.0
2025-10-05 04:00:00,437.0,0.0,0.0
2025-10-05 05:00:00,437.0,0.0,0.0
2025-10-05 06:00:00,437.0,0.0,0.0
2025-10-05 07:00:00,437.0,0.0,0.0
2025-10-05 08:00:00,437.0,0.0,0.0
2025-10-05 09:00:00,437.0,43.0,0.09839816933638444
2025-10-05 10:00:00,437.0,192.0,0.43935926773455375
2025-10-05 11:00:00,437.0,265.0,0.6064073226544623
2025-10-05 12:00:00,437.0,230.0,0.5263157894736842
2025-10-05 13:00:00,437.0,72.0,0.16475972540045766
2025-10-05 14:00:00,437.0,90.0,0.20594965675057209
2025-10-05 15:00:00,437.0,154.0,0.3524027459954233
2025-10-05 16:00:00,437.0,224.0,0.5125858123569794
2025-10-05 17:00:00,187.0,211.0,1.0
2025-10-05 18:00:00,147.0,38.0,0.2585034013605442
2025-10-05 19:00:00,397.0,0.0,0.0
2025-10-05 20:00:00,437.0,0.0,0.0
2025-10-05 21:00:00,437.0,0.0,0.0
2025-10-05 22:00:00,437.0,0.0,0.0
2025-10-05 23:00:00,437.0,0.0,0.0
2025-10-06 00:00:00,437.0,0.0,0.0
2025-10-06 01:00:00,437.0,0.0,0.0
2025-10-06 02:00:00,437.0,0.0,0.0
2025-10-06 03:00:00,437.0,0.0,0.0
2025-10-06 04:00:00,437.0,0.0,0.0
2025-10-06 05:00:00,437.0,0.0,0.0
2025-10-06 06:00:00,437.0,0.0,0.0
2025-10-06 07:00:00,437.0,39.0,0.08924485125858124
2025-10-06 08:00:00,437.0,4.0,0.009153318077803204
2025-10-06 09:00:00,437.0,31.0,0.07093821510297482
2025-10-06 10:00:00,437.0,0.0,0.0
2025-10-06 11:00:00,437.0,0.0,0.0
2025-10-06 12:00:00,437.0,0.0,0.0
2025-10-06 13:00:00,437.0,69.0,0.15789473684210525
2025-10-06 14:00:00,437.0,25.0,0.057208237986270026
2025-10-06 15:00:00,437.0,82.0,0.18764302059496568
2025-10-06 16:00:00,437.0,149.0,0.34096109839816935
2025-10-06 17:00:00,437.0,172.0,0.39359267734553777
2025-10-06 18:00:00,437.0,198.0,0.45308924485125857
2025-10-06 19:00:00,437.0,146.0,0.3340961098398169
2025-10-06 20:00:00,437.0,13.0,0.029748283752860413
2025-10-06 21:00:00,437.0,0.0,0.0
2025-10-06 22:00:00,437.0,0.0,0.0
2025-10-06 23:00:00,437.0,0.0,0.0
2025-10-07 00:00:00,437.0,0.0,0.0
2025-10-07 01:00:00,437.0,0.0,0.0
2025-10-07 02:00:00,437.0,0.0,0.0
2025-10-07 03:00:00,437.0,0.0,0.0
2025-10-07 04:00:00,437.0,0.0,0.0
2025-10-07 05:00:00,437.0,0.0,0.0
2025-10-07 06:00:00,437.0,165.0,0.37757437070938216
2025-10-07 07:00:00,437.0,158.0,0.36155606407322655
2025-10-07 08:00:00,437.0,38.0,0.08695652173913043
2025-10-07 09:00:00,437.0,63.0,0.14416475972540047
2025-10-07 10:00:00,437.0,89.0,0.2036613272311213
2025-10-07 11:00:00,437.0,65.0,0.14874141876430205
2025-10-07 12:00:00,437.0,37.0,0.08466819221967964
2025-10-07 13:00:00,382.0,14.0,0.03664921465968586
2025-10-07 14:00:00,437.0,0.0,0.0
2025-10-07 15:00:00,437.0,0.0,0.0
2025-10-07 16:00:00,437.0,2.0,0.004576659038901602
2025-10-07 17:00:00,437.0,4.0,0.009153318077803204
2025-10-07 18:00:00,437.0,23.0,0.05263157894736842
2025-10-07 19:00:00,437.0,53.0,0.12128146453089245
2025-10-07 20:00:00,437.0,0.0,0.0
2025-10-07 21:00:00,437.0,0.0,0.0
2025-10-07 22:00:00,437.0,1.0,0.002288329519450801
2025-10-07 23:00:00,437.0,0.0,0.0
2025-10-08 00:00:00,437.0,0.0,0.0
2025-10-08 01:00:00,437.0,0.0,0.0
2025-10-08 02:00:00,437.0,0.0,0.0
2025-10-08 03:00:00,437.0,0.0,0.0
2025-10-08 04:00:00,437.0,0.0,0.0
2025-10-08 05:00:00,437.0,0.0,0.0
2025-10-08 06:00:00,382.0,41.0,0.10732984293193717
2025-10-08 07:00:00,382.0,33.0,0.08638743455497382
2025-10-08 08:00:00,382.0,1.0,0.002617801047120419
2025-10-08 09:00:00,382.0,0.0,0.0
2025-10-08 10:00:00,382.0,0.0,0.0
2025-10-08 11:00:00,382.0,1.0,0.002617801047120419
2025-10-08 12:00:00,385.0,4.0,0.01038961038961039
2025-10-08 13:00:00,438.0,1.0,0.00228310502283105
2025-10-08 14:00:00,437.0,0.0,0.0
2025-10-08 15:00:00,437.0,0.0,0.0
2025-10-08 16:00:00,437.0,1.0,0.002288329519450801
2025-10-08 17:00:00,437.0,0.0,0.0
2025-10-08 18:00:00,437.0,22.0,0.05034324942791762
2025-10-08 19:00:00,437.0,0.0,0.0
2025-10-08 20:00:00,437.0,0.0,0.0
2025-10-08 21:00:00,437.0,0.0,0.0
2025-10-08 22:00:00,437.0,0.0,0.0
2025-10-08 23:00:00,437.0,0.0,0.0
2025-10-09 00:00:00,437.0,0.0,0.0
2025-10-09 01:00:00,437.0,0.0,0.0
2025-10-09 02:00:00,437.0,1.0,0.002288329519450801
2025-10-09 03:00:00,437.0,0.0,0.0
2025-10-09 04:00:00,437.0,0.0,0.0
2025-10-09 05:00:00,437.0,1.0,0.002288329519450801
2025-10-09 06:00:00,437.0,34.0,0.07780320366132723
2025-10-09 07:00:00,437.0,1.0,0.002288329519450801
2025-10-09 08:00:00,437.0,0.0,0.0
2025-10-09 09:00:00,437.0,0.0,0.0
2025-10-09 10:00:00,437.0,0.0,0.0
2025-10-09 11:00:00,437.0,0.0,0.0
2025-10-09 12:00:00,437.0,0.0,0.0
2025-10-09 13:00:00,437.0,0.0,0.0
2025-10-09 14:00:00,437.0,0.0,0.0
2025-10-09 15:00:00,437.0,0.0,0.0
2025-10-09 16:00:00,437.0,23.0,0.05263157894736842
2025-10-09 17:00:00,437.0,34.0,0.07780320366132723
2025-10-09 18:00:00,437.0,49.0,0.11212814645308924
2025-10-09 19:00:00,437.0,48.0,0.10983981693363844
2025-10-09 20:00:00,501.0,97.0,0.1936127744510978
2025-10-09 21:00:00,447.0,30.0,0.06711409395973154
2025-10-09 22:00:00,439.0,2.0,0.004555808656036446
2025-10-09 23:00:00,439.0,2.0,0.004555808656036446
2025-10-10 00:00:00,439.0,2.0,0.004555808656036446
2025-10-10 01:00:00,439.0,2.0,0.004555808656036446
2025-10-10 02:00:00,482.0,45.0,0.09336099585062241
2025-10-10 03:00:00,517.0,80.0,0.15473887814313347
2025-10-10 04:00:00,517.0,80.0,0.15473887814313347
2025-10-10 05:00:00,517.0,80.0,0.15473887814313347
2025-10-10 06:00:00,512.0,136.0,0.265625
2025-10-10 07:00:00,445.0,50.0,0.11235955056179775
2025-10-10 08:00:00,445.0,9.0,0.020224719101123594
2025-10-10 09:00:00,438.0,1.0,0.00228310502283105
2025-10-10 10:00:00,437.0,0.0,0.0
2025-10-10 11:00:00,437.0,0.0,0.0
2025-10-10 12:00:00,437.0,0.0,0.0
2025-10-10 13:00:00,437.0,0.0,0.0
2025-10-10 14:00:00,437.0,0.0,0.0
2025-10-10 15:00:00,437.0,0.0,0.0
2025-10-10 16:00:00,437.0,19.0,0.043478260869565216
2025-10-10 17:00:00,437.0,75.0,0.17162471395881007
2025-10-10 18:00:00,437.0,65.0,0.14874141876430205
2025-10-10 19:00:00,437.0,1.0,0.002288329519450801
2025-10-10 20:00:00,437.0,0.0,0.0
2025-10-10 21:00:00,437.0,0.0,0.0
2025-10-10 22:00:00,437.0,0.0,0.0
2025-10-10 23:00:00,437.0,1.0,0.002288329519450801
2025-10-11 00:00:00,437.0,7.0,0.016018306636155607
2025-10-11 01:00:00,437.0,0.0,0.0
2025-10-11 02:00:00,437.0,0.0,0.0
2025-10-11 03:00:00,437.0,0.0,0.0
2025-10-11 04:00:00,437.0,0.0,0.0
2025-10-11 05:00:00,437.0,0.0,0.0
2025-10-11 06:00:00,437.0,3.0,0.006864988558352402
2025-10-11 07:00:00,437.0,32.0,0.07322654462242563
2025-10-11 08:00:00,437.0,46.0,0.10526315789473684
2025-10-11 09:00:00,437.0,0.0,0.0
2025-10-11 10:00:00,437.0,0.0,0.0
2025-10-11 11:00:00,437.0,0.0,0.0
2025-10-11 12:00:00,437.0,0.0,0.0
2025-10-11 13:00:00,437.0,1.0,0.002288329519450801
2025-10-11 14:00:00,437.0,24.0,0.05491990846681922
2025-10-11 15:00:00,437.0,22.0,0.05034324942791762
2025-10-11 16:00:00,437.0,33.0,0.07551487414187644
2025-10-11 17:00:00,437.0,96.0,0.21967963386727687
2025-10-11 18:00:00,437.0,58.0,0.13272311212814644
2025-10-11 19:00:00,437.0,0.0,0.0
2025-10-11 20:00:00,437.0,0.0,0.0
2025-10-11 21:00:00,437.0,14.0,0.032036613272311214
2025-10-11 22:00:00,437.0,0.0,0.0
2025-10-11 23:00:00,437.0,0.0,0.0
2025-10-12 00:00:00,437.0,0.0,0.0
2025-10-12 01:00:00,437.0,0.0,0.0
2025-10-12 02:00:00,437.0,0.0,0.0
2025-10-12 03:00:00,437.0,0.0,0.0
2025-10-12 04:00:00,437.0,0.0,0.0
2025-10-12 05:00:00,437.0,0.0,0.0
2025-10-12 06:00:00,437.0,0.0,0.0
2025-10-12 07:00:00,437.0,0.0,0.0
2025-10-12 08:00:00,437.0,28.0,0.06407322654462243
2025-10-12 09:00:00,437.0,3.0,0.006864988558352402
2025-10-12 10:00:00,437.0,0.0,0.0
2025-10-12 11:00:00,437.0,1.0,0.002288329519450801
2025-10-12 12:00:00,437.0,1.0,0.002288329519450801
2025-10-12 13:00:00,437.0,1.0,0.002288329519450801
2025-10-12 14:00:00,437.0,1.0,0.002288329519450801
2025-10-12 15:00:00,437.0,1.0,0.002288329519450801
2025-10-12 16:00:00,437.0,1.0,0.002288329519450801
2025-10-12 17:00:00,437.0,1.0,0.002288329519450801
2025-10-12 18:00:00,437.0,39.0,0.08924485125858124
2025-10-12 19:00:00,437.0,1.0,0.002288329519450801
2025-10-12 20:00:00,437.0,0.0,0.0
2025-10-12 21:00:00,437.0,1.0,0.002288329519450801
2025-10-12 22:00:00,437.0,0.0,0.0
2025-10-12 23:00:00,437.0,0.0,0.0
2025-10-13 00:00:00,437.0,0.0,0.0
2025-10-13 01:00:00,437.0,0.0,0.0
2025-10-13 02:00:00,437.0,1.0,0.002288329519450801
2025-10-13 03:00:00,437.0,0.0,0.0
2025-10-13 04:00:00,437.0,0.0,0.0
2025-10-13 05:00:00,437.0,0.0,0.0
2025-10-13 06:00:00,437.0,0.0,0.0
2025-10-13 07:00:00,437.0,96.0,0.21967963386727687
2025-10-13 08:00:00,437.0,52.0,0.11899313501144165
2025-10-13 09:00:00,437.0,12.0,0.02745995423340961
2025-10-13 10:00:00,437.0,16.0,0.036613272311212815
2025-10-13 11:00:00,437.0,0.0,0.0
2025-10-13 12:00:00,437.0,14.0,0.032036613272311214
2025-10-13 13:00:00,437.0,13.0,0.029748283752860413
2025-10-13 14:00:00,437.0,66.0,0.15102974828375287
2025-10-13 15:00:00,437.0,27.0,0.06178489702517163
2025-10-13 16:00:00,437.0,69.0,0.15789473684210525
2025-10-13 17:00:00,437.0,122.0,0.2791762013729977
2025-10-13 18:00:00,437.0,105.0,0.2402745995423341
2025-10-13 19:00:00,437.0,125.0,0.28604118993135014
2025-10-13 20:00:00,437.0,63.0,0.14416475972540047
2025-10-13 21:00:00,437.0,130.0,0.2974828375286041
2025-10-13 22:00:00,437.0,0.0,0.0
2025-10-13 23:00:00,437.0,0.0,0.0
2025-10-14 00:00:00,437.0,0.0,0.0
2025-10-14 01:00:00,437.0,0.0,0.0
2025-10-14 02:00:00,437.0,0.0,0.0
2025-10-14 03:00:00,437.0,0.0,0.0
2025-10-14 04:00:00,437.0,0.0,0.0
2025-10-14 05:00:00,437.0,0.0,0.0
2025-10-14 06:00:00,437.0,56.0,0.12814645308924486
2025-10-14 07:00:00,437.0,47.0,0.10755148741418764
2025-10-14 08:00:00,437.0,36.0,0.08237986270022883
2025-10-14 09:00:00,437.0,37.0,0.08466819221967964
2025-10-14 10:00:00,437.0,26.0,0.059496567505720827
2025-10-14 11:00:00,437.0,3.0,0.006864988558352402
2025-10-14 12:00:00,437.0,9.0,0.020594965675057208
2025-10-14 13:00:00,437.0,0.0,0.0
2025-10-14 14:00:00,437.0,0.0,0.0
2025-10-14 15:00:00,437.0,0.0,0.0
2025-10-14 16:00:00,437.0,11.0,0.02517162471395881
2025-10-14 17:00:00,437.0,105.0,0.2402745995423341
2025-10-14 18:00:00,437.0,81.0,0.1853546910755149
2025-10-14 19:00:00,437.0,14.0,0.032036613272311214
2025-10-14 20:00:00,437.0,0.0,0.0
2025-10-14 21:00:00,437.0,12.0,0.02745995423340961
2025-10-14 22:00:00,437.0,0.0,0.0
2025-10-14 23:00:00,437.0,0.0,0.0
2025-10-15 00:00:00,437.0,0.0,0.0
2025-10-15 01:00:00,437.0,0.0,0.0
2025-10-15 02:00:00,437.0,0.0,0.0
2025-10-15 03:00:00,437.0,0.0,0.0
2025-10-15 04:00:00,437.0,0.0,0.0
2025-10-15 05:00:00,437.0,0.0,0.0
2025-10-15 06:00:00,437.0,78.0,0.17848970251716248
2025-10-15 07:00:00,437.0,62.0,0.14187643020594964
2025-10-15 08:00:00,437.0,106.0,0.2425629290617849
2025-10-15 09:00:00,437.0,147.0,0.33638443935926776
2025-10-15 10:00:00,437.0,60.0,0.13729977116704806
2025-10-15 11:00:00,437.0,3.0,0.006864988558352402
2025-10-15 12:00:00,437.0,0.0,0.0
2025-10-15 13:00:00,437.0,0.0,0.0
2025-10-15 14:00:00,437.0,0.0,0.0
2025-10-15 15:00:00,437.0,0.0,0.0
2025-10-15 16:00:00,437.0,3.0,0.006864988558352402
2025-10-15 17:00:00,437.0,31.0,0.07093821510297482
2025-10-15 18:00:00,437.0,50.0,0.11441647597254005
2025-10-15 19:00:00,437.0,7.0,0.016018306636155607
2025-10-15 20:00:00,437.0,6.0,0.013729977116704805
2025-10-15 21:00:00,437.0,7.0,0.016018306636155607
2025-10-15 22:00:00,437.0,0.0,0.0
2025-10-15 23:00:00,437.0,0.0,0.0
2025-10-16 00:00:00,437.0,0.0,0.0
2025-10-16 01:00:00,437.0,0.0,0.0
2025-10-16 02:00:00,437.0,0.0,0.0
2025-10-16 03:00:00,437.0,1.0,0.002288329519450801
2025-10-16 04:00:00,437.0,1.0,0.002288329519450801
2025-10-16 05:00:00,437.0,0.0,0.0
2025-10-16 06:00:00,437.0,83.0,0.18993135011441648
2025-10-16 07:00:00,437.0,82.0,0.18764302059496568
2025-10-16 08:00:00,437.0,2.0,0.004576659038901602
2025-10-16 09:00:00,437.0,0.0,0.0
2025-10-16 10:00:00,437.0,0.0,0.0
2025-10-16 11:00:00,437.0,0.0,0.0
2025-10-16 12:00:00,437.0,0.0,0.0
2025-10-16 13:00:00,437.0,0.0,0.0
2025-10-16 14:00:00,437.0,1.0,0.002288329519450801
2025-10-16 15:00:00,437.0,0.0,0.0
2025-10-16 16:00:00,437.0,34.0,0.07780320366132723
2025-10-16 17:00:00,437.0,95.0,0.21739130434782608
2025-10-16 18:00:00,437.0,102.0,0.2334096109839817
2025-10-16 19:00:00,437.0,121.0,0.2768878718535469
2025-10-16 20:00:00,437.0,121.0,0.2768878718535469
2025-10-16 21:00:00,507.0,81.0,0.15976331360946747
2025-10-16 22:00:00,448.0,11.0,0.024553571428571428
2025-10-16 23:00:00,437.0,0.0,0.0
2025-10-17 00:00:00,437.0,0.0,0.0
2025-10-17 01:00:00,437.0,0.0,0.0
2025-10-17 02:00:00,437.0,0.0,0.0
2025-10-17 03:00:00,482.0,46.0,0.0954356846473029
2025-10-17 04:00:00,517.0,81.0,0.15667311411992263
2025-10-17 05:00:00,517.0,80.0,0.15473887814313347
2025-10-17 06:00:00,517.0,179.0,0.34622823984526113
2025-10-17 07:00:00,517.0,165.0,0.3191489361702128
2025-10-17 08:00:00,463.0,28.0,0.06047516198704104
2025-10-17 09:00:00,437.0,101.0,0.2311212814645309
2025-10-17 10:00:00,438.0,120.0,0.273972602739726
2025-10-17 11:00:00,437.0,44.0,0.10068649885583524
2025-10-17 12:00:00,437.0,89.0,0.2036613272311213
2025-10-17 13:00:00,437.0,70.0,0.16018306636155608
2025-10-17 14:00:00,437.0,27.0,0.06178489702517163
2025-10-17 15:00:00,437.0,29.0,0.06636155606407322
2025-10-17 16:00:00,437.0,146.0,0.3340961098398169
2025-10-17 17:00:00,437.0,79.0,0.18077803203661327
2025-10-17 18:00:00,437.0,28.0,0.06407322654462243
2025-10-17 19:00:00,437.0,0.0,0.0
2025-10-17 20:00:00,437.0,4.0,0.009153318077803204
2025-10-17 21:00:00,437.0,0.0,0.0
2025-10-17 22:00:00,437.0,0.0,0.0
2025-10-17 23:00:00,437.0,0.0,0.0
2025-10-18 00:00:00,437.0,0.0,0.0
2025-10-18 01:00:00,437.0,0.0,0.0
2025-10-18 02:00:00,437.0,0.0,0.0
2025-10-18 03:00:00,437.0,0.0,0.0
2025-10-18 04:00:00,437.0,0.0,0.0
2025-10-18 05:00:00,437.0,0.0,0.0
2025-10-18 06:00:00,437.0,0.0,0.0
2025-10-18 07:00:00,437.0,0.0,0.0
2025-10-18 08:00:00,437.0,0.0,0.0
2025-10-18 09:00:00,437.0,0.0,0.0
2025-10-18 10:00:00,437.0,0.0,0.0
2025-10-18 11:00:00,437.0,1.0,0.002288329519450801
2025-10-18 12:00:00,437.0,20.0,0.04576659038901602
2025-10-18 13:00:00,437.0,1.0,0.002288329519450801
2025-10-18 14:00:00,437.0,1.0,0.002288329519450801
2025-10-18 15:00:00,437.0,70.0,0.16018306636155608
2025-10-18 16:00:00,437.0,87.0,0.19908466819221968
2025-10-18 17:00:00,437.0,101.0,0.2311212814645309
2025-10-18 18:00:00,437.0,22.0,0.05034324942791762
2025-10-18 19:00:00,437.0,5.0,0.011441647597254004
2025-10-18 20:00:00,437.0,66.0,0.15102974828375287
2025-10-18 21:00:00,437.0,0.0,0.0
2025-10-18 22:00:00,437.0,0.0,0.0
2025-10-18 23:00:00,437.0,7.0,0.016018306636155607
2025-10-19 00:00:00,437.0,0.0,0.0
2025-10-19 01:00:00,437.0,0.0,0.0
2025-10-19 02:00:00,437.0,0.0,0.0
2025-10-19 03:00:00,437.0,0.0,0.0
2025-10-19 04:00:00,437.0,0.0,0.0
2025-10-19 05:00:00,437.0,0.0,0.0
2025-10-19 06:00:00,437.0,1.0,0.002288329519450801
2025-10-19 07:00:00,437.0,0.0,0.0
2025-10-19 08:00:00,437.0,0.0,0.0
2025-10-19 09:00:00,437.0,0.0,0.0
2025-10-19 10:00:00,437.0,0.0,0.0
2025-10-19 11:00:00,437.0,0.0,0.0
2025-10-19 12:00:00,437.0,0.0,0.0
2025-10-19 13:00:00,437.0,0.0,0.0
2025-10-19 14:00:00,437.0,136.0,0.3112128146453089
2025-10-19 15:00:00,437.0,175.0,0.40045766590389015
2025-10-19 16:00:00,437.0,7.0,0.016018306636155607
2025-10-19 17:00:00,437.0,25.0,0.057208237986270026
2025-10-19 18:00:00,437.0,0.0,0.0
2025-10-19 19:00:00,437.0,0.0,0.0
2025-10-19 20:00:00,437.0,0.0,0.0
2025-10-19 21:00:00,437.0,0.0,0.0
2025-10-19 22:00:00,437.0,0.0,0.0
2025-10-19 23:00:00,437.0,0.0,0.0
2025-10-20 00:00:00,437.0,0.0,0.0
2025-10-20 01:00:00,437.0,0.0,0.0
2025-10-20 02:00:00,437.0,0.0,0.0
2025-10-20 03:00:00,437.0,0.0,0.0
2025-10-20 04:00:00,437.0,0.0,0.0
2025-10-20 05:00:00,437.0,0.0,0.0
2025-10-20 06:00:00,437.0,17.0,0.038901601830663615
2025-10-20 07:00:00,437.0,5.0,0.011441647597254004
2025-10-20 08:00:00,437.0,25.0,0.057208237986270026
2025-10-20 09:00:00,437.0,7.0,0.016018306636155607
2025-10-20 10:00:00,437.0,0.0,0.0
2025-10-20 11:00:00,382.0,0.0,0.0
2025-10-20 12:00:00,382.0,0.0,0.0
2025-10-20 13:00:00,437.0,0.0,0.0
2025-10-20 14:00:00,437.0,0.0,0.0
2025-10-20 15:00:00,437.0,0.0,0.0
2025-10-20 16:00:00,437.0,82.0,0.18764302059496568
2025-10-20 17:00:00,437.0,102.0,0.2334096109839817
2025-10-20 18:00:00,437.0,127.0,0.2906178489702517
2025-10-20 19:00:00,437.0,138.0,0.3157894736842105
2025-10-20 20:00:00,437.0,19.0,0.043478260869565216
2025-10-20 21:00:00,503.0,70.0,0.13916500994035785
2025-10-20 22:00:00,438.0,1.0,0.00228310502283105
2025-10-20 23:00:00,437.0,0.0,0.0
2025-10-21 00:00:00,437.0,0.0,0.0
2025-10-21 01:00:00,437.0,0.0,0.0
2025-10-21 02:00:00,437.0,0.0,0.0
2025-10-21 03:00:00,486.0,49.0,0.10082304526748971
2025-10-21 04:00:00,517.0,81.0,0.15667311411992263
2025-10-21 05:00:00,517.0,80.0,0.15473887814313347
2025-10-21 06:00:00,517.0,191.0,0.3694390715667311
2025-10-21 07:00:00,506.0,132.0,0.2608695652173913
2025-10-21 08:00:00,440.0,3.0,0.006818181818181818
2025-10-21 09:00:00,440.0,3.0,0.006818181818181818
2025-10-21 10:00:00,440.0,3.0,0.006818181818181818
2025-10-21 11:00:00,440.0,3.0,0.006818181818181818
2025-10-21 12:00:00,440.0,3.0,0.006818181818181818
2025-10-21 13:00:00,440.0,3.0,0.006818181818181818
2025-10-21 14:00:00,438.0,1.0,0.00228310502283105
2025-10-21 15:00:00,437.0,1.0,0.002288329519450801
2025-10-21 16:00:00,437.0,62.0,0.14187643020594964
2025-10-21 17:00:00,437.0,5.0,0.011441647597254004
2025-10-21 18:00:00,437.0,58.0,0.13272311212814644
2025-10-21 19:00:00,437.0,183.0,0.41876430205949655
2025-10-21 20:00:00,437.0,74.0,0.16933638443935928
2025-10-21 21:00:00,494.0,61.0,0.12348178137651822
2025-10-21 22:00:00,471.0,34.0,0.07218683651804671
2025-10-21 23:00:00,437.0,0.0,0.0
2025-10-22 00:00:00,437.0,0.0,0.0
2025-10-22 01:00:00,437.0,0.0,0.0
2025-10-22 02:00:00,437.0,0.0,0.0
2025-10-22 03:00:00,437.0,0.0,0.0
2025-10-22 04:00:00,504.0,67.0,0.13293650793650794
2025-10-22 05:00:00,517.0,80.0,0.15473887814313347
2025-10-22 06:00:00,517.0,148.0,0.2862669245647969
2025-10-22 07:00:00,517.0,142.0,0.2746615087040619
2025-10-22 08:00:00,489.0,53.0,0.1083844580777096
2025-10-22 09:00:00,437.0,0.0,0.0
2025-10-22 10:00:00,437.0,12.0,0.02745995423340961
2025-10-22 11:00:00,437.0,0.0,0.0
2025-10-22 12:00:00,437.0,0.0,0.0
2025-10-22 13:00:00,437.0,0.0,0.0
2025-10-22 14:00:00,437.0,0.0,0.0
2025-10-22 15:00:00,437.0,0.0,0.0
2025-10-22 16:00:00,437.0,0.0,0.0
2025-10-22 17:00:00,437.0,1.0,0.002288329519450801
2025-10-22 18:00:00,437.0,67.0,0.15331807780320367
2025-10-22 19:00:00,437.0,3.0,0.006864988558352402
2025-10-22 20:00:00,437.0,0.0,0.0
2025-10-22 21:00:00,503.0,66.0,0.1312127236580517
2025-10-22 22:00:00,455.0,18.0,0.03956043956043956
2025-10-22 23:00:00,437.0,0.0,0.0
2025-10-23 00:00:00,437.0,0.0,0.0
2025-10-23 01:00:00,524.0,0.0,0.0
2025-10-23 02:00:00,524.0,0.0,0.0
2025-10-23 03:00:00,524.0,0.0,0.0
2025-10-23 04:00:00,524.0,78.0,0.14885496183206107
2025-10-23 05:00:00,524.0,80.0,0.15267175572519084
2025-10-23 06:00:00,524.0,127.0,0.24236641221374045
2025-10-23 07:00:00,524.0,100.0,0.19083969465648856
2025-10-23 08:00:00,524.0,50.0,0.09541984732824428
2025-10-23 09:00:00,524.0,6.0,0.011450381679389313
2025-10-23 10:00:00,524.0,0.0,0.0
2025-10-23 11:00:00,524.0,0.0,0.0
2025-10-23 12:00:00,524.0,0.0,0.0
2025-10-23 13:00:00,524.0,0.0,0.0
2025-10-23 14:00:00,524.0,0.0,0.0
2025-10-23 15:00:00,524.0,0.0,0.0
2025-10-23 16:00:00,524.0,71.0,0.13549618320610687
2025-10-23 17:00:00,525.0,160.0,0.3047619047619048
2025-10-23 18:00:00,525.0,166.0,0.3161904761904762
2025-10-23 19:00:00,524.0,185.0,0.3530534351145038
2025-10-23 20:00:00,524.0,141.0,0.26908396946564883
2025-10-23 21:00:00,524.0,0.0,0.0
2025-10-23 22:00:00,524.0,0.0,0.0
2025-10-23 23:00:00,524.0,0.0,0.0
2025-10-24 00:00:00,524.0,0.0,0.0
2025-10-24 01:00:00,524.0,0.0,0.0
2025-10-24 02:00:00,524.0,66.0,0.12595419847328243
2025-10-24 03:00:00,524.0,80.0,0.15267175572519084
2025-10-24 04:00:00,524.0,80.0,0.15267175572519084
2025-10-24 05:00:00,524.0,80.0,0.15267175572519084
2025-10-24 06:00:00,524.0,192.0,0.366412213740458
2025-10-24 07:00:00,524.0,126.0,0.24045801526717558
2025-10-24 08:00:00,524.0,49.0,0.09351145038167939
2025-10-24 09:00:00,524.0,4.0,0.007633587786259542
2025-10-24 10:00:00,524.0,0.0,0.0
2025-10-24 11:00:00,524.0,0.0,0.0
2025-10-24 12:00:00,524.0,0.0,0.0
2025-10-24 13:00:00,524.0,0.0,0.0
2025-10-24 14:00:00,524.0,15.0,0.02862595419847328
2025-10-24 15:00:00,524.0,81.0,0.15458015267175573
2025-10-24 16:00:00,524.0,85.0,0.16221374045801526
2025-10-24 17:00:00,524.0,127.0,0.24236641221374045
2025-10-24 18:00:00,524.0,247.0,0.4713740458015267
2025-10-24 19:00:00,274.0,172.0,0.6277372262773723
2025-10-24 20:00:00,274.0,72.0,0.26277372262773724
2025-10-24 21:00:00,437.0,0.0,0.0
2025-10-24 22:00:00,437.0,0.0,0.0
2025-10-24 23:00:00,437.0,0.0,0.0
2025-10-25 00:00:00,437.0,0.0,0.0
2025-10-25 01:00:00,437.0,0.0,0.0
2025-10-25 02:00:00,437.0,0.0,0.0
2025-10-25 03:00:00,437.0,0.0,0.0
2025-10-25 04:00:00,437.0,8.0,0.018306636155606407
2025-10-25 05:00:00,437.0,9.0,0.020594965675057208
2025-10-25 06:00:00,437.0,67.0,0.15331807780320367
2025-10-25 07:00:00,437.0,61.0,0.13958810068649885
2025-10-25 08:00:00,437.0,39.0,0.08924485125858124
2025-10-25 09:00:00,437.0,20.0,0.04576659038901602
2025-10-25 10:00:00,437.0,0.0,0.0
2025-10-25 11:00:00,437.0,0.0,0.0
2025-10-25 12:00:00,437.0,0.0,0.0
2025-10-25 13:00:00,437.0,1.0,0.002288329519450801
2025-10-25 14:00:00,437.0,0.0,0.0
2025-10-25 15:00:00,437.0,61.0,0.13958810068649885
2025-10-25 16:00:00,437.0,102.0,0.2334096109839817
2025-10-25 17:00:00,437.0,103.0,0.23569794050343248
2025-10-25 18:00:00,437.0,40.0,0.09153318077803203
2025-10-25 19:00:00,524.0,19.0,0.03625954198473282
2025-10-25 20:00:00,524.0,9.0,0.01717557251908397
2025-10-25 21:00:00,524.0,3.0,0.0057251908396946565
2025-10-25 22:00:00,524.0,0.0,0.0
2025-10-25 23:00:00,524.0,0.0,0.0
2025-10-26 00:00:00,524.0,1.0,0.0019083969465648854
2025-10-26 01:00:00,524.0,0.0,0.0
2025-10-26 02:00:00,524.0,0.0,0.0
2025-10-26 03:00:00,524.0,0.0,0.0
2025-10-26 04:00:00,524.0,0.0,0.0
2025-10-26 05:00:00,524.0,0.0,0.0
2025-10-26 06:00:00,524.0,9.0,0.01717557251908397
2025-10-26 07:00:00,524.0,40.0,0.07633587786259542
2025-10-26 08:00:00,524.0,79.0,0.15076335877862596
2025-10-26 09:00:00,524.0,80.0,0.15267175572519084
2025-10-26 10:00:00,524.0,76.0,0.1450381679389313
2025-10-26 11:00:00,524.0,14.0,0.026717557251908396
2025-10-26 12:00:00,524.0,0.0,0.0
2025-10-26 13:00:00,524.0,0.0,0.0
2025-10-26 14:00:00,524.0,0.0,0.0
2025-10-26 15:00:00,524.0,0.0,0.0
2025-10-26 16:00:00,524.0,81.0,0.15458015267175573
2025-10-26 17:00:00,524.0,85.0,0.16221374045801526
2025-10-26 18:00:00,524.0,94.0,0.17938931297709923
2025-10-26 19:00:00,524.0,146.0,0.2786259541984733
2025-10-26 20:00:00,524.0,120.0,0.22900763358778625
2025-10-26 21:00:00,524.0,0.0,0.0
2025-10-26 22:00:00,524.0,0.0,0.0
2025-10-26 23:00:00,524.0,0.0,0.0
2025-10-27 00:00:00,524.0,0.0,0.0
2025-10-27 01:00:00,524.0,0.0,0.0
2025-10-27 02:00:00,524.0,0.0,0.0
2025-10-27 03:00:00,524.0,0.0,0.0
2025-10-27 04:00:00,524.0,0.0,0.0
2025-10-27 05:00:00,524.0,0.0,0.0
2025-10-27 06:00:00,524.0,168.0,0.32061068702290074
2025-10-27 07:00:00,524.0,135.0,0.25763358778625955
2025-10-27 08:00:00,524.0,73.0,0.13931297709923665
2025-10-27 09:00:00,524.0,3.0,0.0057251908396946565
2025-10-27 10:00:00,524.0,0.0,0.0
2025-10-27 11:00:00,524.0,0.0,0.0
2025-10-27 12:00:00,524.0,0.0,0.0
2025-10-27 13:00:00,524.0,0.0,0.0
2025-10-27 14:00:00,524.0,0.0,0.0
2025-10-27 15:00:00,524.0,0.0,0.0
2025-10-27 16:00:00,524.0,58.0,0.11068702290076336
2025-10-27 17:00:00,524.0,110.0,0.2099236641221374
2025-10-27 18:00:00,437.0,96.0,0.21967963386727687
2025-10-27 19:00:00,437.0,1.0,0.002288329519450801
2025-10-27 20:00:00,437.0,0.0,0.0
2025-10-27 21:00:00,437.0,0.0,0.0
2025-10-27 22:00:00,437.0,0.0,0.0
2025-10-27 23:00:00,437.0,0.0,0.0
2025-10-28 00:00:00,437.0,0.0,0.0
2025-10-28 01:00:00,437.0,0.0,0.0
2025-10-28 02:00:00,437.0,0.0,0.0
2025-10-28 03:00:00,437.0,0.0,0.0
2025-10-28 04:00:00,437.0,0.0,0.0
2025-10-28 05:00:00,437.0,0.0,0.0
2025-10-28 06:00:00,437.0,137.0,0.3135011441647597
2025-10-28 07:00:00,437.0,76.0,0.17391304347826086
2025-10-28 08:00:00,437.0,62.0,0.14187643020594964
2025-10-28 09:00:00,437.0,65.0,0.14874141876430205
2025-10-28 10:00:00,437.0,0.0,0.0
2025-10-28 11:00:00,437.0,0.0,0.0
2025-10-28 12:00:00,437.0,0.0,0.0
2025-10-28 13:00:00,437.0,0.0,0.0
2025-10-28 14:00:00,437.0,0.0,0.0
2025-10-28 15:00:00,437.0,7.0,0.016018306636155607
2025-10-28 16:00:00,437.0,44.0,0.10068649885583524
2025-10-28 17:00:00,437.0,243.0,0.5560640732265446
2025-10-28 18:00:00,524.0,78.0,0.14885496183206107
2025-10-28 19:00:00,524.0,0.0,0.0
2025-10-28 20:00:00,524.0,0.0,0.0
2025-10-28 21:00:00,524.0,0.0,0.0
2025-10-28 22:00:00,524.0,72.0,0.13740458015267176
2025-10-28 23:00:00,524.0,77.0,0.14694656488549618
2025-10-29 00:00:00,524.0,5.0,0.009541984732824428
2025-10-29 01:00:00,524.0,0.0,0.0
2025-10-29 02:00:00,524.0,0.0,0.0
2025-10-29 03:00:00,524.0,0.0,0.0
2025-10-29 04:00:00,524.0,73.0,0.13931297709923665
2025-10-29 05:00:00,524.0,30.0,0.05725190839694656
2025-10-29 06:00:00,524.0,51.0,0.09732824427480916
2025-10-29 07:00:00,524.0,52.0,0.09923664122137404
2025-10-29 08:00:00,524.0,1.0,0.0019083969465648854
2025-10-29 09:00:00,524.0,200.0,0.3816793893129771
2025-10-29 10:00:00,524.0,186.0,0.3549618320610687
2025-10-29 11:00:00,524.0,9.0,0.01717557251908397
2025-10-29 12:00:00,524.0,0.0,0.0
2025-10-29 13:00:00,524.0,3.0,0.0057251908396946565
2025-10-29 14:00:00,524.0,32.0,0.061068702290076333
2025-10-29 15:00:00,524.0,0.0,0.0
2025-10-29 16:00:00,524.0,68.0,0.1297709923664122
2025-10-29 17:00:00,524.0,252.0,0.48091603053435117
2025-10-29 18:00:00,524.0,215.0,0.41030534351145037
2025-10-29 19:00:00,524.0,193.0,0.3683206106870229
2025-10-29 20:00:00,524.0,0.0,0.0
2025-10-29 21:00:00,524.0,0.0,0.0
2025-10-29 22:00:00,524.0,0.0,0.0
2025-10-29 23:00:00,524.0,72.0,0.13740458015267176
2025-10-30 00:00:00,524.0,80.0,0.15267175572519084
2025-10-30 01:00:00,851.0,3.0,0.0035252643948296123
2025-10-30 02:00:00,851.0,0.0,0.0
2025-10-30 03:00:00,851.0,0.0,0.0
2025-10-30 04:00:00,851.0,0.0,0.0
2025-10-30 05:00:00,851.0,0.0,0.0
2025-10-30 06:00:00,851.0,12.0,0.01410105757931845
2025-10-30 07:00:00,851.0,68.0,0.0799059929494712
2025-10-30 08:00:00,851.0,103.0,0.12103407755581669
2025-10-30 09:00:00,851.0,276.0,0.32432432432432434
2025-10-30 10:00:00,851.0,167.0,0.19623971797884843
2025-10-30 11:00:00,851.0,103.0,0.12103407755581669
2025-10-30 12:00:00,851.0,1.0,0.0011750881316098707
2025-10-30 13:00:00,851.0,1.0,0.0011750881316098707
2025-10-30 14:00:00,851.0,2.0,0.0023501762632197414
2025-10-30 15:00:00,851.0,59.0,0.06933019976498238
2025-10-30 16:00:00,851.0,134.0,0.15746180963572268
2025-10-30 17:00:00,851.0,14.0,0.01645123384253819
2025-10-30 18:00:00,851.0,5.0,0.005875440658049354
2025-10-30 19:00:00,851.0,1.0,0.0011750881316098707
2025-10-30 20:00:00,851.0,49.0,0.057579318448883664
2025-10-30 21:00:00,851.0,4.0,0.004700352526439483
2025-10-30 22:00:00,851.0,0.0,0.0
2025-10-30 23:00:00,851.0,1.0,0.0011750881316098707
2025-10-31 00:00:00,851.0,0.0,0.0
2025-10-31 01:00:00,851.0,0.0,0.0
2025-10-31 02:00:00,851.0,0.0,0.0
2025-10-31 03:00:00,851.0,0.0,0.0
2025-10-31 04:00:00,851.0,0.0,0.0
2025-10-31 05:00:00,851.0,0.0,0.0
2025-10-31 06:00:00,851.0,51.0,0.05992949471210341
2025-10-31 07:00:00,851.0,52.0,0.06110458284371328
2025-10-31 08:00:00,851.0,71.0,0.08343125734430082
2025-10-31 09:00:00,851.0,2.0,0.0023501762632197414
2025-10-31 10:00:00,851.0,0.0,0.0
2025-10-31 11:00:00,851.0,3.0,0.0035252643948296123
2025-10-31 12:00:00,851.0,3.0,0.0035252643948296123
2025-10-31 13:00:00,851.0,1.0,0.0011750881316098707
2025-10-31 14:00:00,851.0,0.0,0.0
2025-10-31 15:00:00,851.0,6.0,0.007050528789659225
2025-10-31 16:00:00,851.0,0.0,0.0
2025-10-31 17:00:00,851.0,9.0,0.010575793184488837
2025-10-31 18:00:00,851.0,0.0,0.0
2025-10-31 19:00:00,851.0,0.0,0.0
2025-10-31 20:00:00,851.0,19.0,0.022326674500587545
2025-10-31 21:00:00,851.0,0.0,0.0
2025-10-31 22:00:00,851.0,0.0,0.0
2025-10-31 23:00:00,851.0,0.0,0.0
2025-11-01 00:00:00,851.0,0.0,0.0
2025-11-01 01:00:00,851.0,0.0,0.0
2025-11-01 02:00:00,851.0,0.0,0.0
2025-11-01 03:00:00,851.0,58.0,0.0681551116333725
2025-11-01 04:00:00,851.0,1.0,0.0011750881316098707
2025-11-01 05:00:00,851.0,4.0,0.004700352526439483
2025-11-01 06:00:00,851.0,19.0,0.022326674500587545
2025-11-01 07:00:00,851.0,190.0,0.22326674500587543
2025-11-01 08:00:00,851.0,137.0,0.1609870740305523
2025-11-01 09:00:00,851.0,143.0,0.16803760282021152
2025-11-01 10:00:00,851.0,179.0,0.21034077555816685
2025-11-01 11:00:00,851.0,88.0,0.10340775558166862
2025-11-01 12:00:00,851.0,0.0,0.0
2025-11-01 13:00:00,851.0,0.0,0.0
2025-11-01 14:00:00,851.0,0.0,0.0
2025-11-01 15:00:00,851.0,20.0,0.023501762632197415
2025-11-01 16:00:00,851.0,163.0,0.19153936545240893
2025-11-01 17:00:00,851.0,166.0,0.19506462984723855
2025-11-01 18:00:00,601.0,104.0,0.17304492512479203
2025-11-01 19:00:00,851.0,71.0,0.08343125734430082
2025-11-01 20:00:00,851.0,0.0,0.0
2025-11-01 21:00:00,851.0,0.0,0.0
2025-11-01 22:00:00,851.0,0.0,0.0
2025-11-01 23:00:00,851.0,0.0,0.0
2025-11-02 00:00:00,851.0,0.0,0.0
2025-11-02 01:00:00,851.0,0.0,0.0
2025-11-02 02:00:00,851.0,0.0,0.0
2025-11-02 03:00:00,851.0,0.0,0.0
2025-11-02 04:00:00,851.0,0.0,0.0
2025-11-02 05:00:00,851.0,0.0,0.0
2025-11-02 06:00:00,851.0,5.0,0.005875440658049354
2025-11-02 07:00:00,851.0,53.0,0.06227967097532315
2025-11-02 08:00:00,851.0,36.0,0.04230317273795535
2025-11-02 09:00:00,851.0,0.0,0.0
2025-11-02 10:00:00,851.0,0.0,0.0
2025-11-02 11:00:00,851.0,0.0,0.0
2025-11-02 12:00:00,851.0,0.0,0.0
2025-11-02 13:00:00,851.0,0.0,0.0
2025-11-02 14:00:00,851.0,0.0,0.0
2025-11-02 15:00:00,851.0,4.0,0.004700352526439483
2025-11-02 16:00:00,851.0,107.0,0.12573443008225618
2025-11-02 17:00:00,851.0,276.0,0.32432432432432434
2025-11-02 18:00:00,851.0,231.0,0.27144535840188017
2025-11-02 19:00:00,851.0,24.0,0.0282021151586369
2025-11-02 20:00:00,851.0,7.0,0.008225616921269096
2025-11-02 21:00:00,851.0,0.0,0.0
2025-11-02 22:00:00,851.0,0.0,0.0
2025-11-02 23:00:00,851.0,0.0,0.0
2025-11-03 00:00:00,851.0,0.0,0.0
2025-11-03 01:00:00,851.0,0.0,0.0
2025-11-03 02:00:00,851.0,0.0,0.0
2025-11-03 03:00:00,851.0,0.0,0.0
2025-11-03 04:00:00,851.0,0.0,0.0
2025-11-03 05:00:00,851.0,0.0,0.0
2025-11-03 06:00:00,851.0,0.0,0.0
2025-11-03 07:00:00,851.0,0.0,0.0
2025-11-03 08:00:00,851.0,16.0,0.01880141010575793
2025-11-03 09:00:00,851.0,2.0,0.0023501762632197414
2025-11-03 10:00:00,851.0,15.0,0.01762632197414806
2025-11-03 11:00:00,851.0,161.0,0.1891891891891892
2025-11-03 12:00:00,851.0,103.0,0.12103407755581669
2025-11-03 13:00:00,851.0,0.0,0.0
2025-11-03 14:00:00,851.0,1.0,0.0011750881316098707
2025-11-03 15:00:00,851.0,1.0,0.0011750881316098707
2025-11-03 16:00:00,851.0,12.0,0.01410105757931845
2025-11-03 17:00:00,851.0,117.0,0.13748531139835488
2025-11-03 18:00:00,851.0,102.0,0.11985898942420682
2025-11-03 19:00:00,851.0,0.0,0.0
2025-11-03 20:00:00,851.0,25.0,0.02937720329024677
2025-11-03 21:00:00,851.0,38.0,0.04465334900117509
2025-11-03 22:00:00,851.0,0.0,0.0
2025-11-03 23:00:00,851.0,0.0,0.0
2025-11-04 00:00:00,851.0,0.0,0.0
2025-11-04 01:00:00,851.0,0.0,0.0
2025-11-04 02:00:00,851.0,0.0,0.0
2025-11-04 03:00:00,851.0,0.0,0.0
2025-11-04 04:00:00,851.0,0.0,0.0
2025-11-04 05:00:00,851.0,0.0,0.0
2025-11-04 06:00:00,851.0,0.0,0.0
2025-11-04 07:00:00,851.0,71.0,0.08343125734430082
2025-11-04 08:00:00,851.0,36.0,0.04230317273795535
2025-11-04 09:00:00,851.0,0.0,0.0
2025-11-04 10:00:00,851.0,0.0,0.0
2025-11-04 11:00:00,851.0,0.0,0.0
2025-11-04 12:00:00,851.0,0.0,0.0
2025-11-04 13:00:00,851.0,0.0,0.0
2025-11-04 14:00:00,851.0,0.0,0.0
2025-11-04 15:00:00,851.0,1.0,0.0011750881316098707
2025-11-04 16:00:00,851.0,51.0,0.05992949471210341
2025-11-04 17:00:00,851.0,259.0,0.30434782608695654
2025-11-04 18:00:00,851.0,146.0,0.17156286721504113
2025-11-04 19:00:00,851.0,195.0,0.2291421856639248
2025-11-04 20:00:00,851.0,98.0,0.11515863689776733
2025-11-04 21:00:00,851.0,1.0,0.0011750881316098707
2025-11-04 22:00:00,851.0,3.0,0.0035252643948296123
2025-11-04 23:00:00,851.0,0.0,0.0
2025-11-05 00:00:00,851.0,0.0,0.0
2025-11-05 01:00:00,851.0,0.0,0.0
2025-11-05 02:00:00,851.0,0.0,0.0
2025-11-05 03:00:00,851.0,0.0,0.0
2025-11-05 04:00:00,851.0,0.0,0.0
2025-11-05 05:00:00,851.0,0.0,0.0
2025-11-05 06:00:00,851.0,11.0,0.012925969447708578
2025-11-05 07:00:00,851.0,36.0,0.04230317273795535
2025-11-05 08:00:00,851.0,0.0,0.0
2025-11-05 09:00:00,851.0,0.0,0.0
2025-11-05 10:00:00,851.0,151.0,0.17743830787309048
2025-11-05 11:00:00,851.0,227.0,0.26674500587544064
2025-11-05 12:00:00,851.0,33.0,0.038777908343125736
2025-11-05 13:00:00,851.0,42.0,0.04935370152761457
2025-11-05 14:00:00,851.0,12.0,0.01410105757931845
2025-11-05 15:00:00,851.0,12.0,0.01410105757931845
2025-11-05 16:00:00,851.0,4.0,0.004700352526439483
2025-11-05 17:00:00,851.0,22.0,0.025851938895417155
2025-11-05 18:00:00,851.0,1.0,0.0011750881316098707
2025-11-05 19:00:00,851.0,0.0,0.0
2025-11-05 20:00:00,851.0,85.0,0.099882491186839
2025-11-05 21:00:00,851.0,119.0,0.1398354876615746
2025-11-05 22:00:00,851.0,1.0,0.0011750881316098707
2025-11-05 23:00:00,851.0,0.0,0.0
2025-11-06 00:00:00,851.0,0.0,0.0
2025-11-06 01:00:00,851.0,0.0,0.0
2025-11-06 02:00:00,851.0,0.0,0.0
2025-11-06 03:00:00,851.0,0.0,0.0
2025-11-06 04:00:00,851.0,0.0,0.0
2025-11-06 05:00:00,851.0,0.0,0.0
2025-11-06 06:00:00,851.0,99.0,0.11633372502937721
2025-11-06 07:00:00,851.0,91.0,0.10693301997649823
2025-11-06 08:00:00,851.0,28.0,0.03290246768507638
2025-11-06 09:00:00,851.0,3.0,0.0035252643948296123
2025-11-06 10:00:00,851.0,0.0,0.0
2025-11-06 11:00:00,851.0,7.0,0.008225616921269096
2025-11-06 12:00:00,851.0,89.0,0.1045828437132785
2025-11-06 13:00:00,851.0,43.0,0.05052878965922444
2025-11-06 14:00:00,851.0,0.0,0.0
2025-11-06 15:00:00,851.0,59.0,0.06933019976498238
2025-11-06 16:00:00,851.0,285.0,0.33490011750881316
2025-11-06 17:00:00,851.0,339.0,0.3983548766157462
2025-11-06 18:00:00,851.0,148.0,0.17391304347826086
2025-11-06 19:00:00,601.0,110.0,0.18302828618968386
2025-11-06 20:00:00,601.0,1.0,0.0016638935108153079
2025-11-06 21:00:00,851.0,5.0,0.005875440658049354
2025-11-06 22:00:00,851.0,0.0,0.0
2025-11-06 23:00:00,851.0,0.0,0.0
2025-11-07 00:00:00,851.0,0.0,0.0
2025-11-07 01:00:00,851.0,0.0,0.0
2025-11-07 02:00:00,851.0,0.0,0.0
2025-11-07 03:00:00,851.0,0.0,0.0
2025-11-07 04:00:00,851.0,0.0,0.0
2025-11-07 05:00:00,851.0,0.0,0.0
2025-11-07 06:00:00,851.0,0.0,0.0
2025-11-07 07:00:00,851.0,2.0,0.0023501762632197414
2025-11-07 08:00:00,851.0,1.0,0.0011750881316098707
2025-11-07 09:00:00,851.0,0.0,0.0
2025-11-07 10:00:00,851.0,0.0,0.0
2025-11-07 11:00:00,851.0,6.0,0.007050528789659225
2025-11-07 12:00:00,851.0,4.0,0.004700352526439483
2025-11-07 13:00:00,851.0,73.0,0.08578143360752057
2025-11-07 14:00:00,851.0,77.0,0.09048178613396005
2025-11-07 15:00:00,851.0,8.0,0.009400705052878966
2025-11-07 16:00:00,851.0,175.0,0.2056404230317274
2025-11-07 17:00:00,851.0,88.0,0.10340775558166862
2025-11-07 18:00:00,851.0,78.0,0.09165687426556991
2025-11-07 19:00:00,851.0,0.0,0.0
2025-11-07 20:00:00,851.0,1.0,0.0011750881316098707
2025-11-07 21:00:00,851.0,1.0,0.0011750881316098707
2025-11-07 22:00:00,851.0,13.0,0.01527614571092832
2025-11-07 23:00:00,851.0,96.0,0.1128084606345476
2025-11-08 00:00:00,851.0,0.0,0.0
2025-11-08 01:00:00,851.0,28.0,0.03290246768507638
2025-11-08 02:00:00,851.0,0.0,0.0
2025-11-08 03:00:00,851.0,0.0,0.0
2025-11-08 04:00:00,851.0,0.0,0.0
2025-11-08 05:00:00,851.0,0.0,0.0
2025-11-08 06:00:00,851.0,0.0,0.0
2025-11-08 07:00:00,851.0,0.0,0.0
2025-11-08 08:00:00,851.0,13.0,0.01527614571092832
2025-11-08 09:00:00,851.0,9.0,0.010575793184488837
2025-11-08 10:00:00,851.0,79.0,0.09283196239717979
2025-11-08 11:00:00,851.0,88.0,0.10340775558166862
2025-11-08 12:00:00,851.0,80.0,0.09400705052878966
2025-11-08 13:00:00,851.0,0.0,0.0
2025-11-08 14:00:00,851.0,0.0,0.0
2025-11-08 15:00:00,851.0,5.0,0.005875440658049354
2025-11-08 16:00:00,851.0,145.0,0.17038777908343125
2025-11-08 17:00:00,851.0,279.0,0.32784958871915393
2025-11-08 18:00:00,851.0,171.0,0.2009400705052879
2025-11-08 19:00:00,851.0,120.0,0.1410105757931845
2025-11-08 20:00:00,851.0,25.0,0.02937720329024677
2025-11-08 21:00:00,851.0,75.0,0.0881316098707403
2025-11-08 22:00:00,851.0,85.0,0.099882491186839
2025-11-08 23:00:00,851.0,16.0,0.01880141010575793
2025-11-09 00:00:00,851.0,71.0,0.08343125734430082
2025-11-09 01:00:00,851.0,32.0,0.03760282021151586
2025-11-09 02:00:00,851.0,0.0,0.0
2025-11-09 03:00:00,851.0,0.0,0.0
2025-11-09 04:00:00,851.0,0.0,0.0
2025-11-09 05:00:00,851.0,0.0,0.0
2025-11-09 06:00:00,851.0,0.0,0.0
2025-11-09 07:00:00,851.0,0.0,0.0
2025-11-09 08:00:00,851.0,0.0,0.0
2025-11-09 09:00:00,851.0,53.0,0.06227967097532315
2025-11-09 10:00:00,851.0,0.0,0.0
2025-11-09 11:00:00,851.0,5.0,0.005875440658049354
2025-11-09 12:00:00,851.0,21.0,0.024676850763807285
2025-11-09 13:00:00,851.0,23.0,0.02702702702702703
2025-11-09 14:00:00,851.0,72.0,0.0846063454759107
2025-11-09 15:00:00,851.0,82.0,0.0963572267920094
2025-11-09 16:00:00,851.0,220.0,0.25851938895417154
2025-11-09 17:00:00,851.0,200.0,0.23501762632197415
2025-11-09 18:00:00,851.0,123.0,0.1445358401880141
2025-11-09 19:00:00,851.0,6.0,0.007050528789659225
2025-11-09 20:00:00,851.0,61.0,0.07168037602820211
2025-11-09 21:00:00,851.0,101.0,0.11868390129259694
2025-11-09 22:00:00,851.0,9.0,0.010575793184488837
2025-11-09 23:00:00,851.0,0.0,0.0
2025-11-10 00:00:00,851.0,0.0,0.0
2025-11-10 01:00:00,851.0,0.0,0.0
2025-11-10 02:00:00,851.0,0.0,0.0
2025-11-10 03:00:00,851.0,0.0,0.0
2025-11-10 04:00:00,851.0,0.0,0.0
2025-11-10 05:00:00,851.0,0.0,0.0
2025-11-10 06:00:00,851.0,0.0,0.0
2025-11-10 07:00:00,851.0,52.0,0.06110458284371328
2025-11-10 08:00:00,851.0,195.0,0.2291421856639248
2025-11-10 09:00:00,851.0,251.0,0.29494712103407755
2025-11-10 10:00:00,851.0,213.0,0.2502937720329025
2025-11-10 11:00:00,851.0,91.0,0.10693301997649823
2025-11-10 12:00:00,851.0,45.0,0.052878965922444184
2025-11-10 13:00:00,851.0,95.0,0.11163337250293771
2025-11-10 14:00:00,851.0,85.0,0.099882491186839
2025-11-10 15:00:00,601.0,0.0,0.0
2025-11-10 16:00:00,851.0,0.0,0.0
2025-11-10 17:00:00,851.0,0.0,0.0
2025-11-10 18:00:00,851.0,0.0,0.0
2025-11-10 19:00:00,851.0,0.0,0.0
2025-11-10 20:00:00,851.0,0.0,0.0
2025-11-10 21:00:00,851.0,0.0,0.0
2025-11-10 22:00:00,851.0,0.0,0.0
2025-11-10 23:00:00,851.0,0.0,0.0
2025-11-11 00:00:00,851.0,0.0,0.0
2025-11-11 01:00:00,851.0,0.0,0.0
2025-11-11 02:00:00,851.0,0.0,0.0
2025-11-11 03:00:00,851.0,0.0,0.0
2025-11-11 04:00:00,851.0,0.0,0.0
2025-11-11 05:00:00,851.0,0.0,0.0
2025-11-11 06:00:00,851.0,66.0,0.07755581668625147
2025-11-11 07:00:00,851.0,89.0,0.1045828437132785
2025-11-11 08:00:00,851.0,2.0,0.0023501762632197414
2025-11-11 09:00:00,851.0,40.0,0.04700352526439483
2025-11-11 10:00:00,851.0,40.0,0.04700352526439483
2025-11-11 11:00:00,851.0,29.0,0.03407755581668625
2025-11-11 12:00:00,851.0,38.0,0.04465334900117509
2025-11-11 13:00:00,851.0,4.0,0.004700352526439483
2025-11-11 14:00:00,851.0,11.0,0.012925969447708578
2025-11-11 15:00:00,851.0,53.0,0.06227967097532315
2025-11-11 16:00:00,851.0,79.0,0.09283196239717979
2025-11-11 17:00:00,851.0,184.0,0.21621621621621623
2025-11-11 18:00:00,851.0,170.0,0.199764982373678
2025-11-11 19:00:00,851.0,79.0,0.09283196239717979
2025-11-11 20:00:00,851.0,39.0,0.045828437132784956
2025-11-11 21:00:00,851.0,0.0,0.0
2025-11-11 22:00:00,851.0,0.0,0.0
2025-11-11 23:00:00,851.0,0.0,0.0
2025-11-12 00:00:00,851.0,0.0,0.0
2025-11-12 01:00:00,851.0,0.0,0.0
2025-11-12 02:00:00,851.0,0.0,0.0
2025-11-12 03:00:00,851.0,0.0,0.0
2025-11-12 04:00:00,851.0,0.0,0.0
2025-11-12 05:00:00,851.0,0.0,0.0
2025-11-12 06:00:00,851.0,5.0,0.005875440658049354
2025-11-12 07:00:00,851.0,54.0,0.06345475910693302
2025-11-12 08:00:00,851.0,4.0,0.004700352526439483
2025-11-12 09:00:00,851.0,0.0,0.0
2025-11-12 10:00:00,851.0,0.0,0.0
2025-11-12 11:00:00,851.0,47.0,0.055229142185663924
2025-11-12 12:00:00,851.0,0.0,0.0
2025-11-12 13:00:00,851.0,0.0,0.0
2025-11-12 14:00:00,851.0,0.0,0.0
2025-11-12 15:00:00,851.0,0.0,0.0
2025-11-12 16:00:00,851.0,52.0,0.06110458284371328
2025-11-12 17:00:00,796.0,82.0,0.10301507537688442
2025-11-12 18:00:00,796.0,6.0,0.007537688442211055
2025-11-12 19:00:00,796.0,1.0,0.001256281407035176
2025-11-12 20:00:00,796.0,0.0,0.0
2025-11-12 21:00:00,796.0,203.0,0.2550251256281407
2025-11-12 22:00:00,796.0,88.0,0.11055276381909548
2025-11-12 23:00:00,796.0,0.0,0.0
2025-11-13 00:00:00,796.0,0.0,0.0
2025-11-13 01:00:00,796.0,0.0,0.0
2025-11-13 02:00:00,796.0,0.0,0.0
2025-11-13 03:00:00,796.0,0.0,0.0
2025-11-13 04:00:00,796.0,0.0,0.0
2025-11-13 05:00:00,796.0,0.0,0.0
2025-11-13 06:00:00,796.0,18.0,0.022613065326633167
2025-11-13 07:00:00,796.0,70.0,0.08793969849246232
2025-11-13 08:00:00,796.0,41.0,0.05150753768844221
2025-11-13 09:00:00,796.0,3.0,0.0037688442211055275
2025-11-13 10:00:00,796.0,0.0,0.0
2025-11-13 11:00:00,796.0,0.0,0.0
2025-11-13 12:00:00,796.0,0.0,0.0
2025-11-13 13:00:00,796.0,0.0,0.0
2025-11-13 14:00:00,796.0,0.0,0.0
2025-11-13 15:00:00,796.0,82.0,0.10301507537688442
2025-11-13 16:00:00,796.0,258.0,0.3241206030150754
2025-11-13 17:00:00,796.0,229.0,0.2876884422110553
2025-11-13 18:00:00,796.0,208.0,0.2613065326633166
2025-11-13 19:00:00,796.0,145.0,0.18216080402010051
2025-11-13 20:00:00,796.0,60.0,0.07537688442211055
2025-11-13 21:00:00,546.0,90.0,0.16483516483516483
2025-11-13 22:00:00,546.0,0.0,0.0
2025-11-13 23:00:00,796.0,0.0,0.0
2025-11-14 00:00:00,796.0,0.0,0.0
2025-11-14 01:00:00,796.0,0.0,0.0
2025-11-14 02:00:00,796.0,0.0,0.0
2025-11-14 03:00:00,796.0,0.0,0.0
2025-11-14 04:00:00,796.0,0.0,0.0
2025-11-14 05:00:00,796.0,0.0,0.0
2025-11-14 06:00:00,796.0,0.0,0.0
2025-11-14 07:00:00,796.0,88.0,0.11055276381909548
2025-11-14 08:00:00,796.0,70.0,0.08793969849246232
2025-11-14 09:00:00,796.0,87.0,0.1092964824120603
2025-11-14 10:00:00,796.0,83.0,0.10427135678391959
2025-11-14 11:00:00,796.0,63.0,0.07914572864321608
2025-11-14 12:00:00,796.0,41.0,0.05150753768844221
2025-11-14 13:00:00,796.0,1.0,0.001256281407035176
2025-11-14 14:00:00,796.0,3.0,0.0037688442211055275
2025-11-14 15:00:00,796.0,44.0,0.05527638190954774
2025-11-14 16:00:00,796.0,86.0,0.10804020100502512
2025-11-14 17:00:00,796.0,72.0,0.09045226130653267
2025-11-14 18:00:00,796.0,67.0,0.08417085427135679
2025-11-14 19:00:00,796.0,39.0,0.048994974874371856
2025-11-14 20:00:00,796.0,91.0,0.114321608040201
2025-11-14 21:00:00,796.0,149.0,0.1871859296482412
2025-11-14 22:00:00,796.0,55.0,0.06909547738693467
2025-11-14 23:00:00,796.0,10.0,0.01256281407035176
2025-11-15 00:00:00,796.0,0.0,0.0
2025-11-15 01:00:00,796.0,0.0,0.0
2025-11-15 02:00:00,796.0,0.0,0.0
2025-11-15 03:00:00,796.0,0.0,0.0
2025-11-15 04:00:00,796.0,0.0,0.0
2025-11-15 05:00:00,796.0,0.0,0.0
2025-11-15 06:00:00,796.0,0.0,0.0
2025-11-15 07:00:00,796.0,0.0,0.0
2025-11-15 08:00:00,796.0,0.0,0.0
2025-11-15 09:00:00,796.0,39.0,0.048994974874371856
2025-11-15 10:00:00,796.0,117.0,0.14698492462311558
2025-11-15 11:00:00,796.0,121.0,0.15201005025125627
2025-11-15 12:00:00,796.0,81.0,0.10175879396984924
2025-11-15 13:00:00,796.0,0.0,0.0
2025-11-15 14:00:00,796.0,0.0,0.0
2025-11-15 15:00:00,796.0,10.0,0.01256281407035176
2025-11-15 16:00:00,796.0,10.0,0.01256281407035176
2025-11-15 17:00:00,796.0,41.0,0.05150753768844221
2025-11-15 18:00:00,796.0,7.0,0.008793969849246231
2025-11-15 19:00:00,796.0,48.0,0.06030150753768844
2025-11-15 20:00:00,796.0,90.0,0.11306532663316583
2025-11-15 21:00:00,796.0,0.0,0.0
2025-11-15 22:00:00,796.0,0.0,0.0
2025-11-15 23:00:00,796.0,0.0,0.0
2025-11-16 00:00:00,796.0,0.0,0.0
2025-11-16 01:00:00,796.0,0.0,0.0
2025-11-16 02:00:00,796.0,0.0,0.0
2025-11-16 03:00:00,796.0,0.0,0.0
2025-11-16 04:00:00,796.0,0.0,0.0
2025-11-16 05:00:00,796.0,0.0,0.0
2025-11-16 06:00:00,796.0,33.0,0.0414572864321608
2025-11-16 07:00:00,796.0,13.0,0.016331658291457288
2025-11-16 08:00:00,796.0,78.0,0.09798994974874371
2025-11-16 09:00:00,796.0,23.0,0.028894472361809045
2025-11-16 10:00:00,796.0,0.0,0.0
2025-11-16 11:00:00,796.0,0.0,0.0
2025-11-16 12:00:00,796.0,6.0,0.007537688442211055
2025-11-16 13:00:00,796.0,0.0,0.0
2025-11-16 14:00:00,796.0,0.0,0.0
2025-11-16 15:00:00,796.0,0.0,0.0
2025-11-16 16:00:00,796.0,0.0,0.0
2025-11-16 17:00:00,796.0,151.0,0.18969849246231155
2025-11-16 18:00:00,796.0,55.0,0.06909547738693467
2025-11-16 19:00:00,796.0,86.0,0.10804020100502512
2025-11-16 20:00:00,796.0,47.0,0.059045226130653265
2025-11-16 21:00:00,796.0,86.0,0.10804020100502512
2025-11-16 22:00:00,796.0,66.0,0.0829145728643216
2025-11-16 23:00:00,796.0,0.0,0.0
2025-11-17 00:00:00,796.0,0.0,0.0
2025-11-17 01:00:00,796.0,0.0,0.0
2025-11-17 02:00:00,796.0,0.0,0.0
2025-11-17 03:00:00,796.0,0.0,0.0
2025-11-17 04:00:00,796.0,0.0,0.0
2025-11-17 05:00:00,796.0,0.0,0.0
2025-11-17 06:00:00,796.0,5.0,0.00628140703517588
2025-11-17 07:00:00,796.0,59.0,0.07412060301507538
2025-11-17 08:00:00,796.0,57.0,0.07160804020100503
2025-11-17 09:00:00,796.0,62.0,0.07788944723618091
2025-11-17 10:00:00,796.0,2.0,0.002512562814070352
2025-11-17 11:00:00,796.0,0.0,0.0
2025-11-17 12:00:00,796.0,0.0,0.0
2025-11-17 13:00:00,796.0,0.0,0.0
2025-11-17 14:00:00,796.0,0.0,0.0
2025-11-17 15:00:00,796.0,52.0,0.06532663316582915
2025-11-17 16:00:00,796.0,188.0,0.23618090452261306
2025-11-17 17:00:00,796.0,205.0,0.25753768844221103
2025-11-17 18:00:00,796.0,114.0,0.14321608040201006
2025-11-17 19:00:00,796.0,126.0,0.15829145728643215
2025-11-17 20:00:00,796.0,189.0,0.23743718592964824
2025-11-17 21:00:00,546.0,21.0,0.038461538461538464
2025-11-17 22:00:00,796.0,0.0,0.0
2025-11-17 23:00:00,796.0,0.0,0.0
2025-11-18 00:00:00,796.0,0.0,0.0
2025-11-18 01:00:00,796.0,0.0,0.0
2025-11-18 02:00:00,796.0,0.0,0.0
2025-11-18 03:00:00,796.0,0.0,0.0
2025-11-18 04:00:00,796.0,0.0,0.0
2025-11-18 05:00:00,796.0,0.0,0.0
2025-11-18 06:00:00,796.0,0.0,0.0
2025-11-18 07:00:00,796.0,0.0,0.0
2025-11-18 08:00:00,796.0,0.0,0.0
2025-11-18 09:00:00,796.0,0.0,0.0
2025-11-18 10:00:00,796.0,0.0,0.0
2025-11-18 11:00:00,796.0,0.0,0.0
2025-11-18 12:00:00,796.0,0.0,0.0
2025-11-18 13:00:00,796.0,0.0,0.0
2025-11-18 14:00:00,796.0,0.0,0.0
2025-11-18 15:00:00,796.0,1.0,0.001256281407035176
2025-11-18 16:00:00,801.0,202.0,0.25218476903870163
2025-11-18 17:00:00,801.0,312.0,0.3895131086142322
2025-11-18 18:00:00,801.0,321.0,0.40074906367041196
2025-11-18 19:00:00,801.0,324.0,0.4044943820224719
2025-11-18 20:00:00,801.0,202.0,0.25218476903870163
2025-11-18 21:00:00,851.0,25.0,0.02937720329024677
2025-11-18 22:00:00,851.0,14.0,0.01645123384253819
2025-11-18 23:00:00,851.0,0.0,0.0
2025-11-19 00:00:00,851.0,0.0,0.0
2025-11-19 01:00:00,851.0,0.0,0.0
2025-11-19 02:00:00,851.0,0.0,0.0
2025-11-19 03:00:00,851.0,0.0,0.0
2025-11-19 04:00:00,851.0,0.0,0.0
2025-11-19 05:00:00,851.0,0.0,0.0
2025-11-19 06:00:00,851.0,10.0,0.011750881316098707
2025-11-19 07:00:00,851.0,88.0,0.10340775558166862
2025-11-19 08:00:00,851.0,0.0,0.0
2025-11-19 09:00:00,851.0,0.0,0.0
2025-11-19 10:00:00,851.0,23.0,0.02702702702702703
2025-11-19 11:00:00,851.0,0.0,0.0
2025-11-19 12:00:00,851.0,0.0,0.0
2025-11-19 13:00:00,851.0,0.0,0.0
2025-11-19 14:00:00,851.0,1.0,0.0011750881316098707
2025-11-19 15:00:00,851.0,35.0,0.041128084606345476
2025-11-19 16:00:00,851.0,169.0,0.19858989424206816
2025-11-19 17:00:00,851.0,190.0,0.22326674500587543
2025-11-19 18:00:00,851.0,35.0,0.041128084606345476
2025-11-19 19:00:00,851.0,181.0,0.21269095182138661
2025-11-19 20:00:00,851.0,141.0,0.16568742655699178
2025-11-19 21:00:00,851.0,106.0,0.1245593419506463
2025-11-19 22:00:00,851.0,1.0,0.0011750881316098707
2025-11-19 23:00:00,851.0,0.0,0.0
2025-11-20 00:00:00,851.0,0.0,0.0
2025-11-20 01:00:00,851.0,0.0,0.0
2025-11-20 02:00:00,851.0,0.0,0.0
2025-11-20 03:00:00,851.0,0.0,0.0
2025-11-20 04:00:00,851.0,0.0,0.0
2025-11-20 05:00:00,851.0,0.0,0.0
2025-11-20 06:00:00,851.0,76.0,0.08930669800235018
2025-11-20 07:00:00,851.0,172.0,0.20211515863689777
2025-11-20 08:00:00,851.0,125.0,0.14688601645123384
2025-11-20 09:00:00,851.0,104.0,0.12220916568742655
2025-11-20 10:00:00,851.0,126.0,0.14806110458284372
2025-11-20 11:00:00,851.0,82.0,0.0963572267920094
2025-11-20 12:00:00,851.0,121.0,0.14218566392479437
2025-11-20 13:00:00,851.0,4.0,0.004700352526439483
2025-11-20 14:00:00,851.0,0.0,0.0
2025-11-20 15:00:00,851.0,57.0,0.06698002350176263
2025-11-20 16:00:00,851.0,58.0,0.0681551116333725
2025-11-20 17:00:00,851.0,269.0,0.31609870740305523
2025-11-20 18:00:00,601.0,167.0,0.2778702163061564
2025-11-20 19:00:00,274.0,87.0,0.3175182481751825
2025-11-20 20:00:00,524.0,0.0,0.0
2025-11-20 21:00:00,524.0,242.0,0.4618320610687023
2025-11-20 22:00:00,851.0,73.0,0.08578143360752057
2025-11-20 23:00:00,851.0,0.0,0.0
2025-11-21 00:00:00,851.0,0.0,0.0
2025-11-21 01:00:00,851.0,0.0,0.0
2025-11-21 02:00:00,851.0,0.0,0.0
2025-11-21 03:00:00,851.0,36.0,0.04230317273795535
2025-11-21 04:00:00,851.0,300.0,0.3525264394829612
2025-11-21 05:00:00,851.0,300.0,0.3525264394829612
2025-11-21 06:00:00,851.0,300.0,0.3525264394829612
2025-11-21 07:00:00,851.0,327.0,0.38425381903642775
2025-11-21 08:00:00,851.0,190.0,0.22326674500587543
2025-11-21 09:00:00,851.0,121.0,0.14218566392479437
2025-11-21 10:00:00,851.0,129.0,0.15158636897767333
2025-11-21 11:00:00,851.0,212.0,0.2491186839012926
2025-11-21 12:00:00,851.0,217.0,0.25499412455934195
2025-11-21 13:00:00,851.0,44.0,0.05170387779083431
2025-11-21 14:00:00,851.0,45.0,0.052878965922444184
2025-11-21 15:00:00,851.0,9.0,0.010575793184488837
2025-11-21 16:00:00,851.0,103.0,0.12103407755581669
2025-11-21 17:00:00,601.0,162.0,0.26955074875207985
2025-11-21 18:00:00,601.0,11.0,0.018302828618968387
2025-11-21 19:00:00,601.0,0.0,0.0
2025-11-21 20:00:00,851.0,0.0,0.0
2025-11-21 21:00:00,851.0,17.0,0.0199764982373678
2025-11-21 22:00:00,851.0,0.0,0.0
2025-11-21 23:00:00,601.0,0.0,0.0
2025-11-22 00:00:00,601.0,0.0,0.0
2025-11-22 01:00:00,851.0,0.0,0.0
2025-11-22 02:00:00,851.0,0.0,0.0
2025-11-22 03:00:00,851.0,0.0,0.0
2025-11-22 04:00:00,851.0,0.0,0.0
2025-11-22 05:00:00,851.0,0.0,0.0
2025-11-22 06:00:00,851.0,25.0,0.02937720329024677
2025-11-22 07:00:00,851.0,7.0,0.008225616921269096
2025-11-22 08:00:00,851.0,2.0,0.0023501762632197414
2025-11-22 09:00:00,851.0,41.0,0.0481786133960047
2025-11-22 10:00:00,851.0,6.0,0.007050528789659225
2025-11-22 11:00:00,851.0,0.0,0.0
2025-11-22 12:00:00,851.0,10.0,0.011750881316098707
2025-11-22 13:00:00,851.0,27.0,0.03172737955346651
2025-11-22 14:00:00,851.0,118.0,0.13866039952996476
2025-11-22 15:00:00,851.0,37.0,0.043478260869565216
2025-11-22 16:00:00,851.0,122.0,0.14336075205640422
2025-11-22 17:00:00,851.0,167.0,0.19623971797884843
2025-11-22 18:00:00,851.0,169.0,0.19858989424206816
2025-11-22 19:00:00,601.0,0.0,0.0
2025-11-22 20:00:00,601.0,85.0,0.14143094841930118
2025-11-22 21:00:00,851.0,0.0,0.0
2025-11-22 22:00:00,851.0,0.0,0.0
2025-11-22 23:00:00,601.0,0.0,0.0
2025-11-23 00:00:00,601.0,0.0,0.0
2025-11-23 01:00:00,851.0,4.0,0.004700352526439483
2025-11-23 02:00:00,851.0,0.0,0.0
2025-11-23 03:00:00,851.0,0.0,0.0
2025-11-23 04:00:00,851.0,0.0,0.0
2025-11-23 05:00:00,851.0,0.0,0.0
2025-11-23 06:00:00,851.0,0.0,0.0
2025-11-23 07:00:00,851.0,0.0,0.0
2025-11-23 08:00:00,851.0,51.0,0.05992949471210341
2025-11-23 09:00:00,851.0,0.0,0.0
2025-11-23 10:00:00,851.0,2.0,0.0023501762632197414
2025-11-23 11:00:00,851.0,0.0,0.0
2025-11-23 12:00:00,851.0,0.0,0.0
2025-11-23 13:00:00,851.0,0.0,0.0
2025-11-23 14:00:00,851.0,1.0,0.0011750881316098707
2025-11-23 15:00:00,851.0,0.0,0.0
2025-11-23 16:00:00,851.0,85.0,0.099882491186839
2025-11-23 17:00:00,851.0,186.0,0.21856639247943596
2025-11-23 18:00:00,851.0,68.0,0.0799059929494712
2025-11-23 19:00:00,851.0,1.0,0.0011750881316098707
2025-11-23 20:00:00,851.0,0.0,0.0
2025-11-23 21:00:00,851.0,0.0,0.0
2025-11-23 22:00:00,851.0,0.0,0.0
2025-11-23 23:00:00,851.0,0.0,0.0
2025-11-24 00:00:00,851.0,0.0,0.0
2025-11-24 01:00:00,851.0,1.0,0.0011750881316098707
2025-11-24 02:00:00,851.0,1.0,0.0011750881316098707
2025-11-24 03:00:00,851.0,1.0,0.0011750881316098707
2025-11-24 04:00:00,851.0,1.0,0.0011750881316098707
2025-11-24 05:00:00,851.0,0.0,0.0
2025-11-24 06:00:00,851.0,53.0,0.06227967097532315
2025-11-24 07:00:00,851.0,239.0,0.2808460634547591
2025-11-24 08:00:00,851.0,138.0,0.16216216216216217
2025-11-24 09:00:00,851.0,4.0,0.004700352526439483
2025-11-24 10:00:00,851.0,7.0,0.008225616921269096
2025-11-24 11:00:00,851.0,7.0,0.008225616921269096
2025-11-24 12:00:00,851.0,0.0,0.0
2025-11-24 13:00:00,851.0,0.0,0.0
2025-11-24 14:00:00,851.0,63.0,0.07403055229142186
2025-11-24 15:00:00,851.0,108.0,0.12690951821386603
2025-11-24 16:00:00,851.0,204.0,0.23971797884841364
2025-11-24 17:00:00,851.0,103.0,0.12103407755581669
2025-11-24 18:00:00,851.0,82.0,0.0963572267920094
2025-11-24 19:00:00,851.0,64.0,0.07520564042303172
2025-11-24 20:00:00,601.0,108.0,0.17970049916805325
2025-11-24 21:00:00,851.0,0.0,0.0
2025-11-24 22:00:00,851.0,0.0,0.0
2025-11-24 23:00:00,851.0,0.0,0.0
2025-11-25 00:00:00,851.0,0.0,0.0
2025-11-25 01:00:00,851.0,0.0,0.0
2025-11-25 02:00:00,851.0,0.0,0.0
2025-11-25 03:00:00,851.0,0.0,0.0
2025-11-25 04:00:00,851.0,0.0,0.0
2025-11-25 05:00:00,851.0,0.0,0.0
2025-11-25 06:00:00,851.0,0.0,0.0
2025-11-25 07:00:00,851.0,29.0,0.03407755581668625
2025-11-25 08:00:00,851.0,1.0,0.0011750881316098707
2025-11-25 09:00:00,851.0,0.0,0.0
2025-11-25 10:00:00,851.0,25.0,0.02937720329024677
2025-11-25 11:00:00,851.0,101.0,0.11868390129259694
2025-11-25 12:00:00,851.0,49.0,0.057579318448883664
2025-11-25 13:00:00,851.0,52.0,0.06110458284371328
2025-11-25 14:00:00,851.0,127.0,0.1492361927144536
2025-11-25 15:00:00,851.0,243.0,0.28554641598119856
2025-11-25 16:00:00,851.0,173.0,0.20329024676850763
2025-11-25 17:00:00,851.0,129.0,0.15158636897767333
2025-11-25 18:00:00,851.0,26.0,0.03055229142185664
2025-11-25 19:00:00,851.0,76.0,0.08930669800235018
2025-11-25 20:00:00,601.0,10.0,0.016638935108153077
2025-11-25 21:00:00,851.0,240.0,0.282021151586369
2025-11-25 22:00:00,851.0,27.0,0.03172737955346651
2025-11-25 23:00:00,851.0,1.0,0.0011750881316098707
2025-11-26 00:00:00,851.0,0.0,0.0
2025-11-26 01:00:00,851.0,0.0,0.0
2025-11-26 02:00:00,851.0,0.0,0.0
2025-11-26 03:00:00,851.0,0.0,0.0
2025-11-26 04:00:00,851.0,0.0,0.0
2025-11-26 05:00:00,796.0,0.0,0.0
2025-11-26 06:00:00,796.0,0.0,0.0
2025-11-26 07:00:00,851.0,0.0,0.0
2025-11-26 08:00:00,851.0,0.0,0.0
2025-11-26 09:00:00,851.0,0.0,0.0
2025-11-26 10:00:00,851.0,11.0,0.012925969447708578
2025-11-26 11:00:00,851.0,18.0,0.021151586368977675
2025-11-26 12:00:00,851.0,14.0,0.01645123384253819
2025-11-26 13:00:00,851.0,60.0,0.07050528789659224
2025-11-26 14:00:00,851.0,38.0,0.04465334900117509
2025-11-26 15:00:00,851.0,1.0,0.0011750881316098707
2025-11-26 16:00:00,851.0,16.0,0.01880141010575793
2025-11-26 17:00:00,851.0,48.0,0.0564042303172738
2025-11-26 18:00:00,851.0,0.0,0.0
2025-11-26 19:00:00,851.0,95.0,0.11163337250293771
2025-11-26 20:00:00,851.0,0.0,0.0
2025-11-26 21:00:00,851.0,216.0,0.25381903642773207
2025-11-26 22:00:00,851.0,10.0,0.011750881316098707
2025-11-26 23:00:00,851.0,0.0,0.0
2025-11-27 00:00:00,851.0,0.0,0.0
2025-11-27 01:00:00,851.0,0.0,0.0
2025-11-27 02:00:00,851.0,0.0,0.0
2025-11-27 03:00:00,851.0,268.0,0.31492361927144535
2025-11-27 04:00:00,851.0,300.0,0.3525264394829612
2025-11-27 05:00:00,851.0,300.0,0.3525264394829612
2025-11-27 06:00:00,851.0,300.0,0.3525264394829612
2025-11-27 07:00:00,851.0,169.0,0.19858989424206816
2025-11-27 08:00:00,851.0,0.0,0.0
2025-11-27 09:00:00,851.0,2.0,0.0023501762632197414
2025-11-27 10:00:00,851.0,0.0,0.0
2025-11-27 11:00:00,851.0,6.0,0.007050528789659225
2025-11-27 12:00:00,851.0,1.0,0.0011750881316098707
2025-11-27 13:00:00,851.0,0.0,0.0
2025-11-27 14:00:00,851.0,1.0,0.0011750881316098707
2025-11-27 15:00:00,851.0,0.0,0.0
2025-11-27 16:00:00,851.0,2.0,0.0023501762632197414
2025-11-27 17:00:00,851.0,1.0,0.0011750881316098707
2025-11-27 18:00:00,851.0,1.0,0.0011750881316098707
2025-11-27 19:00:00,851.0,0.0,0.0
2025-11-27 20:00:00,851.0,1.0,0.0011750881316098707
2025-11-27 21:00:00,851.0,177.0,0.20799059929494712
2025-11-27 22:00:00,851.0,51.0,0.05992949471210341
2025-11-27 23:00:00,851.0,3.0,0.0035252643948296123
2025-11-28 00:00:00,851.0,0.0,0.0
2025-11-28 01:00:00,851.0,0.0,0.0
2025-11-28 02:00:00,851.0,1.0,0.0011750881316098707
2025-11-28 03:00:00,851.0,260.0,0.30552291421856637
2025-11-28 04:00:00,851.0,300.0,0.3525264394829612
2025-11-28 05:00:00,851.0,300.0,0.3525264394829612
2025-11-28 06:00:00,851.0,302.0,0.35487661574618096
2025-11-28 07:00:00,851.0,253.0,0.2972972972972973
2025-11-28 08:00:00,851.0,43.0,0.05052878965922444
2025-11-28 09:00:00,851.0,0.0,0.0
2025-11-28 10:00:00,851.0,0.0,0.0
2025-11-28 11:00:00,851.0,0.0,0.0
2025-11-28 12:00:00,851.0,13.0,0.01527614571092832
2025-11-28 13:00:00,851.0,10.0,0.011750881316098707
2025-11-28 14:00:00,851.0,22.0,0.025851938895417155
2025-11-28 15:00:00,851.0,20.0,0.023501762632197415
2025-11-28 16:00:00,851.0,82.0,0.0963572267920094
2025-11-28 17:00:00,851.0,134.0,0.15746180963572268
2025-11-28 18:00:00,851.0,90.0,0.10575793184488837
2025-11-28 19:00:00,851.0,233.0,0.27379553466509987
2025-11-28 20:00:00,851.0,195.0,0.2291421856639248
2025-11-28 21:00:00,851.0,266.0,0.3125734430082256
2025-11-28 22:00:00,851.0,7.0,0.008225616921269096
2025-11-28 23:00:00,851.0,10.0,0.011750881316098707
2025-11-29 00:00:00,851.0,0.0,0.0
2025-11-29 01:00:00,851.0,0.0,0.0
2025-11-29 02:00:00,851.0,0.0,0.0
2025-11-29 03:00:00,851.0,3.0,0.0035252643948296123
2025-11-29 04:00:00,851.0,16.0,0.01880141010575793
2025-11-29 05:00:00,851.0,17.0,0.0199764982373678
2025-11-29 06:00:00,851.0,38.0,0.04465334900117509
2025-11-29 07:00:00,851.0,140.0,0.1645123384253819
2025-11-29 08:00:00,851.0,285.0,0.33490011750881316
2025-11-29 09:00:00,851.0,299.0,0.35135135135135137
2025-11-29 10:00:00,851.0,308.0,0.3619271445358402
2025-11-29 11:00:00,851.0,187.0,0.21974148061104584
2025-11-29 12:00:00,851.0,109.0,0.12808460634547592
2025-11-29 13:00:00,851.0,146.0,0.17156286721504113
2025-11-29 14:00:00,851.0,270.0,0.3172737955346651
2025-11-29 15:00:00,851.0,238.0,0.2796709753231492
2025-11-29 16:00:00,601.0,5.0,0.008319467554076539
2025-11-29 17:00:00,601.0,0.0,0.0
2025-11-29 18:00:00,601.0,0.0,0.0
2025-11-29 19:00:00,601.0,0.0,0.0
2025-11-29 20:00:00,601.0,20.0,0.033277870216306155
2025-11-29 21:00:00,601.0,82.0,0.13643926788685523
2025-11-29 22:00:00,601.0,51.0,0.08485856905158069
2025-11-29 23:00:00,601.0,0.0,0.0
2025-11-30 00:00:00,601.0,0.0,0.0
2025-11-30 01:00:00,601.0,0.0,0.0
2025-11-30 02:00:00,601.0,0.0,0.0
2025-11-30 03:00:00,601.0,1.0,0.0016638935108153079
2025-11-30 04:00:00,601.0,1.0,0.0016638935108153079
2025-11-30 05:00:00,601.0,1.0,0.0016638935108153079
2025-11-30 06:00:00,601.0,0.0,0.0
2025-11-30 07:00:00,601.0,37.0,0.06156405990016639
2025-11-30 08:00:00,851.0,288.0,0.3384253819036428
2025-11-30 09:00:00,851.0,300.0,0.3525264394829612
2025-11-30 10:00:00,851.0,85.0,0.099882491186839
2025-11-30 11:00:00,851.0,26.0,0.03055229142185664
2025-11-30 12:00:00,851.0,267.0,0.3137485311398355
2025-11-30 13:00:00,851.0,42.0,0.04935370152761457
2025-11-30 14:00:00,851.0,2.0,0.0023501762632197414
2025-11-30 15:00:00,851.0,0.0,0.0
2025-11-30 16:00:00,851.0,23.0,0.02702702702702703
2025-11-30 17:00:00,851.0,57.0,0.06698002350176263
2025-11-30 18:00:00,851.0,28.0,0.03290246768507638
2025-11-30 19:00:00,851.0,126.0,0.14806110458284372
2025-11-30 20:00:00,851.0,1.0,0.0011750881316098707
2025-11-30 21:00:00,851.0,212.0,0.2491186839012926
2025-11-30 22:00:00,851.0,21.0,0.024676850763807285
2025-11-30 23:00:00,851.0,0.0,0.0
2025-12-01 00:00:00,851.0,0.0,0.0
2025-12-01 01:00:00,851.0,0.0,0.0
2025-12-01 02:00:00,851.0,2.0,0.0023501762632197414
2025-12-01 03:00:00,851.0,1.0,0.0011750881316098707
2025-12-01 04:00:00,851.0,1.0,0.0011750881316098707
2025-12-01 05:00:00,851.0,0.0,0.0
2025-12-01 06:00:00,851.0,0.0,0.0
2025-12-01 07:00:00,851.0,0.0,0.0
2025-12-01 08:00:00,851.0,0.0,0.0
2025-12-01 09:00:00,851.0,0.0,0.0
2025-12-01 10:00:00,764.0,0.0,0.0
2025-12-01 11:00:00,764.0,1.0,0.0013089005235602095
2025-12-01 12:00:00,764.0,2.0,0.002617801047120419
2025-12-01 13:00:00,764.0,0.0,0.0
2025-12-01 14:00:00,851.0,0.0,0.0
2025-12-01 15:00:00,851.0,0.0,0.0
2025-12-01 16:00:00,851.0,243.0,0.28554641598119856
2025-12-01 17:00:00,851.0,251.0,0.29494712103407755
2025-12-01 18:00:00,851.0,251.0,0.29494712103407755
2025-12-01 19:00:00,851.0,251.0,0.29494712103407755
2025-12-01 20:00:00,601.0,22.0,0.036605657237936774
2025-12-01 21:00:00,601.0,0.0,0.0
2025-12-01 22:00:00,851.0,7.0,0.008225616921269096
2025-12-01 23:00:00,851.0,0.0,0.0
2025-12-02 00:00:00,851.0,0.0,0.0
2025-12-02 01:00:00,851.0,0.0,0.0
2025-12-02 02:00:00,851.0,0.0,0.0
2025-12-02 03:00:00,851.0,0.0,0.0
2025-12-02 04:00:00,851.0,0.0,0.0
2025-12-02 05:00:00,851.0,0.0,0.0
2025-12-02 06:00:00,851.0,0.0,0.0
2025-12-02 07:00:00,851.0,11.0,0.012925969447708578
2025-12-02 08:00:00,851.0,0.0,0.0
2025-12-02 09:00:00,851.0,0.0,0.0
2025-12-02 10:00:00,851.0,0.0,0.0
2025-12-02 11:00:00,851.0,0.0,0.0
2025-12-02 12:00:00,851.0,0.0,0.0
2025-12-02 13:00:00,851.0,0.0,0.0
2025-12-02 14:00:00,851.0,0.0,0.0
2025-12-02 15:00:00,851.0,0.0,0.0
2025-12-02 16:00:00,851.0,244.0,0.28672150411280845
2025-12-02 17:00:00,851.0,251.0,0.29494712103407755
2025-12-02 18:00:00,851.0,251.0,0.29494712103407755
2025-12-02 19:00:00,851.0,251.0,0.29494712103407755
2025-12-02 20:00:00,601.0,22.0,0.036605657237936774
2025-12-02 21:00:00,851.0,0.0,0.0
2025-12-02 22:00:00,851.0,8.0,0.009400705052878966
2025-12-02 23:00:00,851.0,0.0,0.0
2025-12-03 00:00:00,851.0,1.0,0.0011750881316098707
2025-12-03 01:00:00,851.0,0.0,0.0
2025-12-03 02:00:00,851.0,0.0,0.0
2025-12-03 03:00:00,851.0,0.0,0.0
2025-12-03 04:00:00,851.0,0.0,0.0
2025-12-03 05:00:00,851.0,0.0,0.0
2025-12-03 06:00:00,601.0,0.0,0.0
2025-12-03 07:00:00,601.0,0.0,0.0
2025-12-03 08:00:00,601.0,0.0,0.0
2025-12-03 09:00:00,851.0,2.0,0.0023501762632197414
2025-12-03 10:00:00,851.0,33.0,0.038777908343125736
2025-12-03 11:00:00,851.0,58.0,0.0681551116333725
2025-12-03 12:00:00,851.0,53.0,0.06227967097532315
2025-12-03 13:00:00,851.0,78.0,0.09165687426556991
2025-12-03 14:00:00,851.0,100.0,0.11750881316098707
2025-12-03 15:00:00,851.0,101.0,0.11868390129259694
2025-12-03 16:00:00,851.0,66.0,0.07755581668625147
2025-12-03 17:00:00,851.0,48.0,0.0564042303172738
2025-12-03 18:00:00,851.0,199.0,0.23384253819036427
2025-12-03 19:00:00,851.0,159.0,0.18683901292596944
2025-12-03 20:00:00,851.0,435.0,0.5111633372502937
2025-12-03 21:00:00,851.0,325.0,0.381903642773208
2025-12-03 22:00:00,851.0,1.0,0.0011750881316098707
2025-12-03 23:00:00,851.0,0.0,0.0
2025-12-04 00:00:00,851.0,0.0,0.0
2025-12-04 01:00:00,851.0,0.0,0.0
2025-12-04 02:00:00,851.0,0.0,0.0
2025-12-04 03:00:00,851.0,2.0,0.0023501762632197414
2025-12-04 04:00:00,851.0,1.0,0.0011750881316098707
2025-12-04 05:00:00,851.0,1.0,0.0011750881316098707
2025-12-04 06:00:00,851.0,33.0,0.038777908343125736
2025-12-04 07:00:00,851.0,148.0,0.17391304347826086
2025-12-04 08:00:00,851.0,278.0,0.32667450058754405
2025-12-04 09:00:00,851.0,301.0,0.3537015276145711
2025-12-04 10:00:00,851.0,268.0,0.31492361927144535
2025-12-04 11:00:00,851.0,190.0,0.22326674500587543
2025-12-04 12:00:00,851.0,1.0,0.0011750881316098707
2025-12-04 13:00:00,851.0,1.0,0.0011750881316098707
2025-12-04 14:00:00,851.0,1.0,0.0011750881316098707
2025-12-04 15:00:00,851.0,18.0,0.021151586368977675
2025-12-04 16:00:00,851.0,199.0,0.23384253819036427
2025-12-04 17:00:00,851.0,284.0,0.3337250293772033
2025-12-04 18:00:00,851.0,285.0,0.33490011750881316
2025-12-04 19:00:00,851.0,414.0,0.4864864864864865
2025-12-04 20:00:00,851.0,236.0,0.2773207990599295
2025-12-04 21:00:00,851.0,219.0,0.2573443008225617
2025-12-04 22:00:00,851.0,6.0,0.007050528789659225
2025-12-04 23:00:00,851.0,0.0,0.0
2025-12-05 00:00:00,851.0,0.0,0.0
2025-12-05 01:00:00,851.0,0.0,0.0
2025-12-05 02:00:00,851.0,0.0,0.0
2025-12-05 03:00:00,851.0,1.0,0.0011750881316098707
2025-12-05 04:00:00,851.0,0.0,0.0
2025-12-05 05:00:00,851.0,4.0,0.004700352526439483
2025-12-05 06:00:00,851.0,0.0,0.0
2025-12-05 07:00:00,851.0,122.0,0.14336075205640422
2025-12-05 08:00:00,851.0,289.0,0.3396004700352526
2025-12-05 09:00:00,851.0,379.0,0.44535840188014103
2025-12-05 10:00:00,851.0,77.0,0.09048178613396005
2025-12-05 11:00:00,851.0,40.0,0.04700352526439483
2025-12-05 12:00:00,851.0,0.0,0.0
2025-12-05 13:00:00,851.0,0.0,0.0
2025-12-05 14:00:00,851.0,0.0,0.0
2025-12-05 15:00:00,851.0,9.0,0.010575793184488837
2025-12-05 16:00:00,851.0,111.0,0.13043478260869565
2025-12-05 17:00:00,851.0,200.0,0.23501762632197415
2025-12-05 18:00:00,851.0,147.0,0.172737955346651
2025-12-05 19:00:00,851.0,100.0,0.11750881316098707
2025-12-05 20:00:00,851.0,24.0,0.0282021151586369
2025-12-05 21:00:00,851.0,11.0,0.012925969447708578
2025-12-05 22:00:00,851.0,11.0,0.012925969447708578
2025-12-05 23:00:00,851.0,0.0,0.0
2025-12-06 00:00:00,851.0,0.0,0.0
2025-12-06 01:00:00,851.0,0.0,0.0
2025-12-06 02:00:00,851.0,0.0,0.0
2025-12-06 03:00:00,851.0,0.0,0.0
2025-12-06 04:00:00,851.0,0.0,0.0
2025-12-06 05:00:00,851.0,0.0,0.0
2025-12-06 06:00:00,851.0,0.0,0.0
2025-12-06 07:00:00,851.0,1.0,0.0011750881316098707
2025-12-06 08:00:00,851.0,59.0,0.06933019976498238
2025-12-06 09:00:00,851.0,98.0,0.11515863689776733
2025-12-06 10:00:00,851.0,235.0,0.27614571092831963
2025-12-06 11:00:00,851.0,219.0,0.2573443008225617
2025-12-06 12:00:00,851.0,187.0,0.21974148061104584
2025-12-06 13:00:00,851.0,74.0,0.08695652173913043
2025-12-06 14:00:00,851.0,88.0,0.10340775558166862
2025-12-06 15:00:00,851.0,134.0,0.15746180963572268
2025-12-06 16:00:00,851.0,166.0,0.19506462984723855
2025-12-06 17:00:00,851.0,113.0,0.13278495887191538
2025-12-06 18:00:00,851.0,26.0,0.03055229142185664
2025-12-06 19:00:00,851.0,72.0,0.0846063454759107
2025-12-06 20:00:00,851.0,41.0,0.0481786133960047
2025-12-06 21:00:00,601.0,56.0,0.09317803660565724
2025-12-06 22:00:00,601.0,0.0,0.0
2025-12-06 23:00:00,851.0,0.0,0.0
2025-12-07 00:00:00,851.0,0.0,0.0
2025-12-07 01:00:00,851.0,0.0,0.0
2025-12-07 02:00:00,851.0,0.0,0.0
2025-12-07 03:00:00,851.0,0.0,0.0
2025-12-07 04:00:00,851.0,0.0,0.0
2025-12-07 05:00:00,851.0,0.0,0.0
2025-12-07 06:00:00,851.0,66.0,0.07755581668625147
2025-12-07 07:00:00,851.0,66.0,0.07755581668625147
2025-12-07 08:00:00,851.0,66.0,0.07755581668625147
2025-12-07 09:00:00,851.0,155.0,0.18213866039952997
2025-12-07 10:00:00,851.0,188.0,0.2209165687426557
2025-12-07 11:00:00,851.0,126.0,0.14806110458284372
2025-12-07 12:00:00,851.0,82.0,0.0963572267920094
2025-12-07 13:00:00,851.0,50.0,0.05875440658049354
2025-12-07 14:00:00,851.0,31.0,0.036427732079905996
2025-12-07 15:00:00,851.0,7.0,0.008225616921269096
2025-12-07 16:00:00,851.0,1.0,0.0011750881316098707
2025-12-07 17:00:00,851.0,57.0,0.06698002350176263
2025-12-07 18:00:00,601.0,165.0,0.27454242928452577
2025-12-07 19:00:00,601.0,115.0,0.1913477537437604
2025-12-07 20:00:00,851.0,0.0,0.0
2025-12-07 21:00:00,851.0,11.0,0.012925969447708578
2025-12-07 22:00:00,851.0,0.0,0.0
2025-12-07 23:00:00,851.0,0.0,0.0
2025-12-08 00:00:00,851.0,0.0,0.0
2025-12-08 01:00:00,851.0,0.0,0.0
2025-12-08 02:00:00,851.0,0.0,0.0
2025-12-08 03:00:00,851.0,0.0,0.0
2025-12-08 04:00:00,851.0,0.0,0.0
2025-12-08 05:00:00,851.0,0.0,0.0
2025-12-08 06:00:00,851.0,0.0,0.0
2025-12-08 07:00:00,851.0,8.0,0.009400705052878966
2025-12-08 08:00:00,851.0,0.0,0.0
2025-12-08 09:00:00,851.0,0.0,0.0
2025-12-08 10:00:00,851.0,0.0,0.0
2025-12-08 11:00:00,851.0,0.0,0.0
2025-12-08 12:00:00,851.0,0.0,0.0
2025-12-08 13:00:00,851.0,0.0,0.0
2025-12-08 14:00:00,851.0,0.0,0.0
2025-12-08 15:00:00,851.0,0.0,0.0
2025-12-08 16:00:00,851.0,195.0,0.2291421856639248
2025-12-08 17:00:00,851.0,200.0,0.23501762632197415
2025-12-08 18:00:00,851.0,200.0,0.23501762632197415
2025-12-08 19:00:00,851.0,219.0,0.2573443008225617
2025-12-08 20:00:00,851.0,99.0,0.11633372502937721
2025-12-08 21:00:00,601.0,139.0,0.23128119800332778
2025-12-08 22:00:00,851.0,136.0,0.1598119858989424
2025-12-08 23:00:00,851.0,4.0,0.004700352526439483
2025-12-09 00:00:00,851.0,0.0,0.0
2025-12-09 01:00:00,851.0,0.0,0.0
2025-12-09 02:00:00,851.0,0.0,0.0
2025-12-09 03:00:00,851.0,0.0,0.0
2025-12-09 04:00:00,851.0,0.0,0.0
2025-12-09 05:00:00,851.0,0.0,0.0
2025-12-09 06:00:00,851.0,0.0,0.0
2025-12-09 07:00:00,851.0,233.0,0.27379553466509987
2025-12-09 08:00:00,851.0,172.0,0.20211515863689777
2025-12-09 09:00:00,851.0,135.0,0.15863689776733256
2025-12-09 10:00:00,851.0,178.0,0.209165687426557
2025-12-09 11:00:00,851.0,137.0,0.1609870740305523
2025-12-09 12:00:00,851.0,180.0,0.21151586368977673
2025-12-09 13:00:00,601.0,24.0,0.03993344425956739
2025-12-09 14:00:00,851.0,0.0,0.0
2025-12-09 15:00:00,851.0,0.0,0.0
2025-12-09 16:00:00,851.0,151.0,0.17743830787309048
2025-12-09 17:00:00,851.0,105.0,0.12338425381903642
2025-12-09 18:00:00,851.0,47.0,0.055229142185663924
2025-12-09 19:00:00,851.0,162.0,0.19036427732079905
2025-12-09 20:00:00,719.0,36.0,0.05006954102920723
2025-12-09 21:00:00,719.0,0.0,0.0
2025-12-09 22:00:00,851.0,18.0,0.021151586368977675
2025-12-09 23:00:00,851.0,0.0,0.0
2025-12-10 00:00:00,851.0,0.0,0.0
2025-12-10 01:00:00,851.0,0.0,0.0
2025-12-10 02:00:00,851.0,0.0,0.0
2025-12-10 03:00:00,851.0,0.0,0.0
2025-12-10 04:00:00,851.0,0.0,0.0
2025-12-10 05:00:00,851.0,0.0,0.0
2025-12-10 06:00:00,851.0,0.0,0.0
2025-12-10 07:00:00,851.0,120.0,0.1410105757931845
2025-12-10 08:00:00,851.0,8.0,0.009400705052878966
2025-12-10 09:00:00,851.0,85.0,0.099882491186839
2025-12-10 10:00:00,851.0,168.0,0.19741480611045828
2025-12-10 11:00:00,851.0,228.0,0.2679200940070505
2025-12-10 12:00:00,851.0,226.0,0.26556991774383076
2025-12-10 13:00:00,664.0,48.0,0.07228915662650602
2025-12-10 14:00:00,664.0,38.0,0.0572289156626506
2025-12-10 15:00:00,851.0,4.0,0.004700352526439483
2025-12-10 16:00:00,851.0,0.0,0.0
2025-12-10 17:00:00,851.0,7.0,0.008225616921269096
2025-12-10 18:00:00,851.0,2.0,0.0023501762632197414
2025-12-10 19:00:00,851.0,149.0,0.17508813160987075
2025-12-10 20:00:00,851.0,89.0,0.1045828437132785
2025-12-10 21:00:00,851.0,18.0,0.021151586368977675
2025-12-10 22:00:00,851.0,0.0,0.0
2025-12-10 23:00:00,851.0,0.0,0.0
2025-12-11 00:00:00,851.0,0.0,0.0
2025-12-11 01:00:00,851.0,0.0,0.0
2025-12-11 02:00:00,851.0,0.0,0.0
2025-12-11 03:00:00,851.0,0.0,0.0
2025-12-11 04:00:00,851.0,0.0,0.0
2025-12-11 05:00:00,851.0,0.0,0.0
2025-12-11 06:00:00,851.0,1.0,0.0011750881316098707
2025-12-11 07:00:00,851.0,0.0,0.0
2025-12-11 08:00:00,851.0,4.0,0.004700352526439483
2025-12-11 09:00:00,851.0,47.0,0.055229142185663924
2025-12-11 10:00:00,851.0,12.0,0.01410105757931845
2025-12-11 11:00:00,851.0,2.0,0.0023501762632197414
2025-12-11 12:00:00,851.0,0.0,0.0
2025-12-11 13:00:00,851.0,0.0,0.0
2025-12-11 14:00:00,851.0,0.0,0.0
2025-12-11 15:00:00,851.0,0.0,0.0
2025-12-11 16:00:00,851.0,9.0,0.010575793184488837
2025-12-11 17:00:00,851.0,15.0,0.01762632197414806
2025-12-11 18:00:00,851.0,29.0,0.03407755581668625
2025-12-11 19:00:00,851.0,46.0,0.05405405405405406
2025-12-11 20:00:00,851.0,113.0,0.13278495887191538
2025-12-11 21:00:00,851.0,159.0,0.18683901292596944
2025-12-11 22:00:00,851.0,224.0,0.26321974148061106
2025-12-11 23:00:00,851.0,1.0,0.0011750881316098707
2025-12-12 00:00:00,1129.0,0.0,0.0
2025-12-12 01:00:00,1129.0,0.0,0.0
2025-12-12 02:00:00,1129.0,0.0,0.0
2025-12-12 03:00:00,1129.0,0.0,0.0
2025-12-12 04:00:00,1129.0,0.0,0.0
2025-12-12 05:00:00,1129.0,0.0,0.0
2025-12-12 06:00:00,1129.0,0.0,0.0
2025-12-12 07:00:00,1129.0,0.0,0.0
2025-12-12 08:00:00,1129.0,0.0,0.0
2025-12-12 09:00:00,1129.0,14.0,0.012400354295837024
2025-12-12 10:00:00,1129.0,93.0,0.08237378210806023
2025-12-12 11:00:00,1129.0,3.0,0.002657218777679362
2025-12-12 12:00:00,1129.0,0.0,0.0
2025-12-12 13:00:00,1129.0,0.0,0.0
2025-12-12 14:00:00,1129.0,40.0,0.0354295837023915
2025-12-12 15:00:00,1129.0,0.0,0.0
2025-12-12 16:00:00,1129.0,0.0,0.0
2025-12-12 17:00:00,1129.0,4.0,0.00354295837023915
2025-12-12 18:00:00,1129.0,56.0,0.049601417183348095
2025-12-12 19:00:00,1129.0,65.0,0.05757307351638618
2025-12-12 20:00:00,1129.0,84.0,0.07440212577502214
2025-12-12 21:00:00,1129.0,7.0,0.006200177147918512
2025-12-12 22:00:00,1129.0,39.0,0.03454384410983171
2025-12-12 23:00:00,1129.0,3.0,0.002657218777679362
2025-12-13 00:00:00,1129.0,0.0,0.0
2025-12-13 01:00:00,1129.0,0.0,0.0
2025-12-13 02:00:00,1129.0,0.0,0.0
2025-12-13 03:00:00,1129.0,0.0,0.0
2025-12-13 04:00:00,1129.0,0.0,0.0
2025-12-13 05:00:00,1129.0,0.0,0.0
2025-12-13 06:00:00,1129.0,0.0,0.0
2025-12-13 07:00:00,1129.0,1.0,0.0008857395925597874
2025-12-13 08:00:00,1129.0,1.0,0.0008857395925597874
2025-12-13 09:00:00,1129.0,0.0,0.0
2025-12-13 10:00:00,1129.0,53.0,0.046944198405668734
2025-12-13 11:00:00,1129.0,171.0,0.15146147032772364
2025-12-13 12:00:00,1129.0,1.0,0.0008857395925597874
2025-12-13 13:00:00,1129.0,0.0,0.0
2025-12-13 14:00:00,1129.0,0.0,0.0
2025-12-13 15:00:00,1129.0,12.0,0.010628875110717449
2025-12-13 16:00:00,1129.0,29.0,0.025686448184233834
2025-12-13 17:00:00,1129.0,37.0,0.03277236492471213
2025-12-13 18:00:00,1129.0,84.0,0.07440212577502214
2025-12-13 19:00:00,1129.0,63.0,0.05580159433126661
2025-12-13 20:00:00,1129.0,7.0,0.006200177147918512
2025-12-13 21:00:00,1129.0,0.0,0.0
2025-12-13 22:00:00,1129.0,0.0,0.0
2025-12-13 23:00:00,1129.0,23.0,0.02037201062887511
2025-12-14 00:00:00,1129.0,44.0,0.03897254207263064
2025-12-14 01:00:00,1129.0,1.0,0.0008857395925597874
2025-12-14 02:00:00,1129.0,0.0,0.0
2025-12-14 03:00:00,1129.0,0.0,0.0
2025-12-14 04:00:00,1129.0,0.0,0.0
2025-12-14 05:00:00,1129.0,0.0,0.0
2025-12-14 06:00:00,1129.0,0.0,0.0
2025-12-14 07:00:00,1129.0,92.0,0.08148804251550044
2025-12-14 08:00:00,1129.0,23.0,0.02037201062887511
2025-12-14 09:00:00,1129.0,243.0,0.21523472099202834
2025-12-14 10:00:00,1129.0,148.0,0.13108945969884853
2025-12-14 11:00:00,1129.0,9.0,0.007971656333038087
2025-12-14 12:00:00,1129.0,8.0,0.0070859167404783
2025-12-14 13:00:00,1129.0,18.0,0.015943312666076175
2025-12-14 14:00:00,1129.0,1.0,0.0008857395925597874
2025-12-14 15:00:00,1129.0,0.0,0.0
2025-12-14 16:00:00,1129.0,109.0,0.09654561558901682
2025-12-14 17:00:00,1129.0,163.0,0.14437555358724535
2025-12-14 18:00:00,1129.0,209.0,0.18511957484499558
2025-12-14 19:00:00,879.0,168.0,0.19112627986348124
2025-12-14 20:00:00,879.0,61.0,0.06939704209328783
2025-12-14 21:00:00,1129.0,27.0,0.023914968999114262
2025-12-14 22:00:00,1129.0,0.0,0.0
2025-12-14 23:00:00,1129.0,0.0,0.0
2025-12-15 00:00:00,851.0,0.0,0.0
2025-12-15 01:00:00,851.0,0.0,0.0
2025-12-15 02:00:00,851.0,0.0,0.0
2025-12-15 03:00:00,851.0,0.0,0.0
2025-12-15 04:00:00,851.0,0.0,0.0
2025-12-15 05:00:00,851.0,0.0,0.0
2025-12-15 06:00:00,851.0,0.0,0.0
2025-12-15 07:00:00,851.0,71.0,0.08343125734430082
2025-12-15 08:00:00,851.0,27.0,0.03172737955346651
2025-12-15 09:00:00,851.0,20.0,0.023501762632197415
2025-12-15 10:00:00,851.0,35.0,0.041128084606345476
2025-12-15 11:00:00,851.0,43.0,0.05052878965922444
2025-12-15 12:00:00,851.0,27.0,0.03172737955346651
2025-12-15 13:00:00,851.0,13.0,0.01527614571092832
2025-12-15 14:00:00,851.0,0.0,0.0
2025-12-15 15:00:00,851.0,0.0,0.0
2025-12-15 16:00:00,851.0,3.0,0.0035252643948296123
2025-12-15 17:00:00,851.0,3.0,0.0035252643948296123
2025-12-15 18:00:00,851.0,14.0,0.01645123384253819
2025-12-15 19:00:00,851.0,5.0,0.005875440658049354
2025-12-15 20:00:00,851.0,11.0,0.012925969447708578
2025-12-15 21:00:00,851.0,195.0,0.2291421856639248
2025-12-15 22:00:00,851.0,158.0,0.18566392479435959
2025-12-15 23:00:00,851.0,2.0,0.0023501762632197414
2025-12-16 00:00:00,851.0,0.0,0.0
2025-12-16 01:00:00,851.0,0.0,0.0
2025-12-16 02:00:00,851.0,0.0,0.0
2025-12-16 03:00:00,851.0,0.0,0.0
2025-12-16 04:00:00,851.0,0.0,0.0
2025-12-16 05:00:00,851.0,0.0,0.0
2025-12-16 06:00:00,851.0,6.0,0.007050528789659225
2025-12-16 07:00:00,851.0,58.0,0.0681551116333725
2025-12-16 08:00:00,851.0,148.0,0.17391304347826086
2025-12-16 09:00:00,851.0,58.0,0.0681551116333725
2025-12-16 10:00:00,845.0,82.0,0.0970414201183432
2025-12-16 11:00:00,845.0,44.0,0.05207100591715976
2025-12-16 12:00:00,845.0,93.0,0.11005917159763313
2025-12-16 13:00:00,845.0,34.0,0.040236686390532544
2025-12-16 14:00:00,764.0,3.0,0.003926701570680628
2025-12-16 15:00:00,764.0,8.0,0.010471204188481676
2025-12-16 16:00:00,764.0,1.0,0.0013089005235602095
2025-12-16 17:00:00,764.0,1.0,0.0013089005235602095
2025-12-16 18:00:00,764.0,5.0,0.006544502617801047
2025-12-16 19:00:00,764.0,15.0,0.01963350785340314
2025-12-16 20:00:00,764.0,55.0,0.07198952879581152
2025-12-16 21:00:00,764.0,0.0,0.0
2025-12-16 22:00:00,764.0,0.0,0.0
2025-12-16 23:00:00,764.0,0.0,0.0
2025-12-17 00:00:00,764.0,0.0,0.0
2025-12-17 01:00:00,764.0,0.0,0.0
2025-12-17 02:00:00,764.0,1.0,0.0013089005235602095
2025-12-17 03:00:00,764.0,0.0,0.0
2025-12-17 04:00:00,764.0,1.0,0.0013089005235602095
2025-12-17 05:00:00,764.0,0.0,0.0
2025-12-17 06:00:00,764.0,0.0,0.0
2025-12-17 07:00:00,764.0,1.0,0.0013089005235602095
2025-12-17 08:00:00,764.0,1.0,0.0013089005235602095
2025-12-17 09:00:00,764.0,0.0,0.0
2025-12-17 10:00:00,764.0,0.0,0.0
2025-12-17 11:00:00,764.0,0.0,0.0
2025-12-17 12:00:00,764.0,0.0,0.0
2025-12-17 13:00:00,764.0,0.0,0.0
2025-12-17 14:00:00,764.0,1.0,0.0013089005235602095
2025-12-17 15:00:00,764.0,142.0,0.18586387434554974
2025-12-17 16:00:00,764.0,12.0,0.015706806282722512
2025-12-17 17:00:00,764.0,7.0,0.009162303664921465
2025-12-17 18:00:00,764.0,5.0,0.006544502617801047
2025-12-17 19:00:00,764.0,50.0,0.06544502617801047
2025-12-17 20:00:00,764.0,224.0,0.2931937172774869
2025-12-17 21:00:00,764.0,224.0,0.2931937172774869
2025-12-17 22:00:00,764.0,133.0,0.17408376963350786
2025-12-17 23:00:00,764.0,17.0,0.02225130890052356
2025-12-18 00:00:00,764.0,0.0,0.0
2025-12-18 01:00:00,764.0,0.0,0.0
2025-12-18 02:00:00,764.0,0.0,0.0
2025-12-18 03:00:00,764.0,0.0,0.0
2025-12-18 04:00:00,764.0,0.0,0.0
2025-12-18 05:00:00,764.0,0.0,0.0
2025-12-18 06:00:00,764.0,0.0,0.0
2025-12-18 07:00:00,764.0,1.0,0.0013089005235602095
2025-12-18 08:00:00,764.0,0.0,0.0
2025-12-18 09:00:00,764.0,0.0,0.0
2025-12-18 10:00:00,764.0,0.0,0.0
2025-12-18 11:00:00,764.0,0.0,0.0
2025-12-18 12:00:00,764.0,0.0,0.0
2025-12-18 13:00:00,764.0,2.0,0.002617801047120419
2025-12-18 14:00:00,764.0,25.0,0.032722513089005235
2025-12-18 15:00:00,764.0,48.0,0.06282722513089005
2025-12-18 16:00:00,764.0,34.0,0.04450261780104712
2025-12-18 17:00:00,764.0,3.0,0.003926701570680628
2025-12-18 18:00:00,764.0,0.0,0.0
2025-12-18 19:00:00,764.0,10.0,0.013089005235602094
2025-12-18 20:00:00,764.0,5.0,0.006544502617801047
2025-12-18 21:00:00,764.0,163.0,0.21335078534031413
2025-12-18 22:00:00,764.0,302.0,0.39528795811518325
2025-12-18 23:00:00,764.0,0.0,0.0
2025-12-19 00:00:00,764.0,0.0,0.0
2025-12-19 01:00:00,764.0,0.0,0.0
2025-12-19 02:00:00,764.0,26.0,0.034031413612565446
2025-12-19 03:00:00,764.0,7.0,0.009162303664921465
2025-12-19 04:00:00,764.0,0.0,0.0
2025-12-19 05:00:00,764.0,0.0,0.0
2025-12-19 06:00:00,764.0,0.0,0.0
2025-12-19 07:00:00,764.0,0.0,0.0
2025-12-19 08:00:00,764.0,5.0,0.006544502617801047
2025-12-19 09:00:00,764.0,0.0,0.0
2025-12-19 10:00:00,764.0,49.0,0.06413612565445026
2025-12-19 11:00:00,764.0,96.0,0.1256544502617801
2025-12-19 12:00:00,764.0,5.0,0.006544502617801047
2025-12-19 13:00:00,764.0,25.0,0.032722513089005235
2025-12-19 14:00:00,764.0,1.0,0.0013089005235602095
2025-12-19 15:00:00,764.0,0.0,0.0
2025-12-19 16:00:00,764.0,0.0,0.0
2025-12-19 17:00:00,764.0,0.0,0.0
2025-12-19 18:00:00,764.0,0.0,0.0
2025-12-19 19:00:00,764.0,0.0,0.0
2025-12-19 20:00:00,764.0,0.0,0.0
2025-12-19 21:00:00,764.0,0.0,0.0
2025-12-19 22:00:00,764.0,0.0,0.0
2025-12-19 23:00:00,764.0,17.0,0.02225130890052356
2025-12-20 00:00:00,764.0,14.0,0.01832460732984293
2025-12-20 01:00:00,764.0,20.0,0.02617801047120419
2025-12-20 02:00:00,764.0,6.0,0.007853403141361256
2025-12-20 03:00:00,764.0,6.0,0.007853403141361256
2025-12-20 04:00:00,764.0,2.0,0.002617801047120419
2025-12-20 05:00:00,764.0,14.0,0.01832460732984293
2025-12-20 06:00:00,764.0,3.0,0.003926701570680628
2025-12-20 07:00:00,764.0,0.0,0.0
2025-12-20 08:00:00,764.0,0.0,0.0
2025-12-20 09:00:00,764.0,3.0,0.003926701570680628
2025-12-20 10:00:00,764.0,173.0,0.22643979057591623
2025-12-20 11:00:00,764.0,229.0,0.299738219895288
2025-12-20 12:00:00,764.0,346.0,0.45287958115183247
2025-12-20 13:00:00,764.0,117.0,0.1531413612565445
2025-12-20 14:00:00,764.0,5.0,0.006544502617801047
2025-12-20 15:00:00,764.0,2.0,0.002617801047120419
2025-12-20 16:00:00,764.0,1.0,0.0013089005235602095
2025-12-20 17:00:00,764.0,1.0,0.0013089005235602095
2025-12-20 18:00:00,764.0,0.0,0.0
2025-12-20 19:00:00,764.0,1.0,0.0013089005235602095
2025-12-20 20:00:00,764.0,1.0,0.0013089005235602095
2025-12-20 21:00:00,764.0,0.0,0.0
2025-12-20 22:00:00,764.0,0.0,0.0
2025-12-20 23:00:00,764.0,0.0,0.0
2025-12-21 00:00:00,764.0,0.0,0.0
2025-12-21 01:00:00,764.0,0.0,0.0
2025-12-21 02:00:00,764.0,0.0,0.0
2025-12-21 03:00:00,764.0,0.0,0.0
2025-12-21 04:00:00,764.0,16.0,0.020942408376963352
2025-12-21 05:00:00,764.0,4.0,0.005235602094240838
2025-12-21 06:00:00,764.0,1.0,0.0013089005235602095
2025-12-21 07:00:00,764.0,0.0,0.0
2025-12-21 08:00:00,764.0,0.0,0.0
2025-12-21 09:00:00,764.0,0.0,0.0
2025-12-21 10:00:00,764.0,0.0,0.0
2025-12-21 11:00:00,764.0,0.0,0.0
2025-12-21 12:00:00,764.0,1.0,0.0013089005235602095
2025-12-21 13:00:00,764.0,1.0,0.0013089005235602095
2025-12-21 14:00:00,764.0,1.0,0.0013089005235602095
2025-12-21 15:00:00,764.0,7.0,0.009162303664921465
2025-12-21 16:00:00,764.0,18.0,0.02356020942408377
2025-12-21 17:00:00,764.0,14.0,0.01832460732984293
2025-12-21 18:00:00,764.0,41.0,0.05366492146596859
2025-12-21 19:00:00,764.0,9.0,0.011780104712041885
2025-12-21 20:00:00,764.0,55.0,0.07198952879581152
2025-12-21 21:00:00,764.0,103.0,0.13481675392670156
2025-12-21 22:00:00,764.0,227.0,0.29712041884816753
2025-12-21 23:00:00,764.0,128.0,0.16753926701570682
2025-12-22 00:00:00,764.0,0.0,0.0
2025-12-22 01:00:00,764.0,0.0,0.0
2025-12-22 02:00:00,764.0,0.0,0.0
2025-12-22 03:00:00,764.0,0.0,0.0
2025-12-22 04:00:00,764.0,0.0,0.0
2025-12-22 05:00:00,764.0,0.0,0.0
2025-12-22 06:00:00,764.0,0.0,0.0
2025-12-22 07:00:00,764.0,0.0,0.0
2025-12-22 08:00:00,764.0,0.0,0.0
2025-12-22 09:00:00,764.0,0.0,0.0
2025-12-22 10:00:00,764.0,0.0,0.0
2025-12-22 11:00:00,764.0,0.0,0.0
2025-12-22 12:00:00,764.0,0.0,0.0
2025-12-22 13:00:00,764.0,0.0,0.0
2025-12-22 14:00:00,764.0,0.0,0.0
2025-12-22 15:00:00,764.0,0.0,0.0
2025-12-22 16:00:00,764.0,1.0,0.0013089005235602095
2025-12-22 17:00:00,764.0,0.0,0.0
2025-12-22 18:00:00,764.0,0.0,0.0
2025-12-22 19:00:00,764.0,0.0,0.0
2025-12-22 20:00:00,764.0,0.0,0.0
2025-12-22 21:00:00,764.0,73.0,0.09554973821989529
2025-12-22 22:00:00,764.0,49.0,0.06413612565445026
2025-12-22 23:00:00,764.0,0.0,0.0
2025-12-23 00:00:00,764.0,0.0,0.0
2025-12-23 01:00:00,764.0,0.0,0.0
2025-12-23 02:00:00,764.0,0.0,0.0
2025-12-23 03:00:00,764.0,0.0,0.0
2025-12-23 04:00:00,764.0,0.0,0.0
2025-12-23 05:00:00,764.0,0.0,0.0
2025-12-23 06:00:00,764.0,30.0,0.03926701570680628
2025-12-23 07:00:00,764.0,26.0,0.034031413612565446
2025-12-23 08:00:00,764.0,34.0,0.04450261780104712
2025-12-23 09:00:00,764.0,77.0,0.10078534031413612
2025-12-23 10:00:00,764.0,110.0,0.14397905759162305
2025-12-23 11:00:00,764.0,109.0,0.14267015706806283
2025-12-23 12:00:00,764.0,27.0,0.03534031413612566
2025-12-23 13:00:00,764.0,0.0,0.0
2025-12-23 14:00:00,764.0,0.0,0.0
2025-12-23 15:00:00,764.0,0.0,0.0
2025-12-23 16:00:00,764.0,0.0,0.0
2025-12-23 17:00:00,764.0,0.0,0.0
2025-12-23 18:00:00,851.0,0.0,0.0
2025-12-23 19:00:00,851.0,0.0,0.0
2025-12-23 20:00:00,851.0,0.0,0.0
2025-12-23 21:00:00,851.0,0.0,0.0
2025-12-23 22:00:00,851.0,0.0,0.0
2025-12-23 23:00:00,851.0,0.0,0.0
2025-12-24 00:00:00,851.0,0.0,0.0
2025-12-24 01:00:00,851.0,0.0,0.0
2025-12-24 02:00:00,851.0,0.0,0.0
2025-12-24 03:00:00,851.0,0.0,0.0
2025-12-24 04:00:00,851.0,0.0,0.0
2025-12-24 05:00:00,851.0,0.0,0.0
2025-12-24 06:00:00,851.0,0.0,0.0
2025-12-24 07:00:00,851.0,2.0,0.0023501762632197414
2025-12-24 08:00:00,851.0,16.0,0.01880141010575793
2025-12-24 09:00:00,851.0,77.0,0.09048178613396005
2025-12-24 10:00:00,851.0,22.0,0.025851938895417155
2025-12-24 11:00:00,851.0,8.0,0.009400705052878966
2025-12-24 12:00:00,851.0,0.0,0.0
2025-12-24 13:00:00,851.0,1.0,0.0011750881316098707
2025-12-24 14:00:00,851.0,1.0,0.0011750881316098707
2025-12-24 15:00:00,851.0,2.0,0.0023501762632197414
2025-12-24 16:00:00,851.0,27.0,0.03172737955346651
2025-12-24 17:00:00,851.0,31.0,0.036427732079905996
2025-12-24 18:00:00,851.0,10.0,0.011750881316098707
2025-12-24 19:00:00,851.0,0.0,0.0
2025-12-24 20:00:00,851.0,0.0,0.0
2025-12-24 21:00:00,851.0,0.0,0.0
2025-12-24 22:00:00,851.0,0.0,0.0
2025-12-24 23:00:00,851.0,0.0,0.0
2025-12-25 00:00:00,851.0,0.0,0.0
2025-12-25 01:00:00,851.0,0.0,0.0
2025-12-25 02:00:00,851.0,0.0,0.0
2025-12-25 03:00:00,851.0,0.0,0.0
2025-12-25 04:00:00,851.0,0.0,0.0
2025-12-25 05:00:00,851.0,0.0,0.0
2025-12-25 06:00:00,851.0,0.0,0.0
2025-12-25 07:00:00,851.0,0.0,0.0
2025-12-25 08:00:00,851.0,0.0,0.0
2025-12-25 09:00:00,851.0,0.0,0.0
2025-12-25 10:00:00,851.0,0.0,0.0
2025-12-25 11:00:00,851.0,0.0,0.0
2025-12-25 12:00:00,851.0,0.0,0.0
2025-12-25 13:00:00,851.0,0.0,0.0
2025-12-25 14:00:00,851.0,3.0,0.0035252643948296123
2025-12-25 15:00:00,851.0,1.0,0.0011750881316098707
2025-12-25 16:00:00,851.0,54.0,0.06345475910693302
2025-12-25 17:00:00,851.0,182.0,0.21386603995299647
2025-12-25 18:00:00,851.0,90.0,0.10575793184488837
2025-12-25 19:00:00,851.0,151.0,0.17743830787309048
2025-12-25 20:00:00,851.0,94.0,0.11045828437132785
2025-12-25 21:00:00,851.0,214.0,0.25146886016451236
2025-12-25 22:00:00,764.0,282.0,0.36910994764397903
2025-12-25 23:00:00,764.0,111.0,0.14528795811518325
2025-12-26 00:00:00,764.0,0.0,0.0
2025-12-26 01:00:00,851.0,0.0,0.0
2025-12-26 02:00:00,851.0,0.0,0.0
2025-12-26 03:00:00,851.0,0.0,0.0
2025-12-26 04:00:00,851.0,0.0,0.0
2025-12-26 05:00:00,851.0,0.0,0.0
2025-12-26 06:00:00,851.0,0.0,0.0
2025-12-26 07:00:00,851.0,0.0,0.0
2025-12-26 08:00:00,851.0,0.0,0.0
2025-12-26 09:00:00,851.0,0.0,0.0
2025-12-26 10:00:00,851.0,9.0,0.010575793184488837
2025-12-26 11:00:00,851.0,219.0,0.2573443008225617
2025-12-26 12:00:00,851.0,342.0,0.4018801410105758
2025-12-26 13:00:00,851.0,344.0,0.40423031727379555
2025-12-26 14:00:00,851.0,78.0,0.09165687426556991
2025-12-26 15:00:00,601.0,1.0,0.0016638935108153079
2025-12-26 16:00:00,851.0,232.0,0.27262044653349
2025-12-26 17:00:00,851.0,249.0,0.2925969447708578
2025-12-26 18:00:00,851.0,118.0,0.13866039952996476
2025-12-26 19:00:00,851.0,8.0,0.009400705052878966
2025-12-26 20:00:00,851.0,23.0,0.02702702702702703
2025-12-26 21:00:00,851.0,0.0,0.0
2025-12-26 22:00:00,851.0,0.0,0.0
2025-12-26 23:00:00,851.0,9.0,0.010575793184488837
2025-12-27 00:00:00,851.0,0.0,0.0
2025-12-27 01:00:00,851.0,0.0,0.0
2025-12-27 02:00:00,851.0,0.0,0.0
2025-12-27 03:00:00,851.0,0.0,0.0
2025-12-27 04:00:00,851.0,0.0,0.0
2025-12-27 05:00:00,851.0,0.0,0.0
2025-12-27 06:00:00,851.0,0.0,0.0
2025-12-27 07:00:00,851.0,152.0,0.17861339600470036
2025-12-27 08:00:00,851.0,56.0,0.06580493537015276
2025-12-27 09:00:00,851.0,63.0,0.07403055229142186
2025-12-27 10:00:00,851.0,72.0,0.0846063454759107
2025-12-27 11:00:00,851.0,72.0,0.0846063454759107
2025-12-27 12:00:00,851.0,43.0,0.05052878965922444
2025-12-27 13:00:00,851.0,48.0,0.0564042303172738
2025-12-27 14:00:00,851.0,45.0,0.052878965922444184
2025-12-27 15:00:00,851.0,43.0,0.05052878965922444
2025-12-27 16:00:00,851.0,77.0,0.09048178613396005
2025-12-27 17:00:00,851.0,199.0,0.23384253819036427
2025-12-27 18:00:00,851.0,105.0,0.12338425381903642
2025-12-27 19:00:00,851.0,184.0,0.21621621621621623
2025-12-27 20:00:00,601.0,126.0,0.2096505823627288
2025-12-27 21:00:00,851.0,75.0,0.0881316098707403
2025-12-27 22:00:00,851.0,0.0,0.0
2025-12-27 23:00:00,851.0,0.0,0.0
2025-12-28 00:00:00,851.0,0.0,0.0
2025-12-28 01:00:00,851.0,0.0,0.0
2025-12-28 02:00:00,851.0,0.0,0.0
2025-12-28 03:00:00,851.0,0.0,0.0
2025-12-28 04:00:00,851.0,0.0,0.0
2025-12-28 05:00:00,851.0,0.0,0.0
2025-12-28 06:00:00,851.0,0.0,0.0
2025-12-28 07:00:00,851.0,0.0,0.0
2025-12-28 08:00:00,851.0,0.0,0.0
2025-12-28 09:00:00,851.0,0.0,0.0
2025-12-28 10:00:00,851.0,0.0,0.0
2025-12-28 11:00:00,851.0,0.0,0.0
2025-12-28 12:00:00,851.0,174.0,0.2044653349001175
2025-12-28 13:00:00,764.0,212.0,0.2774869109947644
2025-12-28 14:00:00,764.0,9.0,0.011780104712041885
2025-12-28 15:00:00,764.0,55.0,0.07198952879581152
2025-12-28 16:00:00,764.0,0.0,0.0
2025-12-28 17:00:00,764.0,6.0,0.007853403141361256
2025-12-28 18:00:00,851.0,11.0,0.012925969447708578
2025-12-28 19:00:00,851.0,118.0,0.13866039952996476
2025-12-28 20:00:00,851.0,113.0,0.13278495887191538
2025-12-28 21:00:00,851.0,27.0,0.03172737955346651
2025-12-28 22:00:00,851.0,3.0,0.0035252643948296123
2025-12-28 23:00:00,851.0,0.0,0.0
2025-12-29 00:00:00,851.0,0.0,0.0
2025-12-29 01:00:00,851.0,0.0,0.0
2025-12-29 02:00:00,851.0,0.0,0.0
2025-12-29 03:00:00,851.0,0.0,0.0
2025-12-29 04:00:00,851.0,0.0,0.0
2025-12-29 05:00:00,851.0,0.0,0.0
2025-12-29 06:00:00,851.0,0.0,0.0
2025-12-29 07:00:00,851.0,0.0,0.0
2025-12-29 08:00:00,851.0,0.0,0.0
2025-12-29 09:00:00,851.0,0.0,0.0
2025-12-29 10:00:00,851.0,0.0,0.0
2025-12-29 11:00:00,851.0,0.0,0.0
2025-12-29 12:00:00,851.0,0.0,0.0
2025-12-29 13:00:00,851.0,1.0,0.0011750881316098707
2025-12-29 14:00:00,851.0,0.0,0.0
2025-12-29 15:00:00,851.0,2.0,0.0023501762632197414
2025-12-29 16:00:00,851.0,3.0,0.0035252643948296123
2025-12-29 17:00:00,851.0,2.0,0.0023501762632197414
2025-12-29 18:00:00,851.0,0.0,0.0
2025-12-29 19:00:00,851.0,0.0,0.0
2025-12-29 20:00:00,851.0,0.0,0.0
2025-12-29 21:00:00,851.0,0.0,0.0
2025-12-29 22:00:00,851.0,0.0,0.0
2025-12-29 23:00:00,851.0,0.0,0.0
2025-12-30 00:00:00,851.0,0.0,0.0
2025-12-30 01:00:00,851.0,0.0,0.0
2025-12-30 02:00:00,851.0,1.0,0.0011750881316098707
2025-12-30 03:00:00,851.0,0.0,0.0
2025-12-30 04:00:00,851.0,0.0,0.0
2025-12-30 05:00:00,851.0,0.0,0.0
2025-12-30 06:00:00,851.0,0.0,0.0
2025-12-30 07:00:00,851.0,0.0,0.0
2025-12-30 08:00:00,851.0,0.0,0.0
2025-12-30 09:00:00,851.0,0.0,0.0
2025-12-30 10:00:00,851.0,0.0,0.0
2025-12-30 11:00:00,851.0,0.0,0.0
2025-12-30 12:00:00,851.0,0.0,0.0
2025-12-30 13:00:00,851.0,0.0,0.0
2025-12-30 14:00:00,851.0,0.0,0.0
2025-12-30 15:00:00,851.0,0.0,0.0
2025-12-30 16:00:00,851.0,0.0,0.0
2025-12-30 17:00:00,851.0,26.0,0.03055229142185664
2025-12-30 18:00:00,851.0,19.0,0.022326674500587545
2025-12-30 19:00:00,851.0,16.0,0.01880141010575793
2025-12-30 20:00:00,851.0,0.0,0.0
2025-12-30 21:00:00,851.0,0.0,0.0
2025-12-30 22:00:00,851.0,1.0,0.0011750881316098707
2025-12-30 23:00:00,851.0,0.0,0.0
2025-12-31 00:00:00,851.0,0.0,0.0
2025-12-31 01:00:00,851.0,0.0,0.0
2025-12-31 02:00:00,851.0,1.0,0.0011750881316098707
2025-12-31 03:00:00,851.0,1.0,0.0011750881316098707
2025-12-31 04:00:00,851.0,1.0,0.0011750881316098707
2025-12-31 05:00:00,851.0,1.0,0.0011750881316098707
2025-12-31 06:00:00,851.0,1.0,0.0011750881316098707
2025-12-31 07:00:00,851.0,65.0,0.07638072855464159
2025-12-31 08:00:00,851.0,2.0,0.0023501762632197414
2025-12-31 09:00:00,851.0,8.0,0.009400705052878966
2025-12-31 10:00:00,851.0,0.0,0.0
2025-12-31 11:00:00,851.0,8.0,0.009400705052878966
2025-12-31 12:00:00,851.0,0.0,0.0
2025-12-31 13:00:00,851.0,0.0,0.0
2025-12-31 14:00:00,851.0,14.0,0.01645123384253819
2025-12-31 15:00:00,851.0,2.0,0.0023501762632197414
2025-12-31 16:00:00,851.0,0.0,0.0
2025-12-31 17:00:00,851.0,0.0,0.0
2025-12-31 18:00:00,851.0,0.0,0.0
2025-12-31 19:00:00,851.0,0.0,0.0
2025-12-31 20:00:00,851.0,0.0,0.0
2025-12-31 21:00:00,851.0,0.0,0.0
2025-12-31 22:00:00,851.0,0.0,0.0
2025-12-31 23:00:00,851.0,0.0,0.0
